policy,burst_size,time,server_id,active,queue_length,completed
random,30,0,0,0,0,0
random,30,0,1,0,0,0
random,30,0,2,0,0,0
random,30,0.001215113468829894,0,0,0,0
random,30,0.001215113468829894,1,0,0,0
random,30,0.001215113468829894,2,1,0,0
random,30,0.004128261640546147,0,0,0,0
random,30,0.004128261640546147,1,0,0,0
random,30,0.004128261640546147,2,2,0,0
random,30,0.004665312204528059,0,0,0,0
random,30,0.004665312204528059,1,1,0,0
random,30,0.004665312204528059,2,2,0,0
random,30,0.007960051162624611,0,0,0,0
random,30,0.007960051162624611,1,2,0,0
random,30,0.007960051162624611,2,2,0,0
random,30,0.008517454309499255,0,0,0,0
random,30,0.008517454309499255,1,2,0,0
random,30,0.008517454309499255,2,3,0,0
random,30,0.010115218521803342,0,1,0,0
random,30,0.010115218521803342,1,2,0,0
random,30,0.010115218521803342,2,3,0,0
random,30,0.014671556895080432,0,1,0,0
random,30,0.014671556895080432,1,2,0,0
random,30,0.014671556895080432,2,4,0,0
random,30,0.016041749823916065,0,1,0,0
random,30,0.016041749823916065,1,3,0,0
random,30,0.016041749823916065,2,4,0,0
random,30,0.017405538698601133,0,1,0,0
random,30,0.017405538698601133,1,3,0,0
random,30,0.017405538698601133,2,5,0,0
random,30,0.018994172758480636,0,1,0,0
random,30,0.018994172758480636,1,4,0,0
random,30,0.018994172758480636,2,5,0,0
random,30,0.01965167199695387,0,1,0,0
random,30,0.01965167199695387,1,4,0,0
random,30,0.01965167199695387,2,6,0,0
random,30,0.020717013932745772,0,2,0,0
random,30,0.020717013932745772,1,4,0,0
random,30,0.020717013932745772,2,6,0,0
random,30,0.023057160444170513,0,2,0,0
random,30,0.023057160444170513,1,4,0,0
random,30,0.023057160444170513,2,7,0,0
random,30,0.023469116930464246,0,3,0,0
random,30,0.023469116930464246,1,4,0,0
random,30,0.023469116930464246,2,7,0,0
random,30,0.024191552799738975,0,3,0,0
random,30,0.024191552799738975,1,5,0,0
random,30,0.024191552799738975,2,7,0,0
random,30,0.024792506807812673,0,3,0,0
random,30,0.024792506807812673,1,6,0,0
random,30,0.024792506807812673,2,7,0,0
random,30,0.0252832085617588,0,4,0,0
random,30,0.0252832085617588,1,6,0,0
random,30,0.0252832085617588,2,7,0,0
random,30,0.025826271579770424,0,4,0,0
random,30,0.025826271579770424,1,7,0,0
random,30,0.025826271579770424,2,7,0,0
random,30,0.02666883156314775,0,5,0,0
random,30,0.02666883156314775,1,7,0,0
random,30,0.02666883156314775,2,7,0,0
random,30,0.027088295955108442,0,5,0,0
random,30,0.027088295955108442,1,8,0,0
random,30,0.027088295955108442,2,7,0,0
random,30,0.027749194464613495,0,6,0,0
random,30,0.027749194464613495,1,8,0,0
random,30,0.027749194464613495,2,7,0,0
random,30,0.02864820779715134,0,6,0,0
random,30,0.02864820779715134,1,9,0,0
random,30,0.02864820779715134,2,7,0,0
random,30,0.03024207526668936,0,6,0,0
random,30,0.03024207526668936,1,9,0,0
random,30,0.03024207526668936,2,8,0,0
random,30,0.031023962189622056,0,7,0,0
random,30,0.031023962189622056,1,9,0,0
random,30,0.031023962189622056,2,8,0,0
random,30,0.03177098450346101,0,8,0,0
random,30,0.03177098450346101,1,9,0,0
random,30,0.03177098450346101,2,8,0,0
random,30,0.03222420410193807,0,9,0,0
random,30,0.03222420410193807,1,9,0,0
random,30,0.03222420410193807,2,8,0,0
random,30,0.03280783863409479,0,10,0,0
random,30,0.03280783863409479,1,9,0,0
random,30,0.03280783863409479,2,8,0,0
random,30,0.03365076484854424,0,10,0,0
random,30,0.03365076484854424,1,10,0,0
random,30,0.03365076484854424,2,8,0,0
random,30,0.0355180599381949,0,11,0,0
random,30,0.0355180599381949,1,10,0,0
random,30,0.0355180599381949,2,8,0,0
random,30,0.03655446425789028,0,11,0,0
random,30,0.03655446425789028,1,11,0,0
random,30,0.03655446425789028,2,8,0,0
random,30,0.0512151134688299,0,11,0,0
random,30,0.0512151134688299,1,11,0,0
random,30,0.0512151134688299,2,7,0,1
random,30,0.05412826164054615,0,11,0,0
random,30,0.05412826164054615,1,11,0,0
random,30,0.05412826164054615,2,6,0,2
random,30,0.05466531220452806,0,11,0,0
random,30,0.05466531220452806,1,10,0,1
random,30,0.05466531220452806,2,6,0,2
random,30,0.057960051162624614,0,11,0,0
random,30,0.057960051162624614,1,9,0,2
random,30,0.057960051162624614,2,6,0,2
random,30,0.058517454309499256,0,11,0,0
random,30,0.058517454309499256,1,9,0,2
random,30,0.058517454309499256,2,5,0,3
random,30,0.06011521852180335,0,10,0,1
random,30,0.06011521852180335,1,9,0,2
random,30,0.06011521852180335,2,5,0,3
random,30,0.06467155689508043,0,10,0,1
random,30,0.06467155689508043,1,9,0,2
random,30,0.06467155689508043,2,4,0,4
random,30,0.06604174982391607,0,10,0,1
random,30,0.06604174982391607,1,8,0,3
random,30,0.06604174982391607,2,4,0,4
random,30,0.06740553869860114,0,10,0,1
random,30,0.06740553869860114,1,8,0,3
random,30,0.06740553869860114,2,3,0,5
random,30,0.06899417275848063,0,10,0,1
random,30,0.06899417275848063,1,7,0,4
random,30,0.06899417275848063,2,3,0,5
random,30,0.06965167199695388,0,10,0,1
random,30,0.06965167199695388,1,7,0,4
random,30,0.06965167199695388,2,2,0,6
random,30,0.07071701393274578,0,9,0,2
random,30,0.07071701393274578,1,7,0,4
random,30,0.07071701393274578,2,2,0,6
random,30,0.07305716044417052,0,9,0,2
random,30,0.07305716044417052,1,7,0,4
random,30,0.07305716044417052,2,1,0,7
random,30,0.07346911693046425,0,8,0,3
random,30,0.07346911693046425,1,7,0,4
random,30,0.07346911693046425,2,1,0,7
random,30,0.07419155279973898,0,8,0,3
random,30,0.07419155279973898,1,6,0,5
random,30,0.07419155279973898,2,1,0,7
random,30,0.07479250680781267,0,8,0,3
random,30,0.07479250680781267,1,5,0,6
random,30,0.07479250680781267,2,1,0,7
random,30,0.0752832085617588,0,7,0,4
random,30,0.0752832085617588,1,5,0,6
random,30,0.0752832085617588,2,1,0,7
random,30,0.07582627157977043,0,7,0,4
random,30,0.07582627157977043,1,4,0,7
random,30,0.07582627157977043,2,1,0,7
random,30,0.07666883156314776,0,6,0,5
random,30,0.07666883156314776,1,4,0,7
random,30,0.07666883156314776,2,1,0,7
random,30,0.07708829595510844,0,6,0,5
random,30,0.07708829595510844,1,3,0,8
random,30,0.07708829595510844,2,1,0,7
random,30,0.0777491944646135,0,5,0,6
random,30,0.0777491944646135,1,3,0,8
random,30,0.0777491944646135,2,1,0,7
random,30,0.07864820779715134,0,5,0,6
random,30,0.07864820779715134,1,2,0,9
random,30,0.07864820779715134,2,1,0,7
random,30,0.08024207526668936,0,5,0,6
random,30,0.08024207526668936,1,2,0,9
random,30,0.08024207526668936,2,0,0,8
random,30,0.08102396218962206,0,4,0,7
random,30,0.08102396218962206,1,2,0,9
random,30,0.08102396218962206,2,0,0,8
random,30,0.08177098450346101,0,3,0,8
random,30,0.08177098450346101,1,2,0,9
random,30,0.08177098450346101,2,0,0,8
random,30,0.08222420410193806,0,2,0,9
random,30,0.08222420410193806,1,2,0,9
random,30,0.08222420410193806,2,0,0,8
random,30,0.0828078386340948,0,1,0,10
random,30,0.0828078386340948,1,2,0,9
random,30,0.0828078386340948,2,0,0,8
random,30,0.08365076484854425,0,1,0,10
random,30,0.08365076484854425,1,1,0,10
random,30,0.08365076484854425,2,0,0,8
random,30,0.0855180599381949,0,0,0,11
random,30,0.0855180599381949,1,1,0,10
random,30,0.0855180599381949,2,0,0,8
random,30,0.08655446425789029,0,0,0,11
random,30,0.08655446425789029,1,0,0,11
random,30,0.08655446425789029,2,0,0,8
random,60,0,0,0,0,0
random,60,0,1,0,0,0
random,60,0,2,0,0,0
random,60,0.001215113468829894,0,0,0,0
random,60,0.001215113468829894,1,0,0,0
random,60,0.001215113468829894,2,1,0,0
random,60,0.004128261640546147,0,0,0,0
random,60,0.004128261640546147,1,0,0,0
random,60,0.004128261640546147,2,2,0,0
random,60,0.004665312204528059,0,0,0,0
random,60,0.004665312204528059,1,1,0,0
random,60,0.004665312204528059,2,2,0,0
random,60,0.007960051162624611,0,0,0,0
random,60,0.007960051162624611,1,2,0,0
random,60,0.007960051162624611,2,2,0,0
random,60,0.008517454309499255,0,0,0,0
random,60,0.008517454309499255,1,2,0,0
random,60,0.008517454309499255,2,3,0,0
random,60,0.010115218521803342,0,1,0,0
random,60,0.010115218521803342,1,2,0,0
random,60,0.010115218521803342,2,3,0,0
random,60,0.014671556895080432,0,1,0,0
random,60,0.014671556895080432,1,2,0,0
random,60,0.014671556895080432,2,4,0,0
random,60,0.016041749823916065,0,1,0,0
random,60,0.016041749823916065,1,3,0,0
random,60,0.016041749823916065,2,4,0,0
random,60,0.017405538698601133,0,1,0,0
random,60,0.017405538698601133,1,3,0,0
random,60,0.017405538698601133,2,5,0,0
random,60,0.018994172758480636,0,1,0,0
random,60,0.018994172758480636,1,4,0,0
random,60,0.018994172758480636,2,5,0,0
random,60,0.01965167199695387,0,1,0,0
random,60,0.01965167199695387,1,4,0,0
random,60,0.01965167199695387,2,6,0,0
random,60,0.020717013932745772,0,2,0,0
random,60,0.020717013932745772,1,4,0,0
random,60,0.020717013932745772,2,6,0,0
random,60,0.023057160444170513,0,2,0,0
random,60,0.023057160444170513,1,4,0,0
random,60,0.023057160444170513,2,7,0,0
random,60,0.023469116930464246,0,3,0,0
random,60,0.023469116930464246,1,4,0,0
random,60,0.023469116930464246,2,7,0,0
random,60,0.024191552799738975,0,3,0,0
random,60,0.024191552799738975,1,5,0,0
random,60,0.024191552799738975,2,7,0,0
random,60,0.024792506807812673,0,3,0,0
random,60,0.024792506807812673,1,6,0,0
random,60,0.024792506807812673,2,7,0,0
random,60,0.0252832085617588,0,4,0,0
random,60,0.0252832085617588,1,6,0,0
random,60,0.0252832085617588,2,7,0,0
random,60,0.025826271579770424,0,4,0,0
random,60,0.025826271579770424,1,7,0,0
random,60,0.025826271579770424,2,7,0,0
random,60,0.02666883156314775,0,5,0,0
random,60,0.02666883156314775,1,7,0,0
random,60,0.02666883156314775,2,7,0,0
random,60,0.027088295955108442,0,5,0,0
random,60,0.027088295955108442,1,8,0,0
random,60,0.027088295955108442,2,7,0,0
random,60,0.027749194464613495,0,6,0,0
random,60,0.027749194464613495,1,8,0,0
random,60,0.027749194464613495,2,7,0,0
random,60,0.02864820779715134,0,6,0,0
random,60,0.02864820779715134,1,9,0,0
random,60,0.02864820779715134,2,7,0,0
random,60,0.03024207526668936,0,6,0,0
random,60,0.03024207526668936,1,9,0,0
random,60,0.03024207526668936,2,8,0,0
random,60,0.031023962189622056,0,7,0,0
random,60,0.031023962189622056,1,9,0,0
random,60,0.031023962189622056,2,8,0,0
random,60,0.03177098450346101,0,8,0,0
random,60,0.03177098450346101,1,9,0,0
random,60,0.03177098450346101,2,8,0,0
random,60,0.03222420410193807,0,9,0,0
random,60,0.03222420410193807,1,9,0,0
random,60,0.03222420410193807,2,8,0,0
random,60,0.03280783863409479,0,10,0,0
random,60,0.03280783863409479,1,9,0,0
random,60,0.03280783863409479,2,8,0,0
random,60,0.03365076484854424,0,10,0,0
random,60,0.03365076484854424,1,10,0,0
random,60,0.03365076484854424,2,8,0,0
random,60,0.0355180599381949,0,11,0,0
random,60,0.0355180599381949,1,10,0,0
random,60,0.0355180599381949,2,8,0,0
random,60,0.03655446425789028,0,11,0,0
random,60,0.03655446425789028,1,11,0,0
random,60,0.03655446425789028,2,8,0,0
random,60,0.038219761297050056,0,11,0,0
random,60,0.038219761297050056,1,12,0,0
random,60,0.038219761297050056,2,8,0,0
random,60,0.0388949286562753,0,11,0,0
random,60,0.0388949286562753,1,13,0,0
random,60,0.0388949286562753,2,8,0,0
random,60,0.03986098237245089,0,11,0,0
random,60,0.03986098237245089,1,13,0,0
random,60,0.03986098237245089,2,9,0,0
random,60,0.04113218602398598,0,11,0,0
random,60,0.04113218602398598,1,14,0,0
random,60,0.04113218602398598,2,9,0,0
random,60,0.04159505172772695,0,11,0,0
random,60,0.04159505172772695,1,15,0,0
random,60,0.04159505172772695,2,9,0,0
random,60,0.044536888140282956,0,12,0,0
random,60,0.044536888140282956,1,15,0,0
random,60,0.044536888140282956,2,9,0,0
random,60,0.04624837724753691,0,12,0,0
random,60,0.04624837724753691,1,15,0,0
random,60,0.04624837724753691,2,10,0,0
random,60,0.04685575993192696,0,13,0,0
random,60,0.04685575993192696,1,15,0,0
random,60,0.04685575993192696,2,10,0,0
random,60,0.047338491436534284,0,13,0,0
random,60,0.047338491436534284,1,15,0,0
random,60,0.047338491436534284,2,11,0,0
random,60,0.04960352152637996,0,13,0,0
random,60,0.04960352152637996,1,15,1,0
random,60,0.04960352152637996,2,11,0,0
random,60,0.05064841238034682,0,14,0,0
random,60,0.05064841238034682,1,15,1,0
random,60,0.05064841238034682,2,11,0,0
random,60,0.0512151134688299,0,14,0,0
random,60,0.0512151134688299,1,15,1,0
random,60,0.0512151134688299,2,10,0,1
random,60,0.0516815186299943,0,14,0,0
random,60,0.0516815186299943,1,15,1,0
random,60,0.0516815186299943,2,11,0,1
random,60,0.05400656473478522,0,14,0,0
random,60,0.05400656473478522,1,15,2,0
random,60,0.05400656473478522,2,11,0,1
random,60,0.05412826164054615,0,14,0,0
random,60,0.05412826164054615,1,15,2,0
random,60,0.05412826164054615,2,10,0,2
random,60,0.05466531220452806,0,14,0,0
random,60,0.05466531220452806,1,15,1,1
random,60,0.05466531220452806,2,10,0,2
random,60,0.057960051162624614,0,14,0,0
random,60,0.057960051162624614,1,15,0,2
random,60,0.057960051162624614,2,10,0,2
random,60,0.058517454309499256,0,14,0,0
random,60,0.058517454309499256,1,15,0,2
random,60,0.058517454309499256,2,9,0,3
random,60,0.06011521852180335,0,13,0,1
random,60,0.06011521852180335,1,15,0,2
random,60,0.06011521852180335,2,9,0,3
random,60,0.06467155689508043,0,13,0,1
random,60,0.06467155689508043,1,15,0,2
random,60,0.06467155689508043,2,8,0,4
random,60,0.06592686898257027,0,13,0,1
random,60,0.06592686898257027,1,15,1,2
random,60,0.06592686898257027,2,8,0,4
random,60,0.06604174982391607,0,13,0,1
random,60,0.06604174982391607,1,15,0,3
random,60,0.06604174982391607,2,8,0,4
random,60,0.06676552532680284,0,13,0,1
random,60,0.06676552532680284,1,15,0,3
random,60,0.06676552532680284,2,9,0,4
random,60,0.06723049747887809,0,13,0,1
random,60,0.06723049747887809,1,15,0,3
random,60,0.06723049747887809,2,10,0,4
random,60,0.06740553869860114,0,13,0,1
random,60,0.06740553869860114,1,15,0,3
random,60,0.06740553869860114,2,9,0,5
random,60,0.06778164717138016,0,14,0,1
random,60,0.06778164717138016,1,15,0,3
random,60,0.06778164717138016,2,9,0,5
random,60,0.06845130506874648,0,14,0,1
random,60,0.06845130506874648,1,15,1,3
random,60,0.06845130506874648,2,9,0,5
random,60,0.06899417275848063,0,14,0,1
random,60,0.06899417275848063,1,15,0,4
random,60,0.06899417275848063,2,9,0,5
random,60,0.06965167199695388,0,14,0,1
random,60,0.06965167199695388,1,15,0,4
random,60,0.06965167199695388,2,8,0,6
random,60,0.07010754537134967,0,14,0,1
random,60,0.07010754537134967,1,15,0,4
random,60,0.07010754537134967,2,9,0,6
random,60,0.07071701393274578,0,13,0,2
random,60,0.07071701393274578,1,15,0,4
random,60,0.07071701393274578,2,9,0,6
random,60,0.07073265017393351,0,13,0,2
random,60,0.07073265017393351,1,15,1,4
random,60,0.07073265017393351,2,9,0,6
random,60,0.07113940943260273,0,13,0,2
random,60,0.07113940943260273,1,15,2,4
random,60,0.07113940943260273,2,9,0,6
random,60,0.07166252914672726,0,14,0,2
random,60,0.07166252914672726,1,15,2,4
random,60,0.07166252914672726,2,9,0,6
random,60,0.07289691350870164,0,14,0,2
random,60,0.07289691350870164,1,15,3,4
random,60,0.07289691350870164,2,9,0,6
random,60,0.07305716044417052,0,14,0,2
random,60,0.07305716044417052,1,15,3,4
random,60,0.07305716044417052,2,8,0,7
random,60,0.07346911693046425,0,13,0,3
random,60,0.07346911693046425,1,15,3,4
random,60,0.07346911693046425,2,8,0,7
random,60,0.07373166836081237,0,13,0,3
random,60,0.07373166836081237,1,15,4,4
random,60,0.07373166836081237,2,8,0,7
random,60,0.07419155279973898,0,13,0,3
random,60,0.07419155279973898,1,15,3,5
random,60,0.07419155279973898,2,8,0,7
random,60,0.07427013196070792,0,13,0,3
random,60,0.07427013196070792,1,15,4,5
random,60,0.07427013196070792,2,8,0,7
random,60,0.07472668026042065,0,13,0,3
random,60,0.07472668026042065,1,15,5,5
random,60,0.07472668026042065,2,8,0,7
random,60,0.07479250680781267,0,13,0,3
random,60,0.07479250680781267,1,15,4,6
random,60,0.07479250680781267,2,8,0,7
random,60,0.0752832085617588,0,12,0,4
random,60,0.0752832085617588,1,15,4,6
random,60,0.0752832085617588,2,8,0,7
random,60,0.07582627157977043,0,12,0,4
random,60,0.07582627157977043,1,15,3,7
random,60,0.07582627157977043,2,8,0,7
random,60,0.07626996465720252,0,12,0,4
random,60,0.07626996465720252,1,15,3,7
random,60,0.07626996465720252,2,9,0,7
random,60,0.07666883156314776,0,11,0,5
random,60,0.07666883156314776,1,15,3,7
random,60,0.07666883156314776,2,9,0,7
random,60,0.07668978644471647,0,12,0,5
random,60,0.07668978644471647,1,15,3,7
random,60,0.07668978644471647,2,9,0,7
random,60,0.07708829595510844,0,12,0,5
random,60,0.07708829595510844,1,15,2,8
random,60,0.07708829595510844,2,9,0,7
random,60,0.07720629437924328,0,12,0,5
random,60,0.07720629437924328,1,15,2,8
random,60,0.07720629437924328,2,10,0,7
random,60,0.0777491944646135,0,11,0,6
random,60,0.0777491944646135,1,15,2,8
random,60,0.0777491944646135,2,10,0,7
random,60,0.07864820779715134,0,11,0,6
random,60,0.07864820779715134,1,15,1,9
random,60,0.07864820779715134,2,10,0,7
random,60,0.07875693976390548,0,11,0,6
random,60,0.07875693976390548,1,15,1,9
random,60,0.07875693976390548,2,11,0,7
random,60,0.08024207526668936,0,11,0,6
random,60,0.08024207526668936,1,15,1,9
random,60,0.08024207526668936,2,10,0,8
random,60,0.08102396218962206,0,10,0,7
random,60,0.08102396218962206,1,15,1,9
random,60,0.08102396218962206,2,10,0,8
random,60,0.08177098450346101,0,9,0,8
random,60,0.08177098450346101,1,15,1,9
random,60,0.08177098450346101,2,10,0,8
random,60,0.08222420410193806,0,8,0,9
random,60,0.08222420410193806,1,15,1,9
random,60,0.08222420410193806,2,10,0,8
random,60,0.0828078386340948,0,7,0,10
random,60,0.0828078386340948,1,15,1,9
random,60,0.0828078386340948,2,10,0,8
random,60,0.08365076484854425,0,7,0,10
random,60,0.08365076484854425,1,15,0,10
random,60,0.08365076484854425,2,10,0,8
random,60,0.0855180599381949,0,6,0,11
random,60,0.0855180599381949,1,15,0,10
random,60,0.0855180599381949,2,10,0,8
random,60,0.08655446425789029,0,6,0,11
random,60,0.08655446425789029,1,14,0,11
random,60,0.08655446425789029,2,10,0,8
random,60,0.08821976129705006,0,6,0,11
random,60,0.08821976129705006,1,13,0,12
random,60,0.08821976129705006,2,10,0,8
random,60,0.0888949286562753,0,6,0,11
random,60,0.0888949286562753,1,12,0,13
random,60,0.0888949286562753,2,10,0,8
random,60,0.0898609823724509,0,6,0,11
random,60,0.0898609823724509,1,12,0,13
random,60,0.0898609823724509,2,9,0,9
random,60,0.09113218602398598,0,6,0,11
random,60,0.09113218602398598,1,11,0,14
random,60,0.09113218602398598,2,9,0,9
random,60,0.09159505172772694,0,6,0,11
random,60,0.09159505172772694,1,10,0,15
random,60,0.09159505172772694,2,9,0,9
random,60,0.09453688814028297,0,5,0,12
random,60,0.09453688814028297,1,10,0,15
random,60,0.09453688814028297,2,9,0,9
random,60,0.0962483772475369,0,5,0,12
random,60,0.0962483772475369,1,10,0,15
random,60,0.0962483772475369,2,8,0,10
random,60,0.09685575993192697,0,4,0,13
random,60,0.09685575993192697,1,10,0,15
random,60,0.09685575993192697,2,8,0,10
random,60,0.09733849143653428,0,4,0,13
random,60,0.09733849143653428,1,10,0,15
random,60,0.09733849143653428,2,7,0,11
random,60,0.10064841238034683,0,3,0,14
random,60,0.10064841238034683,1,10,0,15
random,60,0.10064841238034683,2,7,0,11
random,60,0.1016815186299943,0,3,0,14
random,60,0.1016815186299943,1,10,0,15
random,60,0.1016815186299943,2,6,0,12
random,60,0.10466531220452807,0,3,0,14
random,60,0.10466531220452807,1,9,0,16
random,60,0.10466531220452807,2,6,0,12
random,60,0.10796005116262461,0,3,0,14
random,60,0.10796005116262461,1,8,0,17
random,60,0.10796005116262461,2,6,0,12
random,60,0.11604174982391607,0,3,0,14
random,60,0.11604174982391607,1,7,0,18
random,60,0.11604174982391607,2,6,0,12
random,60,0.11676552532680284,0,3,0,14
random,60,0.11676552532680284,1,7,0,18
random,60,0.11676552532680284,2,5,0,13
random,60,0.11723049747887809,0,3,0,14
random,60,0.11723049747887809,1,7,0,18
random,60,0.11723049747887809,2,4,0,14
random,60,0.11778164717138016,0,2,0,15
random,60,0.11778164717138016,1,7,0,18
random,60,0.11778164717138016,2,4,0,14
random,60,0.11899417275848063,0,2,0,15
random,60,0.11899417275848063,1,6,0,19
random,60,0.11899417275848063,2,4,0,14
random,60,0.12010754537134967,0,2,0,15
random,60,0.12010754537134967,1,6,0,19
random,60,0.12010754537134967,2,3,0,15
random,60,0.12166252914672726,0,1,0,16
random,60,0.12166252914672726,1,6,0,19
random,60,0.12166252914672726,2,3,0,15
random,60,0.12419155279973898,0,1,0,16
random,60,0.12419155279973898,1,5,0,20
random,60,0.12419155279973898,2,3,0,15
random,60,0.12479250680781268,0,1,0,16
random,60,0.12479250680781268,1,4,0,21
random,60,0.12479250680781268,2,3,0,15
random,60,0.12582627157977044,0,1,0,16
random,60,0.12582627157977044,1,3,0,22
random,60,0.12582627157977044,2,3,0,15
random,60,0.12626996465720253,0,1,0,16
random,60,0.12626996465720253,1,3,0,22
random,60,0.12626996465720253,2,2,0,16
random,60,0.12668978644471646,0,0,0,17
random,60,0.12668978644471646,1,3,0,22
random,60,0.12668978644471646,2,2,0,16
random,60,0.12708829595510845,0,0,0,17
random,60,0.12708829595510845,1,2,0,23
random,60,0.12708829595510845,2,2,0,16
random,60,0.1272062943792433,0,0,0,17
random,60,0.1272062943792433,1,2,0,23
random,60,0.1272062943792433,2,1,0,17
random,60,0.12864820779715136,0,0,0,17
random,60,0.12864820779715136,1,1,0,24
random,60,0.12864820779715136,2,1,0,17
random,60,0.12875693976390548,0,0,0,17
random,60,0.12875693976390548,1,1,0,24
random,60,0.12875693976390548,2,0,0,18
random,60,0.13365076484854427,0,0,0,17
random,60,0.13365076484854427,1,0,0,25
random,60,0.13365076484854427,2,0,0,18
random,90,0,0,0,0,0
random,90,0,1,0,0,0
random,90,0,2,0,0,0
random,90,0.001215113468829894,0,0,0,0
random,90,0.001215113468829894,1,0,0,0
random,90,0.001215113468829894,2,1,0,0
random,90,0.004128261640546147,0,0,0,0
random,90,0.004128261640546147,1,0,0,0
random,90,0.004128261640546147,2,2,0,0
random,90,0.004665312204528059,0,0,0,0
random,90,0.004665312204528059,1,1,0,0
random,90,0.004665312204528059,2,2,0,0
random,90,0.007960051162624611,0,0,0,0
random,90,0.007960051162624611,1,2,0,0
random,90,0.007960051162624611,2,2,0,0
random,90,0.008517454309499255,0,0,0,0
random,90,0.008517454309499255,1,2,0,0
random,90,0.008517454309499255,2,3,0,0
random,90,0.010115218521803342,0,1,0,0
random,90,0.010115218521803342,1,2,0,0
random,90,0.010115218521803342,2,3,0,0
random,90,0.014671556895080432,0,1,0,0
random,90,0.014671556895080432,1,2,0,0
random,90,0.014671556895080432,2,4,0,0
random,90,0.016041749823916065,0,1,0,0
random,90,0.016041749823916065,1,3,0,0
random,90,0.016041749823916065,2,4,0,0
random,90,0.017405538698601133,0,1,0,0
random,90,0.017405538698601133,1,3,0,0
random,90,0.017405538698601133,2,5,0,0
random,90,0.018994172758480636,0,1,0,0
random,90,0.018994172758480636,1,4,0,0
random,90,0.018994172758480636,2,5,0,0
random,90,0.01965167199695387,0,1,0,0
random,90,0.01965167199695387,1,4,0,0
random,90,0.01965167199695387,2,6,0,0
random,90,0.020717013932745772,0,2,0,0
random,90,0.020717013932745772,1,4,0,0
random,90,0.020717013932745772,2,6,0,0
random,90,0.023057160444170513,0,2,0,0
random,90,0.023057160444170513,1,4,0,0
random,90,0.023057160444170513,2,7,0,0
random,90,0.023469116930464246,0,3,0,0
random,90,0.023469116930464246,1,4,0,0
random,90,0.023469116930464246,2,7,0,0
random,90,0.024191552799738975,0,3,0,0
random,90,0.024191552799738975,1,5,0,0
random,90,0.024191552799738975,2,7,0,0
random,90,0.024792506807812673,0,3,0,0
random,90,0.024792506807812673,1,6,0,0
random,90,0.024792506807812673,2,7,0,0
random,90,0.0252832085617588,0,4,0,0
random,90,0.0252832085617588,1,6,0,0
random,90,0.0252832085617588,2,7,0,0
random,90,0.025826271579770424,0,4,0,0
random,90,0.025826271579770424,1,7,0,0
random,90,0.025826271579770424,2,7,0,0
random,90,0.02666883156314775,0,5,0,0
random,90,0.02666883156314775,1,7,0,0
random,90,0.02666883156314775,2,7,0,0
random,90,0.027088295955108442,0,5,0,0
random,90,0.027088295955108442,1,8,0,0
random,90,0.027088295955108442,2,7,0,0
random,90,0.027749194464613495,0,6,0,0
random,90,0.027749194464613495,1,8,0,0
random,90,0.027749194464613495,2,7,0,0
random,90,0.02864820779715134,0,6,0,0
random,90,0.02864820779715134,1,9,0,0
random,90,0.02864820779715134,2,7,0,0
random,90,0.03024207526668936,0,6,0,0
random,90,0.03024207526668936,1,9,0,0
random,90,0.03024207526668936,2,8,0,0
random,90,0.031023962189622056,0,7,0,0
random,90,0.031023962189622056,1,9,0,0
random,90,0.031023962189622056,2,8,0,0
random,90,0.03177098450346101,0,8,0,0
random,90,0.03177098450346101,1,9,0,0
random,90,0.03177098450346101,2,8,0,0
random,90,0.03222420410193807,0,9,0,0
random,90,0.03222420410193807,1,9,0,0
random,90,0.03222420410193807,2,8,0,0
random,90,0.03280783863409479,0,10,0,0
random,90,0.03280783863409479,1,9,0,0
random,90,0.03280783863409479,2,8,0,0
random,90,0.03365076484854424,0,10,0,0
random,90,0.03365076484854424,1,10,0,0
random,90,0.03365076484854424,2,8,0,0
random,90,0.0355180599381949,0,11,0,0
random,90,0.0355180599381949,1,10,0,0
random,90,0.0355180599381949,2,8,0,0
random,90,0.03655446425789028,0,11,0,0
random,90,0.03655446425789028,1,11,0,0
random,90,0.03655446425789028,2,8,0,0
random,90,0.038219761297050056,0,11,0,0
random,90,0.038219761297050056,1,12,0,0
random,90,0.038219761297050056,2,8,0,0
random,90,0.0388949286562753,0,11,0,0
random,90,0.0388949286562753,1,13,0,0
random,90,0.0388949286562753,2,8,0,0
random,90,0.03986098237245089,0,11,0,0
random,90,0.03986098237245089,1,13,0,0
random,90,0.03986098237245089,2,9,0,0
random,90,0.04113218602398598,0,11,0,0
random,90,0.04113218602398598,1,14,0,0
random,90,0.04113218602398598,2,9,0,0
random,90,0.04159505172772695,0,11,0,0
random,90,0.04159505172772695,1,15,0,0
random,90,0.04159505172772695,2,9,0,0
random,90,0.044536888140282956,0,12,0,0
random,90,0.044536888140282956,1,15,0,0
random,90,0.044536888140282956,2,9,0,0
random,90,0.04624837724753691,0,12,0,0
random,90,0.04624837724753691,1,15,0,0
random,90,0.04624837724753691,2,10,0,0
random,90,0.04685575993192696,0,13,0,0
random,90,0.04685575993192696,1,15,0,0
random,90,0.04685575993192696,2,10,0,0
random,90,0.047338491436534284,0,13,0,0
random,90,0.047338491436534284,1,15,0,0
random,90,0.047338491436534284,2,11,0,0
random,90,0.04960352152637996,0,13,0,0
random,90,0.04960352152637996,1,15,1,0
random,90,0.04960352152637996,2,11,0,0
random,90,0.05064841238034682,0,14,0,0
random,90,0.05064841238034682,1,15,1,0
random,90,0.05064841238034682,2,11,0,0
random,90,0.0512151134688299,0,14,0,0
random,90,0.0512151134688299,1,15,1,0
random,90,0.0512151134688299,2,10,0,1
random,90,0.0516815186299943,0,14,0,0
random,90,0.0516815186299943,1,15,1,0
random,90,0.0516815186299943,2,11,0,1
random,90,0.05400656473478522,0,14,0,0
random,90,0.05400656473478522,1,15,2,0
random,90,0.05400656473478522,2,11,0,1
random,90,0.05412826164054615,0,14,0,0
random,90,0.05412826164054615,1,15,2,0
random,90,0.05412826164054615,2,10,0,2
random,90,0.05466531220452806,0,14,0,0
random,90,0.05466531220452806,1,15,1,1
random,90,0.05466531220452806,2,10,0,2
random,90,0.057960051162624614,0,14,0,0
random,90,0.057960051162624614,1,15,0,2
random,90,0.057960051162624614,2,10,0,2
random,90,0.058517454309499256,0,14,0,0
random,90,0.058517454309499256,1,15,0,2
random,90,0.058517454309499256,2,9,0,3
random,90,0.06011521852180335,0,13,0,1
random,90,0.06011521852180335,1,15,0,2
random,90,0.06011521852180335,2,9,0,3
random,90,0.06467155689508043,0,13,0,1
random,90,0.06467155689508043,1,15,0,2
random,90,0.06467155689508043,2,8,0,4
random,90,0.06592686898257027,0,13,0,1
random,90,0.06592686898257027,1,15,1,2
random,90,0.06592686898257027,2,8,0,4
random,90,0.06604174982391607,0,13,0,1
random,90,0.06604174982391607,1,15,0,3
random,90,0.06604174982391607,2,8,0,4
random,90,0.06676552532680284,0,13,0,1
random,90,0.06676552532680284,1,15,0,3
random,90,0.06676552532680284,2,9,0,4
random,90,0.06723049747887809,0,13,0,1
random,90,0.06723049747887809,1,15,0,3
random,90,0.06723049747887809,2,10,0,4
random,90,0.06740553869860114,0,13,0,1
random,90,0.06740553869860114,1,15,0,3
random,90,0.06740553869860114,2,9,0,5
random,90,0.06778164717138016,0,14,0,1
random,90,0.06778164717138016,1,15,0,3
random,90,0.06778164717138016,2,9,0,5
random,90,0.06845130506874648,0,14,0,1
random,90,0.06845130506874648,1,15,1,3
random,90,0.06845130506874648,2,9,0,5
random,90,0.06899417275848063,0,14,0,1
random,90,0.06899417275848063,1,15,0,4
random,90,0.06899417275848063,2,9,0,5
random,90,0.06965167199695388,0,14,0,1
random,90,0.06965167199695388,1,15,0,4
random,90,0.06965167199695388,2,8,0,6
random,90,0.07010754537134967,0,14,0,1
random,90,0.07010754537134967,1,15,0,4
random,90,0.07010754537134967,2,9,0,6
random,90,0.07071701393274578,0,13,0,2
random,90,0.07071701393274578,1,15,0,4
random,90,0.07071701393274578,2,9,0,6
random,90,0.07073265017393351,0,13,0,2
random,90,0.07073265017393351,1,15,1,4
random,90,0.07073265017393351,2,9,0,6
random,90,0.07113940943260273,0,13,0,2
random,90,0.07113940943260273,1,15,2,4
random,90,0.07113940943260273,2,9,0,6
random,90,0.07166252914672726,0,14,0,2
random,90,0.07166252914672726,1,15,2,4
random,90,0.07166252914672726,2,9,0,6
random,90,0.07289691350870164,0,14,0,2
random,90,0.07289691350870164,1,15,3,4
random,90,0.07289691350870164,2,9,0,6
random,90,0.07305716044417052,0,14,0,2
random,90,0.07305716044417052,1,15,3,4
random,90,0.07305716044417052,2,8,0,7
random,90,0.07346911693046425,0,13,0,3
random,90,0.07346911693046425,1,15,3,4
random,90,0.07346911693046425,2,8,0,7
random,90,0.07373166836081237,0,13,0,3
random,90,0.07373166836081237,1,15,4,4
random,90,0.07373166836081237,2,8,0,7
random,90,0.07419155279973898,0,13,0,3
random,90,0.07419155279973898,1,15,3,5
random,90,0.07419155279973898,2,8,0,7
random,90,0.07427013196070792,0,13,0,3
random,90,0.07427013196070792,1,15,4,5
random,90,0.07427013196070792,2,8,0,7
random,90,0.07472668026042065,0,13,0,3
random,90,0.07472668026042065,1,15,5,5
random,90,0.07472668026042065,2,8,0,7
random,90,0.07479250680781267,0,13,0,3
random,90,0.07479250680781267,1,15,4,6
random,90,0.07479250680781267,2,8,0,7
random,90,0.0752832085617588,0,12,0,4
random,90,0.0752832085617588,1,15,4,6
random,90,0.0752832085617588,2,8,0,7
random,90,0.07582627157977043,0,12,0,4
random,90,0.07582627157977043,1,15,3,7
random,90,0.07582627157977043,2,8,0,7
random,90,0.07626996465720252,0,12,0,4
random,90,0.07626996465720252,1,15,3,7
random,90,0.07626996465720252,2,9,0,7
random,90,0.07666883156314776,0,11,0,5
random,90,0.07666883156314776,1,15,3,7
random,90,0.07666883156314776,2,9,0,7
random,90,0.07668978644471647,0,12,0,5
random,90,0.07668978644471647,1,15,3,7
random,90,0.07668978644471647,2,9,0,7
random,90,0.07708829595510844,0,12,0,5
random,90,0.07708829595510844,1,15,2,8
random,90,0.07708829595510844,2,9,0,7
random,90,0.07720629437924328,0,12,0,5
random,90,0.07720629437924328,1,15,2,8
random,90,0.07720629437924328,2,10,0,7
random,90,0.0777491944646135,0,11,0,6
random,90,0.0777491944646135,1,15,2,8
random,90,0.0777491944646135,2,10,0,7
random,90,0.07864820779715134,0,11,0,6
random,90,0.07864820779715134,1,15,1,9
random,90,0.07864820779715134,2,10,0,7
random,90,0.07875693976390548,0,11,0,6
random,90,0.07875693976390548,1,15,1,9
random,90,0.07875693976390548,2,11,0,7
random,90,0.08024207526668936,0,11,0,6
random,90,0.08024207526668936,1,15,1,9
random,90,0.08024207526668936,2,10,0,8
random,90,0.08102396218962206,0,10,0,7
random,90,0.08102396218962206,1,15,1,9
random,90,0.08102396218962206,2,10,0,8
random,90,0.08177098450346101,0,9,0,8
random,90,0.08177098450346101,1,15,1,9
random,90,0.08177098450346101,2,10,0,8
random,90,0.08222420410193806,0,8,0,9
random,90,0.08222420410193806,1,15,1,9
random,90,0.08222420410193806,2,10,0,8
random,90,0.0828078386340948,0,7,0,10
random,90,0.0828078386340948,1,15,1,9
random,90,0.0828078386340948,2,10,0,8
random,90,0.08300155182606232,0,7,0,10
random,90,0.08300155182606232,1,15,2,9
random,90,0.08300155182606232,2,10,0,8
random,90,0.08364096581545727,0,8,0,10
random,90,0.08364096581545727,1,15,2,9
random,90,0.08364096581545727,2,10,0,8
random,90,0.08365076484854425,0,8,0,10
random,90,0.08365076484854425,1,15,1,10
random,90,0.08365076484854425,2,10,0,8
random,90,0.0855180599381949,0,7,0,11
random,90,0.0855180599381949,1,15,1,10
random,90,0.0855180599381949,2,10,0,8
random,90,0.08655446425789029,0,7,0,11
random,90,0.08655446425789029,1,15,0,11
random,90,0.08655446425789029,2,10,0,8
random,90,0.08821976129705006,0,7,0,11
random,90,0.08821976129705006,1,14,0,12
random,90,0.08821976129705006,2,10,0,8
random,90,0.0888949286562753,0,7,0,11
random,90,0.0888949286562753,1,13,0,13
random,90,0.0888949286562753,2,10,0,8
random,90,0.0898609823724509,0,7,0,11
random,90,0.0898609823724509,1,13,0,13
random,90,0.0898609823724509,2,9,0,9
random,90,0.09113218602398598,0,7,0,11
random,90,0.09113218602398598,1,12,0,14
random,90,0.09113218602398598,2,9,0,9
random,90,0.09159505172772694,0,7,0,11
random,90,0.09159505172772694,1,11,0,15
random,90,0.09159505172772694,2,9,0,9
random,90,0.09453688814028297,0,6,0,12
random,90,0.09453688814028297,1,11,0,15
random,90,0.09453688814028297,2,9,0,9
random,90,0.09493964450558524,0,7,0,12
random,90,0.09493964450558524,1,11,0,15
random,90,0.09493964450558524,2,9,0,9
random,90,0.09564628996212596,0,7,0,12
random,90,0.09564628996212596,1,11,0,15
random,90,0.09564628996212596,2,10,0,9
random,90,0.0961405543606744,0,8,0,12
random,90,0.0961405543606744,1,11,0,15
random,90,0.0961405543606744,2,10,0,9
random,90,0.0962483772475369,0,8,0,12
random,90,0.0962483772475369,1,11,0,15
random,90,0.0962483772475369,2,9,0,10
random,90,0.09660137516191059,0,8,0,12
random,90,0.09660137516191059,1,12,0,15
random,90,0.09660137516191059,2,9,0,10
random,90,0.09685575993192697,0,7,0,13
random,90,0.09685575993192697,1,12,0,15
random,90,0.09685575993192697,2,9,0,10
random,90,0.09733849143653428,0,7,0,13
random,90,0.09733849143653428,1,12,0,15
random,90,0.09733849143653428,2,8,0,11
random,90,0.09785343007162413,0,8,0,13
random,90,0.09785343007162413,1,12,0,15
random,90,0.09785343007162413,2,8,0,11
random,90,0.098276903335267,0,9,0,13
random,90,0.098276903335267,1,12,0,15
random,90,0.098276903335267,2,8,0,11
random,90,0.0988317323038537,0,10,0,13
random,90,0.0988317323038537,1,12,0,15
random,90,0.0988317323038537,2,8,0,11
random,90,0.09975121908831977,0,10,0,13
random,90,0.09975121908831977,1,13,0,15
random,90,0.09975121908831977,2,8,0,11
random,90,0.10026289374334721,0,10,0,13
random,90,0.10026289374334721,1,13,0,15
random,90,0.10026289374334721,2,9,0,11
random,90,0.10064841238034683,0,9,0,14
random,90,0.10064841238034683,1,13,0,15
random,90,0.10064841238034683,2,9,0,11
random,90,0.10088839832024095,0,9,0,14
random,90,0.10088839832024095,1,14,0,15
random,90,0.10088839832024095,2,9,0,11
random,90,0.10132894388531033,0,9,0,14
random,90,0.10132894388531033,1,15,0,15
random,90,0.10132894388531033,2,9,0,11
random,90,0.1016815186299943,0,9,0,14
random,90,0.1016815186299943,1,15,0,15
random,90,0.1016815186299943,2,8,0,12
random,90,0.10192286266551398,0,9,0,14
random,90,0.10192286266551398,1,15,0,15
random,90,0.10192286266551398,2,9,0,12
random,90,0.1025016334532319,0,9,0,14
random,90,0.1025016334532319,1,15,1,15
random,90,0.1025016334532319,2,9,0,12
random,90,0.10295988627102418,0,10,0,14
random,90,0.10295988627102418,1,15,1,15
random,90,0.10295988627102418,2,9,0,12
random,90,0.10358700100617245,0,11,0,14
random,90,0.10358700100617245,1,15,1,15
random,90,0.10358700100617245,2,9,0,12
random,90,0.10436143552755155,0,11,0,14
random,90,0.10436143552755155,1,15,1,15
random,90,0.10436143552755155,2,10,0,12
random,90,0.10466531220452807,0,11,0,14
random,90,0.10466531220452807,1,15,0,16
random,90,0.10466531220452807,2,10,0,12
random,90,0.1052454109149982,0,11,0,14
random,90,0.1052454109149982,1,15,0,16
random,90,0.1052454109149982,2,11,0,12
random,90,0.10589277297350122,0,11,0,14
random,90,0.10589277297350122,1,15,0,16
random,90,0.10589277297350122,2,12,0,12
random,90,0.10661122835697369,0,12,0,14
random,90,0.10661122835697369,1,15,0,16
random,90,0.10661122835697369,2,12,0,12
random,90,0.10709184492444451,0,13,0,14
random,90,0.10709184492444451,1,15,0,16
random,90,0.10709184492444451,2,12,0,12
random,90,0.10781782466475565,0,13,0,14
random,90,0.10781782466475565,1,15,1,16
random,90,0.10781782466475565,2,12,0,12
random,90,0.10796005116262461,0,13,0,14
random,90,0.10796005116262461,1,15,0,17
random,90,0.10796005116262461,2,12,0,12
random,90,0.10826506761477607,0,13,0,14
random,90,0.10826506761477607,1,15,1,17
random,90,0.10826506761477607,2,12,0,12
random,90,0.10900779636324447,0,13,0,14
random,90,0.10900779636324447,1,15,1,17
random,90,0.10900779636324447,2,13,0,12
random,90,0.10945738480876205,0,13,0,14
random,90,0.10945738480876205,1,15,1,17
random,90,0.10945738480876205,2,14,0,12
random,90,0.11034480137333462,0,14,0,14
random,90,0.11034480137333462,1,15,1,17
random,90,0.11034480137333462,2,14,0,12
random,90,0.1108138986325663,0,14,0,14
random,90,0.1108138986325663,1,15,2,17
random,90,0.1108138986325663,2,14,0,12
random,90,0.11124852803841237,0,15,0,14
random,90,0.11124852803841237,1,15,2,17
random,90,0.11124852803841237,2,14,0,12
random,90,0.11191229103134374,0,15,0,14
random,90,0.11191229103134374,1,15,3,17
random,90,0.11191229103134374,2,14,0,12
random,90,0.11604174982391607,0,15,0,14
random,90,0.11604174982391607,1,15,2,18
random,90,0.11604174982391607,2,14,0,12
random,90,0.11676552532680284,0,15,0,14
random,90,0.11676552532680284,1,15,2,18
random,90,0.11676552532680284,2,13,0,13
random,90,0.11723049747887809,0,15,0,14
random,90,0.11723049747887809,1,15,2,18
random,90,0.11723049747887809,2,12,0,14
random,90,0.11778164717138016,0,14,0,15
random,90,0.11778164717138016,1,15,2,18
random,90,0.11778164717138016,2,12,0,14
random,90,0.11899417275848063,0,14,0,15
random,90,0.11899417275848063,1,15,1,19
random,90,0.11899417275848063,2,12,0,14
random,90,0.12010754537134967,0,14,0,15
random,90,0.12010754537134967,1,15,1,19
random,90,0.12010754537134967,2,11,0,15
random,90,0.12166252914672726,0,13,0,16
random,90,0.12166252914672726,1,15,1,19
random,90,0.12166252914672726,2,11,0,15
random,90,0.12419155279973898,0,13,0,16
random,90,0.12419155279973898,1,15,0,20
random,90,0.12419155279973898,2,11,0,15
random,90,0.12479250680781268,0,13,0,16
random,90,0.12479250680781268,1,14,0,21
random,90,0.12479250680781268,2,11,0,15
random,90,0.12582627157977044,0,13,0,16
random,90,0.12582627157977044,1,13,0,22
random,90,0.12582627157977044,2,11,0,15
random,90,0.12626996465720253,0,13,0,16
random,90,0.12626996465720253,1,13,0,22
random,90,0.12626996465720253,2,10,0,16
random,90,0.12668978644471646,0,12,0,17
random,90,0.12668978644471646,1,13,0,22
random,90,0.12668978644471646,2,10,0,16
random,90,0.12708829595510845,0,12,0,17
random,90,0.12708829595510845,1,12,0,23
random,90,0.12708829595510845,2,10,0,16
random,90,0.1272062943792433,0,12,0,17
random,90,0.1272062943792433,1,12,0,23
random,90,0.1272062943792433,2,9,0,17
random,90,0.12864820779715136,0,12,0,17
random,90,0.12864820779715136,1,11,0,24
random,90,0.12864820779715136,2,9,0,17
random,90,0.12875693976390548,0,12,0,17
random,90,0.12875693976390548,1,11,0,24
random,90,0.12875693976390548,2,8,0,18
random,90,0.13364096581545726,0,11,0,18
random,90,0.13364096581545726,1,11,0,24
random,90,0.13364096581545726,2,8,0,18
random,90,0.13365076484854427,0,11,0,18
random,90,0.13365076484854427,1,10,0,25
random,90,0.13365076484854427,2,8,0,18
random,90,0.1365544642578903,0,11,0,18
random,90,0.1365544642578903,1,9,0,26
random,90,0.1365544642578903,2,8,0,18
random,90,0.14493964450558525,0,10,0,19
random,90,0.14493964450558525,1,9,0,26
random,90,0.14493964450558525,2,8,0,18
random,90,0.14564628996212597,0,10,0,19
random,90,0.14564628996212597,1,9,0,26
random,90,0.14564628996212597,2,7,0,19
random,90,0.1461405543606744,0,9,0,20
random,90,0.1461405543606744,1,9,0,26
random,90,0.1461405543606744,2,7,0,19
random,90,0.14660137516191057,0,9,0,20
random,90,0.14660137516191057,1,8,0,27
random,90,0.14660137516191057,2,7,0,19
random,90,0.14785343007162413,0,8,0,21
random,90,0.14785343007162413,1,8,0,27
random,90,0.14785343007162413,2,7,0,19
random,90,0.148276903335267,0,7,0,22
random,90,0.148276903335267,1,8,0,27
random,90,0.148276903335267,2,7,0,19
random,90,0.14883173230385371,0,6,0,23
random,90,0.14883173230385371,1,8,0,27
random,90,0.14883173230385371,2,7,0,19
random,90,0.1497512190883198,0,6,0,23
random,90,0.1497512190883198,1,7,0,28
random,90,0.1497512190883198,2,7,0,19
random,90,0.15026289374334723,0,6,0,23
random,90,0.15026289374334723,1,7,0,28
random,90,0.15026289374334723,2,6,0,20
random,90,0.15088839832024095,0,6,0,23
random,90,0.15088839832024095,1,6,0,29
random,90,0.15088839832024095,2,6,0,20
random,90,0.15132894388531032,0,6,0,23
random,90,0.15132894388531032,1,5,0,30
random,90,0.15132894388531032,2,6,0,20
random,90,0.15192286266551397,0,6,0,23
random,90,0.15192286266551397,1,5,0,30
random,90,0.15192286266551397,2,5,0,21
random,90,0.1529598862710242,0,5,0,24
random,90,0.1529598862710242,1,5,0,30
random,90,0.1529598862710242,2,5,0,21
random,90,0.15358700100617245,0,4,0,25
random,90,0.15358700100617245,1,5,0,30
random,90,0.15358700100617245,2,5,0,21
random,90,0.15436143552755155,0,4,0,25
random,90,0.15436143552755155,1,5,0,30
random,90,0.15436143552755155,2,4,0,22
random,90,0.15466531220452806,0,4,0,25
random,90,0.15466531220452806,1,4,0,31
random,90,0.15466531220452806,2,4,0,22
random,90,0.15524541091499822,0,4,0,25
random,90,0.15524541091499822,1,4,0,31
random,90,0.15524541091499822,2,3,0,23
random,90,0.15589277297350124,0,4,0,25
random,90,0.15589277297350124,1,4,0,31
random,90,0.15589277297350124,2,2,0,24
random,90,0.1566112283569737,0,3,0,26
random,90,0.1566112283569737,1,4,0,31
random,90,0.1566112283569737,2,2,0,24
random,90,0.1570918449244445,0,2,0,27
random,90,0.1570918449244445,1,4,0,31
random,90,0.1570918449244445,2,2,0,24
random,90,0.15796005116262463,0,2,0,27
random,90,0.15796005116262463,1,3,0,32
random,90,0.15796005116262463,2,2,0,24
random,90,0.15900779636324447,0,2,0,27
random,90,0.15900779636324447,1,3,0,32
random,90,0.15900779636324447,2,1,0,25
random,90,0.15945738480876204,0,2,0,27
random,90,0.15945738480876204,1,3,0,32
random,90,0.15945738480876204,2,0,0,26
random,90,0.16034480137333462,0,1,0,28
random,90,0.16034480137333462,1,3,0,32
random,90,0.16034480137333462,2,0,0,26
random,90,0.1612485280384124,0,0,0,29
random,90,0.1612485280384124,1,3,0,32
random,90,0.1612485280384124,2,0,0,26
random,90,0.16604174982391606,0,0,0,29
random,90,0.16604174982391606,1,2,0,33
random,90,0.16604174982391606,2,0,0,26
random,90,0.16899417275848064,0,0,0,29
random,90,0.16899417275848064,1,1,0,34
random,90,0.16899417275848064,2,0,0,26
random,90,0.17419155279973897,0,0,0,29
random,90,0.17419155279973897,1,0,0,35
random,90,0.17419155279973897,2,0,0,26
random,120,0,0,0,0,0
random,120,0,1,0,0,0
random,120,0,2,0,0,0
random,120,0.001215113468829894,0,0,0,0
random,120,0.001215113468829894,1,0,0,0
random,120,0.001215113468829894,2,1,0,0
random,120,0.004128261640546147,0,0,0,0
random,120,0.004128261640546147,1,0,0,0
random,120,0.004128261640546147,2,2,0,0
random,120,0.004665312204528059,0,0,0,0
random,120,0.004665312204528059,1,1,0,0
random,120,0.004665312204528059,2,2,0,0
random,120,0.007960051162624611,0,0,0,0
random,120,0.007960051162624611,1,2,0,0
random,120,0.007960051162624611,2,2,0,0
random,120,0.008517454309499255,0,0,0,0
random,120,0.008517454309499255,1,2,0,0
random,120,0.008517454309499255,2,3,0,0
random,120,0.010115218521803342,0,1,0,0
random,120,0.010115218521803342,1,2,0,0
random,120,0.010115218521803342,2,3,0,0
random,120,0.014671556895080432,0,1,0,0
random,120,0.014671556895080432,1,2,0,0
random,120,0.014671556895080432,2,4,0,0
random,120,0.016041749823916065,0,1,0,0
random,120,0.016041749823916065,1,3,0,0
random,120,0.016041749823916065,2,4,0,0
random,120,0.017405538698601133,0,1,0,0
random,120,0.017405538698601133,1,3,0,0
random,120,0.017405538698601133,2,5,0,0
random,120,0.018994172758480636,0,1,0,0
random,120,0.018994172758480636,1,4,0,0
random,120,0.018994172758480636,2,5,0,0
random,120,0.01965167199695387,0,1,0,0
random,120,0.01965167199695387,1,4,0,0
random,120,0.01965167199695387,2,6,0,0
random,120,0.020717013932745772,0,2,0,0
random,120,0.020717013932745772,1,4,0,0
random,120,0.020717013932745772,2,6,0,0
random,120,0.023057160444170513,0,2,0,0
random,120,0.023057160444170513,1,4,0,0
random,120,0.023057160444170513,2,7,0,0
random,120,0.023469116930464246,0,3,0,0
random,120,0.023469116930464246,1,4,0,0
random,120,0.023469116930464246,2,7,0,0
random,120,0.024191552799738975,0,3,0,0
random,120,0.024191552799738975,1,5,0,0
random,120,0.024191552799738975,2,7,0,0
random,120,0.024792506807812673,0,3,0,0
random,120,0.024792506807812673,1,6,0,0
random,120,0.024792506807812673,2,7,0,0
random,120,0.0252832085617588,0,4,0,0
random,120,0.0252832085617588,1,6,0,0
random,120,0.0252832085617588,2,7,0,0
random,120,0.025826271579770424,0,4,0,0
random,120,0.025826271579770424,1,7,0,0
random,120,0.025826271579770424,2,7,0,0
random,120,0.02666883156314775,0,5,0,0
random,120,0.02666883156314775,1,7,0,0
random,120,0.02666883156314775,2,7,0,0
random,120,0.027088295955108442,0,5,0,0
random,120,0.027088295955108442,1,8,0,0
random,120,0.027088295955108442,2,7,0,0
random,120,0.027749194464613495,0,6,0,0
random,120,0.027749194464613495,1,8,0,0
random,120,0.027749194464613495,2,7,0,0
random,120,0.02864820779715134,0,6,0,0
random,120,0.02864820779715134,1,9,0,0
random,120,0.02864820779715134,2,7,0,0
random,120,0.03024207526668936,0,6,0,0
random,120,0.03024207526668936,1,9,0,0
random,120,0.03024207526668936,2,8,0,0
random,120,0.031023962189622056,0,7,0,0
random,120,0.031023962189622056,1,9,0,0
random,120,0.031023962189622056,2,8,0,0
random,120,0.03177098450346101,0,8,0,0
random,120,0.03177098450346101,1,9,0,0
random,120,0.03177098450346101,2,8,0,0
random,120,0.03222420410193807,0,9,0,0
random,120,0.03222420410193807,1,9,0,0
random,120,0.03222420410193807,2,8,0,0
random,120,0.03280783863409479,0,10,0,0
random,120,0.03280783863409479,1,9,0,0
random,120,0.03280783863409479,2,8,0,0
random,120,0.03365076484854424,0,10,0,0
random,120,0.03365076484854424,1,10,0,0
random,120,0.03365076484854424,2,8,0,0
random,120,0.0355180599381949,0,11,0,0
random,120,0.0355180599381949,1,10,0,0
random,120,0.0355180599381949,2,8,0,0
random,120,0.03655446425789028,0,11,0,0
random,120,0.03655446425789028,1,11,0,0
random,120,0.03655446425789028,2,8,0,0
random,120,0.038219761297050056,0,11,0,0
random,120,0.038219761297050056,1,12,0,0
random,120,0.038219761297050056,2,8,0,0
random,120,0.0388949286562753,0,11,0,0
random,120,0.0388949286562753,1,13,0,0
random,120,0.0388949286562753,2,8,0,0
random,120,0.03986098237245089,0,11,0,0
random,120,0.03986098237245089,1,13,0,0
random,120,0.03986098237245089,2,9,0,0
random,120,0.04113218602398598,0,11,0,0
random,120,0.04113218602398598,1,14,0,0
random,120,0.04113218602398598,2,9,0,0
random,120,0.04159505172772695,0,11,0,0
random,120,0.04159505172772695,1,15,0,0
random,120,0.04159505172772695,2,9,0,0
random,120,0.044536888140282956,0,12,0,0
random,120,0.044536888140282956,1,15,0,0
random,120,0.044536888140282956,2,9,0,0
random,120,0.04624837724753691,0,12,0,0
random,120,0.04624837724753691,1,15,0,0
random,120,0.04624837724753691,2,10,0,0
random,120,0.04685575993192696,0,13,0,0
random,120,0.04685575993192696,1,15,0,0
random,120,0.04685575993192696,2,10,0,0
random,120,0.047338491436534284,0,13,0,0
random,120,0.047338491436534284,1,15,0,0
random,120,0.047338491436534284,2,11,0,0
random,120,0.04960352152637996,0,13,0,0
random,120,0.04960352152637996,1,15,1,0
random,120,0.04960352152637996,2,11,0,0
random,120,0.05064841238034682,0,14,0,0
random,120,0.05064841238034682,1,15,1,0
random,120,0.05064841238034682,2,11,0,0
random,120,0.0512151134688299,0,14,0,0
random,120,0.0512151134688299,1,15,1,0
random,120,0.0512151134688299,2,10,0,1
random,120,0.0516815186299943,0,14,0,0
random,120,0.0516815186299943,1,15,1,0
random,120,0.0516815186299943,2,11,0,1
random,120,0.05400656473478522,0,14,0,0
random,120,0.05400656473478522,1,15,2,0
random,120,0.05400656473478522,2,11,0,1
random,120,0.05412826164054615,0,14,0,0
random,120,0.05412826164054615,1,15,2,0
random,120,0.05412826164054615,2,10,0,2
random,120,0.05466531220452806,0,14,0,0
random,120,0.05466531220452806,1,15,1,1
random,120,0.05466531220452806,2,10,0,2
random,120,0.057960051162624614,0,14,0,0
random,120,0.057960051162624614,1,15,0,2
random,120,0.057960051162624614,2,10,0,2
random,120,0.058517454309499256,0,14,0,0
random,120,0.058517454309499256,1,15,0,2
random,120,0.058517454309499256,2,9,0,3
random,120,0.06011521852180335,0,13,0,1
random,120,0.06011521852180335,1,15,0,2
random,120,0.06011521852180335,2,9,0,3
random,120,0.06467155689508043,0,13,0,1
random,120,0.06467155689508043,1,15,0,2
random,120,0.06467155689508043,2,8,0,4
random,120,0.06592686898257027,0,13,0,1
random,120,0.06592686898257027,1,15,1,2
random,120,0.06592686898257027,2,8,0,4
random,120,0.06604174982391607,0,13,0,1
random,120,0.06604174982391607,1,15,0,3
random,120,0.06604174982391607,2,8,0,4
random,120,0.06676552532680284,0,13,0,1
random,120,0.06676552532680284,1,15,0,3
random,120,0.06676552532680284,2,9,0,4
random,120,0.06723049747887809,0,13,0,1
random,120,0.06723049747887809,1,15,0,3
random,120,0.06723049747887809,2,10,0,4
random,120,0.06740553869860114,0,13,0,1
random,120,0.06740553869860114,1,15,0,3
random,120,0.06740553869860114,2,9,0,5
random,120,0.06778164717138016,0,14,0,1
random,120,0.06778164717138016,1,15,0,3
random,120,0.06778164717138016,2,9,0,5
random,120,0.06845130506874648,0,14,0,1
random,120,0.06845130506874648,1,15,1,3
random,120,0.06845130506874648,2,9,0,5
random,120,0.06899417275848063,0,14,0,1
random,120,0.06899417275848063,1,15,0,4
random,120,0.06899417275848063,2,9,0,5
random,120,0.06965167199695388,0,14,0,1
random,120,0.06965167199695388,1,15,0,4
random,120,0.06965167199695388,2,8,0,6
random,120,0.07010754537134967,0,14,0,1
random,120,0.07010754537134967,1,15,0,4
random,120,0.07010754537134967,2,9,0,6
random,120,0.07071701393274578,0,13,0,2
random,120,0.07071701393274578,1,15,0,4
random,120,0.07071701393274578,2,9,0,6
random,120,0.07073265017393351,0,13,0,2
random,120,0.07073265017393351,1,15,1,4
random,120,0.07073265017393351,2,9,0,6
random,120,0.07113940943260273,0,13,0,2
random,120,0.07113940943260273,1,15,2,4
random,120,0.07113940943260273,2,9,0,6
random,120,0.07166252914672726,0,14,0,2
random,120,0.07166252914672726,1,15,2,4
random,120,0.07166252914672726,2,9,0,6
random,120,0.07289691350870164,0,14,0,2
random,120,0.07289691350870164,1,15,3,4
random,120,0.07289691350870164,2,9,0,6
random,120,0.07305716044417052,0,14,0,2
random,120,0.07305716044417052,1,15,3,4
random,120,0.07305716044417052,2,8,0,7
random,120,0.07346911693046425,0,13,0,3
random,120,0.07346911693046425,1,15,3,4
random,120,0.07346911693046425,2,8,0,7
random,120,0.07373166836081237,0,13,0,3
random,120,0.07373166836081237,1,15,4,4
random,120,0.07373166836081237,2,8,0,7
random,120,0.07419155279973898,0,13,0,3
random,120,0.07419155279973898,1,15,3,5
random,120,0.07419155279973898,2,8,0,7
random,120,0.07427013196070792,0,13,0,3
random,120,0.07427013196070792,1,15,4,5
random,120,0.07427013196070792,2,8,0,7
random,120,0.07472668026042065,0,13,0,3
random,120,0.07472668026042065,1,15,5,5
random,120,0.07472668026042065,2,8,0,7
random,120,0.07479250680781267,0,13,0,3
random,120,0.07479250680781267,1,15,4,6
random,120,0.07479250680781267,2,8,0,7
random,120,0.0752832085617588,0,12,0,4
random,120,0.0752832085617588,1,15,4,6
random,120,0.0752832085617588,2,8,0,7
random,120,0.07582627157977043,0,12,0,4
random,120,0.07582627157977043,1,15,3,7
random,120,0.07582627157977043,2,8,0,7
random,120,0.07626996465720252,0,12,0,4
random,120,0.07626996465720252,1,15,3,7
random,120,0.07626996465720252,2,9,0,7
random,120,0.07666883156314776,0,11,0,5
random,120,0.07666883156314776,1,15,3,7
random,120,0.07666883156314776,2,9,0,7
random,120,0.07668978644471647,0,12,0,5
random,120,0.07668978644471647,1,15,3,7
random,120,0.07668978644471647,2,9,0,7
random,120,0.07708829595510844,0,12,0,5
random,120,0.07708829595510844,1,15,2,8
random,120,0.07708829595510844,2,9,0,7
random,120,0.07720629437924328,0,12,0,5
random,120,0.07720629437924328,1,15,2,8
random,120,0.07720629437924328,2,10,0,7
random,120,0.0777491944646135,0,11,0,6
random,120,0.0777491944646135,1,15,2,8
random,120,0.0777491944646135,2,10,0,7
random,120,0.07864820779715134,0,11,0,6
random,120,0.07864820779715134,1,15,1,9
random,120,0.07864820779715134,2,10,0,7
random,120,0.07875693976390548,0,11,0,6
random,120,0.07875693976390548,1,15,1,9
random,120,0.07875693976390548,2,11,0,7
random,120,0.08024207526668936,0,11,0,6
random,120,0.08024207526668936,1,15,1,9
random,120,0.08024207526668936,2,10,0,8
random,120,0.08102396218962206,0,10,0,7
random,120,0.08102396218962206,1,15,1,9
random,120,0.08102396218962206,2,10,0,8
random,120,0.08177098450346101,0,9,0,8
random,120,0.08177098450346101,1,15,1,9
random,120,0.08177098450346101,2,10,0,8
random,120,0.08222420410193806,0,8,0,9
random,120,0.08222420410193806,1,15,1,9
random,120,0.08222420410193806,2,10,0,8
random,120,0.0828078386340948,0,7,0,10
random,120,0.0828078386340948,1,15,1,9
random,120,0.0828078386340948,2,10,0,8
random,120,0.08300155182606232,0,7,0,10
random,120,0.08300155182606232,1,15,2,9
random,120,0.08300155182606232,2,10,0,8
random,120,0.08364096581545727,0,8,0,10
random,120,0.08364096581545727,1,15,2,9
random,120,0.08364096581545727,2,10,0,8
random,120,0.08365076484854425,0,8,0,10
random,120,0.08365076484854425,1,15,1,10
random,120,0.08365076484854425,2,10,0,8
random,120,0.0855180599381949,0,7,0,11
random,120,0.0855180599381949,1,15,1,10
random,120,0.0855180599381949,2,10,0,8
random,120,0.08655446425789029,0,7,0,11
random,120,0.08655446425789029,1,15,0,11
random,120,0.08655446425789029,2,10,0,8
random,120,0.08821976129705006,0,7,0,11
random,120,0.08821976129705006,1,14,0,12
random,120,0.08821976129705006,2,10,0,8
random,120,0.0888949286562753,0,7,0,11
random,120,0.0888949286562753,1,13,0,13
random,120,0.0888949286562753,2,10,0,8
random,120,0.0898609823724509,0,7,0,11
random,120,0.0898609823724509,1,13,0,13
random,120,0.0898609823724509,2,9,0,9
random,120,0.09113218602398598,0,7,0,11
random,120,0.09113218602398598,1,12,0,14
random,120,0.09113218602398598,2,9,0,9
random,120,0.09159505172772694,0,7,0,11
random,120,0.09159505172772694,1,11,0,15
random,120,0.09159505172772694,2,9,0,9
random,120,0.09453688814028297,0,6,0,12
random,120,0.09453688814028297,1,11,0,15
random,120,0.09453688814028297,2,9,0,9
random,120,0.09493964450558524,0,7,0,12
random,120,0.09493964450558524,1,11,0,15
random,120,0.09493964450558524,2,9,0,9
random,120,0.09564628996212596,0,7,0,12
random,120,0.09564628996212596,1,11,0,15
random,120,0.09564628996212596,2,10,0,9
random,120,0.0961405543606744,0,8,0,12
random,120,0.0961405543606744,1,11,0,15
random,120,0.0961405543606744,2,10,0,9
random,120,0.0962483772475369,0,8,0,12
random,120,0.0962483772475369,1,11,0,15
random,120,0.0962483772475369,2,9,0,10
random,120,0.09660137516191059,0,8,0,12
random,120,0.09660137516191059,1,12,0,15
random,120,0.09660137516191059,2,9,0,10
random,120,0.09685575993192697,0,7,0,13
random,120,0.09685575993192697,1,12,0,15
random,120,0.09685575993192697,2,9,0,10
random,120,0.09733849143653428,0,7,0,13
random,120,0.09733849143653428,1,12,0,15
random,120,0.09733849143653428,2,8,0,11
random,120,0.09785343007162413,0,8,0,13
random,120,0.09785343007162413,1,12,0,15
random,120,0.09785343007162413,2,8,0,11
random,120,0.098276903335267,0,9,0,13
random,120,0.098276903335267,1,12,0,15
random,120,0.098276903335267,2,8,0,11
random,120,0.0988317323038537,0,10,0,13
random,120,0.0988317323038537,1,12,0,15
random,120,0.0988317323038537,2,8,0,11
random,120,0.09975121908831977,0,10,0,13
random,120,0.09975121908831977,1,13,0,15
random,120,0.09975121908831977,2,8,0,11
random,120,0.10026289374334721,0,10,0,13
random,120,0.10026289374334721,1,13,0,15
random,120,0.10026289374334721,2,9,0,11
random,120,0.10064841238034683,0,9,0,14
random,120,0.10064841238034683,1,13,0,15
random,120,0.10064841238034683,2,9,0,11
random,120,0.10088839832024095,0,9,0,14
random,120,0.10088839832024095,1,14,0,15
random,120,0.10088839832024095,2,9,0,11
random,120,0.10132894388531033,0,9,0,14
random,120,0.10132894388531033,1,15,0,15
random,120,0.10132894388531033,2,9,0,11
random,120,0.1016815186299943,0,9,0,14
random,120,0.1016815186299943,1,15,0,15
random,120,0.1016815186299943,2,8,0,12
random,120,0.10192286266551398,0,9,0,14
random,120,0.10192286266551398,1,15,0,15
random,120,0.10192286266551398,2,9,0,12
random,120,0.1025016334532319,0,9,0,14
random,120,0.1025016334532319,1,15,1,15
random,120,0.1025016334532319,2,9,0,12
random,120,0.10295988627102418,0,10,0,14
random,120,0.10295988627102418,1,15,1,15
random,120,0.10295988627102418,2,9,0,12
random,120,0.10358700100617245,0,11,0,14
random,120,0.10358700100617245,1,15,1,15
random,120,0.10358700100617245,2,9,0,12
random,120,0.10436143552755155,0,11,0,14
random,120,0.10436143552755155,1,15,1,15
random,120,0.10436143552755155,2,10,0,12
random,120,0.10466531220452807,0,11,0,14
random,120,0.10466531220452807,1,15,0,16
random,120,0.10466531220452807,2,10,0,12
random,120,0.1052454109149982,0,11,0,14
random,120,0.1052454109149982,1,15,0,16
random,120,0.1052454109149982,2,11,0,12
random,120,0.10589277297350122,0,11,0,14
random,120,0.10589277297350122,1,15,0,16
random,120,0.10589277297350122,2,12,0,12
random,120,0.10661122835697369,0,12,0,14
random,120,0.10661122835697369,1,15,0,16
random,120,0.10661122835697369,2,12,0,12
random,120,0.10709184492444451,0,13,0,14
random,120,0.10709184492444451,1,15,0,16
random,120,0.10709184492444451,2,12,0,12
random,120,0.10781782466475565,0,13,0,14
random,120,0.10781782466475565,1,15,1,16
random,120,0.10781782466475565,2,12,0,12
random,120,0.10796005116262461,0,13,0,14
random,120,0.10796005116262461,1,15,0,17
random,120,0.10796005116262461,2,12,0,12
random,120,0.10826506761477607,0,13,0,14
random,120,0.10826506761477607,1,15,1,17
random,120,0.10826506761477607,2,12,0,12
random,120,0.10900779636324447,0,13,0,14
random,120,0.10900779636324447,1,15,1,17
random,120,0.10900779636324447,2,13,0,12
random,120,0.10945738480876205,0,13,0,14
random,120,0.10945738480876205,1,15,1,17
random,120,0.10945738480876205,2,14,0,12
random,120,0.11034480137333462,0,14,0,14
random,120,0.11034480137333462,1,15,1,17
random,120,0.11034480137333462,2,14,0,12
random,120,0.1108138986325663,0,14,0,14
random,120,0.1108138986325663,1,15,2,17
random,120,0.1108138986325663,2,14,0,12
random,120,0.11124852803841237,0,15,0,14
random,120,0.11124852803841237,1,15,2,17
random,120,0.11124852803841237,2,14,0,12
random,120,0.11191229103134374,0,15,0,14
random,120,0.11191229103134374,1,15,3,17
random,120,0.11191229103134374,2,14,0,12
random,120,0.11233788131724078,0,15,1,14
random,120,0.11233788131724078,1,15,3,17
random,120,0.11233788131724078,2,14,0,12
random,120,0.11318020512551777,0,15,1,14
random,120,0.11318020512551777,1,15,3,17
random,120,0.11318020512551777,2,15,0,12
random,120,0.11381854878328536,0,15,1,14
random,120,0.11381854878328536,1,15,3,17
random,120,0.11381854878328536,2,15,1,12
random,120,0.11443382146359739,0,15,2,14
random,120,0.11443382146359739,1,15,3,17
random,120,0.11443382146359739,2,15,1,12
random,120,0.11487697053767862,0,15,2,14
random,120,0.11487697053767862,1,15,3,17
random,120,0.11487697053767862,2,15,2,12
random,120,0.11553788902710337,0,15,3,14
random,120,0.11553788902710337,1,15,3,17
random,120,0.11553788902710337,2,15,2,12
random,120,0.11604174982391607,0,15,3,14
random,120,0.11604174982391607,1,15,2,18
random,120,0.11604174982391607,2,15,2,12
random,120,0.11662233111841888,0,15,3,14
random,120,0.11662233111841888,1,15,3,18
random,120,0.11662233111841888,2,15,2,12
random,120,0.11676552532680284,0,15,3,14
random,120,0.11676552532680284,1,15,3,18
random,120,0.11676552532680284,2,15,1,13
random,120,0.11723049747887809,0,15,3,14
random,120,0.11723049747887809,1,15,3,18
random,120,0.11723049747887809,2,15,0,14
random,120,0.11778164717138016,0,15,2,15
random,120,0.11778164717138016,1,15,3,18
random,120,0.11778164717138016,2,15,0,14
random,120,0.11782618037430038,0,15,2,15
random,120,0.11782618037430038,1,15,3,18
random,120,0.11782618037430038,2,15,1,14
random,120,0.11871471564782557,0,15,2,15
random,120,0.11871471564782557,1,15,4,18
random,120,0.11871471564782557,2,15,1,14
random,120,0.11899417275848063,0,15,2,15
random,120,0.11899417275848063,1,15,3,19
random,120,0.11899417275848063,2,15,1,14
random,120,0.11938048714574222,0,15,2,15
random,120,0.11938048714574222,1,15,4,19
random,120,0.11938048714574222,2,15,1,14
random,120,0.12010754537134967,0,15,2,15
random,120,0.12010754537134967,1,15,4,19
random,120,0.12010754537134967,2,15,0,15
random,120,0.12048768071877682,0,15,2,15
random,120,0.12048768071877682,1,15,5,19
random,120,0.12048768071877682,2,15,0,15
random,120,0.12166252914672726,0,15,1,16
random,120,0.12166252914672726,1,15,5,19
random,120,0.12166252914672726,2,15,0,15
random,120,0.12419155279973898,0,15,1,16
random,120,0.12419155279973898,1,15,4,20
random,120,0.12419155279973898,2,15,0,15
random,120,0.12479250680781268,0,15,1,16
random,120,0.12479250680781268,1,15,3,21
random,120,0.12479250680781268,2,15,0,15
random,120,0.12582627157977044,0,15,1,16
random,120,0.12582627157977044,1,15,2,22
random,120,0.12582627157977044,2,15,0,15
random,120,0.12626996465720253,0,15,1,16
random,120,0.12626996465720253,1,15,2,22
random,120,0.12626996465720253,2,14,0,16
random,120,0.12668978644471646,0,15,0,17
random,120,0.12668978644471646,1,15,2,22
random,120,0.12668978644471646,2,14,0,16
random,120,0.12708829595510845,0,15,0,17
random,120,0.12708829595510845,1,15,1,23
random,120,0.12708829595510845,2,14,0,16
random,120,0.1272062943792433,0,15,0,17
random,120,0.1272062943792433,1,15,1,23
random,120,0.1272062943792433,2,13,0,17
random,120,0.12864820779715136,0,15,0,17
random,120,0.12864820779715136,1,15,0,24
random,120,0.12864820779715136,2,13,0,17
random,120,0.12875693976390548,0,15,0,17
random,120,0.12875693976390548,1,15,0,24
random,120,0.12875693976390548,2,12,0,18
random,120,0.13005719245911077,0,15,0,17
random,120,0.13005719245911077,1,15,1,24
random,120,0.13005719245911077,2,12,0,18
random,120,0.13055141526095662,0,15,0,17
random,120,0.13055141526095662,1,15,2,24
random,120,0.13055141526095662,2,12,0,18
random,120,0.13126066504462003,0,15,1,17
random,120,0.13126066504462003,1,15,2,24
random,120,0.13126066504462003,2,12,0,18
random,120,0.13364096581545726,0,15,0,18
random,120,0.13364096581545726,1,15,2,24
random,120,0.13364096581545726,2,12,0,18
random,120,0.13365076484854427,0,15,0,18
random,120,0.13365076484854427,1,15,1,25
random,120,0.13365076484854427,2,12,0,18
random,120,0.1365544642578903,0,15,0,18
random,120,0.1365544642578903,1,15,0,26
random,120,0.1365544642578903,2,12,0,18
random,120,0.13793874953205473,0,15,1,18
random,120,0.13793874953205473,1,15,0,26
random,120,0.13793874953205473,2,12,0,18
random,120,0.1388889452495358,0,15,1,18
random,120,0.1388889452495358,1,15,0,26
random,120,0.1388889452495358,2,13,0,18
random,120,0.1395856941201089,0,15,1,18
random,120,0.1395856941201089,1,15,1,26
random,120,0.1395856941201089,2,13,0,18
random,120,0.14257092004771268,0,15,1,18
random,120,0.14257092004771268,1,15,1,26
random,120,0.14257092004771268,2,14,0,18
random,120,0.1436061027237365,0,15,1,18
random,120,0.1436061027237365,1,15,2,26
random,120,0.1436061027237365,2,14,0,18
random,120,0.14401814179254094,0,15,1,18
random,120,0.14401814179254094,1,15,2,26
random,120,0.14401814179254094,2,15,0,18
random,120,0.14450246118705237,0,15,2,18
random,120,0.14450246118705237,1,15,2,26
random,120,0.14450246118705237,2,15,0,18
random,120,0.14493964450558525,0,15,1,19
random,120,0.14493964450558525,1,15,2,26
random,120,0.14493964450558525,2,15,0,18
random,120,0.14501238134956673,0,15,1,19
random,120,0.14501238134956673,1,15,3,26
random,120,0.14501238134956673,2,15,0,18
random,120,0.1456047596260117,0,15,1,19
random,120,0.1456047596260117,1,15,3,26
random,120,0.1456047596260117,2,15,1,18
random,120,0.14564628996212597,0,15,1,19
random,120,0.14564628996212597,1,15,3,26
random,120,0.14564628996212597,2,15,0,19
random,120,0.14601137318113847,0,15,1,19
random,120,0.14601137318113847,1,15,3,26
random,120,0.14601137318113847,2,15,1,19
random,120,0.1461405543606744,0,15,0,20
random,120,0.1461405543606744,1,15,3,26
random,120,0.1461405543606744,2,15,1,19
random,120,0.14660137516191057,0,15,0,20
random,120,0.14660137516191057,1,15,2,27
random,120,0.14660137516191057,2,15,1,19
random,120,0.14785343007162413,0,14,0,21
random,120,0.14785343007162413,1,15,2,27
random,120,0.14785343007162413,2,15,1,19
random,120,0.148276903335267,0,13,0,22
random,120,0.148276903335267,1,15,2,27
random,120,0.148276903335267,2,15,1,19
random,120,0.14883173230385371,0,12,0,23
random,120,0.14883173230385371,1,15,2,27
random,120,0.14883173230385371,2,15,1,19
random,120,0.14948355973683078,0,13,0,23
random,120,0.14948355973683078,1,15,2,27
random,120,0.14948355973683078,2,15,1,19
random,120,0.1497512190883198,0,13,0,23
random,120,0.1497512190883198,1,15,1,28
random,120,0.1497512190883198,2,15,1,19
random,120,0.15000743291243918,0,14,0,23
random,120,0.15000743291243918,1,15,1,28
random,120,0.15000743291243918,2,15,1,19
random,120,0.15026289374334723,0,14,0,23
random,120,0.15026289374334723,1,15,1,28
random,120,0.15026289374334723,2,15,0,20
random,120,0.15088839832024095,0,14,0,23
random,120,0.15088839832024095,1,15,0,29
random,120,0.15088839832024095,2,15,0,20
random,120,0.15132894388531032,0,14,0,23
random,120,0.15132894388531032,1,14,0,30
random,120,0.15132894388531032,2,15,0,20
random,120,0.15192286266551397,0,14,0,23
random,120,0.15192286266551397,1,14,0,30
random,120,0.15192286266551397,2,14,0,21
random,120,0.15241365219747946,0,14,0,23
random,120,0.15241365219747946,1,15,0,30
random,120,0.15241365219747946,2,14,0,21
random,120,0.1529598862710242,0,13,0,24
random,120,0.1529598862710242,1,15,0,30
random,120,0.1529598862710242,2,14,0,21
random,120,0.15342927349013719,0,13,0,24
random,120,0.15342927349013719,1,15,1,30
random,120,0.15342927349013719,2,14,0,21
random,120,0.15358700100617245,0,12,0,25
random,120,0.15358700100617245,1,15,1,30
random,120,0.15358700100617245,2,14,0,21
random,120,0.1540895412749244,0,12,0,25
random,120,0.1540895412749244,1,15,2,30
random,120,0.1540895412749244,2,14,0,21
random,120,0.15436143552755155,0,12,0,25
random,120,0.15436143552755155,1,15,2,30
random,120,0.15436143552755155,2,13,0,22
random,120,0.15449005574631128,0,12,0,25
random,120,0.15449005574631128,1,15,2,30
random,120,0.15449005574631128,2,14,0,22
random,120,0.15466531220452806,0,12,0,25
random,120,0.15466531220452806,1,15,1,31
random,120,0.15466531220452806,2,14,0,22
random,120,0.15524541091499822,0,12,0,25
random,120,0.15524541091499822,1,15,1,31
random,120,0.15524541091499822,2,13,0,23
random,120,0.15589277297350124,0,12,0,25
random,120,0.15589277297350124,1,15,1,31
random,120,0.15589277297350124,2,12,0,24
random,120,0.1566112283569737,0,11,0,26
random,120,0.1566112283569737,1,15,1,31
random,120,0.1566112283569737,2,12,0,24
random,120,0.1570918449244445,0,10,0,27
random,120,0.1570918449244445,1,15,1,31
random,120,0.1570918449244445,2,12,0,24
random,120,0.15796005116262463,0,10,0,27
random,120,0.15796005116262463,1,15,0,32
random,120,0.15796005116262463,2,12,0,24
random,120,0.15900779636324447,0,10,0,27
random,120,0.15900779636324447,1,15,0,32
random,120,0.15900779636324447,2,11,0,25
random,120,0.15945738480876204,0,10,0,27
random,120,0.15945738480876204,1,15,0,32
random,120,0.15945738480876204,2,10,0,26
random,120,0.16034480137333462,0,9,0,28
random,120,0.16034480137333462,1,15,0,32
random,120,0.16034480137333462,2,10,0,26
random,120,0.1612485280384124,0,8,0,29
random,120,0.1612485280384124,1,15,0,32
random,120,0.1612485280384124,2,10,0,26
random,120,0.16318020512551779,0,8,0,29
random,120,0.16318020512551779,1,15,0,32
random,120,0.16318020512551779,2,9,0,27
random,120,0.16604174982391606,0,8,0,29
random,120,0.16604174982391606,1,14,0,33
random,120,0.16604174982391606,2,9,0,27
random,120,0.16676552532680283,0,8,0,29
random,120,0.16676552532680283,1,14,0,33
random,120,0.16676552532680283,2,8,0,28
random,120,0.16723049747887808,0,8,0,29
random,120,0.16723049747887808,1,14,0,33
random,120,0.16723049747887808,2,7,0,29
random,120,0.16778164717138017,0,7,0,30
random,120,0.16778164717138017,1,14,0,33
random,120,0.16778164717138017,2,7,0,29
random,120,0.16899417275848064,0,7,0,30
random,120,0.16899417275848064,1,13,0,34
random,120,0.16899417275848064,2,7,0,29
random,120,0.17010754537134967,0,7,0,30
random,120,0.17010754537134967,1,13,0,34
random,120,0.17010754537134967,2,6,0,30
random,120,0.17166252914672725,0,6,0,31
random,120,0.17166252914672725,1,13,0,34
random,120,0.17166252914672725,2,6,0,30
random,120,0.17419155279973897,0,6,0,31
random,120,0.17419155279973897,1,12,0,35
random,120,0.17419155279973897,2,6,0,30
random,120,0.17479250680781266,0,6,0,31
random,120,0.17479250680781266,1,11,0,36
random,120,0.17479250680781266,2,6,0,30
random,120,0.17582627157977043,0,6,0,31
random,120,0.17582627157977043,1,10,0,37
random,120,0.17582627157977043,2,6,0,30
random,120,0.17668978644471645,0,5,0,32
random,120,0.17668978644471645,1,10,0,37
random,120,0.17668978644471645,2,6,0,30
random,120,0.17708829595510844,0,5,0,32
random,120,0.17708829595510844,1,9,0,38
random,120,0.17708829595510844,2,6,0,30
random,120,0.17864820779715135,0,5,0,32
random,120,0.17864820779715135,1,8,0,39
random,120,0.17864820779715135,2,6,0,30
random,120,0.18364096581545725,0,4,0,33
random,120,0.18364096581545725,1,8,0,39
random,120,0.18364096581545725,2,6,0,30
random,120,0.18365076484854426,0,4,0,33
random,120,0.18365076484854426,1,7,0,40
random,120,0.18365076484854426,2,6,0,30
random,120,0.1865544642578903,0,4,0,33
random,120,0.1865544642578903,1,6,0,41
random,120,0.1865544642578903,2,6,0,30
random,120,0.1888889452495358,0,4,0,33
random,120,0.1888889452495358,1,6,0,41
random,120,0.1888889452495358,2,5,0,31
random,120,0.1925709200477127,0,4,0,33
random,120,0.1925709200477127,1,6,0,41
random,120,0.1925709200477127,2,4,0,32
random,120,0.19401814179254095,0,4,0,33
random,120,0.19401814179254095,1,6,0,41
random,120,0.19401814179254095,2,3,0,33
random,120,0.19493964450558526,0,3,0,34
random,120,0.19493964450558526,1,6,0,41
random,120,0.19493964450558526,2,3,0,33
random,120,0.19564628996212596,0,3,0,34
random,120,0.19564628996212596,1,6,0,41
random,120,0.19564628996212596,2,2,0,34
random,120,0.1961405543606744,0,2,0,35
random,120,0.1961405543606744,1,6,0,41
random,120,0.1961405543606744,2,2,0,34
random,120,0.19660137516191056,0,2,0,35
random,120,0.19660137516191056,1,5,0,42
random,120,0.19660137516191056,2,2,0,34
random,120,0.1994835597368308,0,1,0,36
random,120,0.1994835597368308,1,5,0,42
random,120,0.1994835597368308,2,2,0,34
random,120,0.19975121908831978,0,1,0,36
random,120,0.19975121908831978,1,4,0,43
random,120,0.19975121908831978,2,2,0,34
random,120,0.20000743291243916,0,0,0,37
random,120,0.20000743291243916,1,4,0,43
random,120,0.20000743291243916,2,2,0,34
random,120,0.20026289374334721,0,0,0,37
random,120,0.20026289374334721,1,4,0,43
random,120,0.20026289374334721,2,1,0,35
random,120,0.20088839832024097,0,0,0,37
random,120,0.20088839832024097,1,3,0,44
random,120,0.20088839832024097,2,1,0,35
random,120,0.20241365219747948,0,0,0,37
random,120,0.20241365219747948,1,2,0,45
random,120,0.20241365219747948,2,1,0,35
random,120,0.2044900557463113,0,0,0,37
random,120,0.2044900557463113,1,2,0,45
random,120,0.2044900557463113,2,0,0,36
random,120,0.20466531220452805,0,0,0,37
random,120,0.20466531220452805,1,1,0,46
random,120,0.20466531220452805,2,0,0,36
random,120,0.20796005116262462,0,0,0,37
random,120,0.20796005116262462,1,0,0,47
random,120,0.20796005116262462,2,0,0,36
round_robin,30,0,0,0,0,0
round_robin,30,0,1,0,0,0
round_robin,30,0,2,0,0,0
round_robin,30,0.001215113468829894,0,1,0,0
round_robin,30,0.001215113468829894,1,0,0,0
round_robin,30,0.001215113468829894,2,0,0,0
round_robin,30,0.004128261640546147,0,1,0,0
round_robin,30,0.004128261640546147,1,1,0,0
round_robin,30,0.004128261640546147,2,0,0,0
round_robin,30,0.004665312204528059,0,1,0,0
round_robin,30,0.004665312204528059,1,1,0,0
round_robin,30,0.004665312204528059,2,1,0,0
round_robin,30,0.007960051162624611,0,2,0,0
round_robin,30,0.007960051162624611,1,1,0,0
round_robin,30,0.007960051162624611,2,1,0,0
round_robin,30,0.008517454309499255,0,2,0,0
round_robin,30,0.008517454309499255,1,2,0,0
round_robin,30,0.008517454309499255,2,1,0,0
round_robin,30,0.010115218521803342,0,2,0,0
round_robin,30,0.010115218521803342,1,2,0,0
round_robin,30,0.010115218521803342,2,2,0,0
round_robin,30,0.014671556895080432,0,3,0,0
round_robin,30,0.014671556895080432,1,2,0,0
round_robin,30,0.014671556895080432,2,2,0,0
round_robin,30,0.016041749823916065,0,3,0,0
round_robin,30,0.016041749823916065,1,3,0,0
round_robin,30,0.016041749823916065,2,2,0,0
round_robin,30,0.017405538698601133,0,3,0,0
round_robin,30,0.017405538698601133,1,3,0,0
round_robin,30,0.017405538698601133,2,3,0,0
round_robin,30,0.018994172758480636,0,4,0,0
round_robin,30,0.018994172758480636,1,3,0,0
round_robin,30,0.018994172758480636,2,3,0,0
round_robin,30,0.01965167199695387,0,4,0,0
round_robin,30,0.01965167199695387,1,4,0,0
round_robin,30,0.01965167199695387,2,3,0,0
round_robin,30,0.020717013932745772,0,4,0,0
round_robin,30,0.020717013932745772,1,4,0,0
round_robin,30,0.020717013932745772,2,4,0,0
round_robin,30,0.023057160444170513,0,5,0,0
round_robin,30,0.023057160444170513,1,4,0,0
round_robin,30,0.023057160444170513,2,4,0,0
round_robin,30,0.023469116930464246,0,5,0,0
round_robin,30,0.023469116930464246,1,5,0,0
round_robin,30,0.023469116930464246,2,4,0,0
round_robin,30,0.024191552799738975,0,5,0,0
round_robin,30,0.024191552799738975,1,5,0,0
round_robin,30,0.024191552799738975,2,5,0,0
round_robin,30,0.024792506807812673,0,6,0,0
round_robin,30,0.024792506807812673,1,5,0,0
round_robin,30,0.024792506807812673,2,5,0,0
round_robin,30,0.0252832085617588,0,6,0,0
round_robin,30,0.0252832085617588,1,6,0,0
round_robin,30,0.0252832085617588,2,5,0,0
round_robin,30,0.025826271579770424,0,6,0,0
round_robin,30,0.025826271579770424,1,6,0,0
round_robin,30,0.025826271579770424,2,6,0,0
round_robin,30,0.02666883156314775,0,7,0,0
round_robin,30,0.02666883156314775,1,6,0,0
round_robin,30,0.02666883156314775,2,6,0,0
round_robin,30,0.027088295955108442,0,7,0,0
round_robin,30,0.027088295955108442,1,7,0,0
round_robin,30,0.027088295955108442,2,6,0,0
round_robin,30,0.027749194464613495,0,7,0,0
round_robin,30,0.027749194464613495,1,7,0,0
round_robin,30,0.027749194464613495,2,7,0,0
round_robin,30,0.02864820779715134,0,8,0,0
round_robin,30,0.02864820779715134,1,7,0,0
round_robin,30,0.02864820779715134,2,7,0,0
round_robin,30,0.03024207526668936,0,8,0,0
round_robin,30,0.03024207526668936,1,8,0,0
round_robin,30,0.03024207526668936,2,7,0,0
round_robin,30,0.031023962189622056,0,8,0,0
round_robin,30,0.031023962189622056,1,8,0,0
round_robin,30,0.031023962189622056,2,8,0,0
round_robin,30,0.03177098450346101,0,9,0,0
round_robin,30,0.03177098450346101,1,8,0,0
round_robin,30,0.03177098450346101,2,8,0,0
round_robin,30,0.03222420410193807,0,9,0,0
round_robin,30,0.03222420410193807,1,9,0,0
round_robin,30,0.03222420410193807,2,8,0,0
round_robin,30,0.03280783863409479,0,9,0,0
round_robin,30,0.03280783863409479,1,9,0,0
round_robin,30,0.03280783863409479,2,9,0,0
round_robin,30,0.03365076484854424,0,10,0,0
round_robin,30,0.03365076484854424,1,9,0,0
round_robin,30,0.03365076484854424,2,9,0,0
round_robin,30,0.0355180599381949,0,10,0,0
round_robin,30,0.0355180599381949,1,10,0,0
round_robin,30,0.0355180599381949,2,9,0,0
round_robin,30,0.03655446425789028,0,10,0,0
round_robin,30,0.03655446425789028,1,10,0,0
round_robin,30,0.03655446425789028,2,10,0,0
round_robin,30,0.0512151134688299,0,9,0,1
round_robin,30,0.0512151134688299,1,10,0,0
round_robin,30,0.0512151134688299,2,10,0,0
round_robin,30,0.05412826164054615,0,9,0,1
round_robin,30,0.05412826164054615,1,9,0,1
round_robin,30,0.05412826164054615,2,10,0,0
round_robin,30,0.05466531220452806,0,9,0,1
round_robin,30,0.05466531220452806,1,9,0,1
round_robin,30,0.05466531220452806,2,9,0,1
round_robin,30,0.057960051162624614,0,8,0,2
round_robin,30,0.057960051162624614,1,9,0,1
round_robin,30,0.057960051162624614,2,9,0,1
round_robin,30,0.058517454309499256,0,8,0,2
round_robin,30,0.058517454309499256,1,8,0,2
round_robin,30,0.058517454309499256,2,9,0,1
round_robin,30,0.06011521852180335,0,8,0,2
round_robin,30,0.06011521852180335,1,8,0,2
round_robin,30,0.06011521852180335,2,8,0,2
round_robin,30,0.06467155689508043,0,7,0,3
round_robin,30,0.06467155689508043,1,8,0,2
round_robin,30,0.06467155689508043,2,8,0,2
round_robin,30,0.06604174982391607,0,7,0,3
round_robin,30,0.06604174982391607,1,7,0,3
round_robin,30,0.06604174982391607,2,8,0,2
round_robin,30,0.06740553869860114,0,7,0,3
round_robin,30,0.06740553869860114,1,7,0,3
round_robin,30,0.06740553869860114,2,7,0,3
round_robin,30,0.06899417275848063,0,6,0,4
round_robin,30,0.06899417275848063,1,7,0,3
round_robin,30,0.06899417275848063,2,7,0,3
round_robin,30,0.06965167199695388,0,6,0,4
round_robin,30,0.06965167199695388,1,6,0,4
round_robin,30,0.06965167199695388,2,7,0,3
round_robin,30,0.07071701393274578,0,6,0,4
round_robin,30,0.07071701393274578,1,6,0,4
round_robin,30,0.07071701393274578,2,6,0,4
round_robin,30,0.07305716044417052,0,5,0,5
round_robin,30,0.07305716044417052,1,6,0,4
round_robin,30,0.07305716044417052,2,6,0,4
round_robin,30,0.07346911693046425,0,5,0,5
round_robin,30,0.07346911693046425,1,5,0,5
round_robin,30,0.07346911693046425,2,6,0,4
round_robin,30,0.07419155279973898,0,5,0,5
round_robin,30,0.07419155279973898,1,5,0,5
round_robin,30,0.07419155279973898,2,5,0,5
round_robin,30,0.07479250680781267,0,4,0,6
round_robin,30,0.07479250680781267,1,5,0,5
round_robin,30,0.07479250680781267,2,5,0,5
round_robin,30,0.0752832085617588,0,4,0,6
round_robin,30,0.0752832085617588,1,4,0,6
round_robin,30,0.0752832085617588,2,5,0,5
round_robin,30,0.07582627157977043,0,4,0,6
round_robin,30,0.07582627157977043,1,4,0,6
round_robin,30,0.07582627157977043,2,4,0,6
round_robin,30,0.07666883156314776,0,3,0,7
round_robin,30,0.07666883156314776,1,4,0,6
round_robin,30,0.07666883156314776,2,4,0,6
round_robin,30,0.07708829595510844,0,3,0,7
round_robin,30,0.07708829595510844,1,3,0,7
round_robin,30,0.07708829595510844,2,4,0,6
round_robin,30,0.0777491944646135,0,3,0,7
round_robin,30,0.0777491944646135,1,3,0,7
round_robin,30,0.0777491944646135,2,3,0,7
round_robin,30,0.07864820779715134,0,2,0,8
round_robin,30,0.07864820779715134,1,3,0,7
round_robin,30,0.07864820779715134,2,3,0,7
round_robin,30,0.08024207526668936,0,2,0,8
round_robin,30,0.08024207526668936,1,2,0,8
round_robin,30,0.08024207526668936,2,3,0,7
round_robin,30,0.08102396218962206,0,2,0,8
round_robin,30,0.08102396218962206,1,2,0,8
round_robin,30,0.08102396218962206,2,2,0,8
round_robin,30,0.08177098450346101,0,1,0,9
round_robin,30,0.08177098450346101,1,2,0,8
round_robin,30,0.08177098450346101,2,2,0,8
round_robin,30,0.08222420410193806,0,1,0,9
round_robin,30,0.08222420410193806,1,1,0,9
round_robin,30,0.08222420410193806,2,2,0,8
round_robin,30,0.0828078386340948,0,1,0,9
round_robin,30,0.0828078386340948,1,1,0,9
round_robin,30,0.0828078386340948,2,1,0,9
round_robin,30,0.08365076484854425,0,0,0,10
round_robin,30,0.08365076484854425,1,1,0,9
round_robin,30,0.08365076484854425,2,1,0,9
round_robin,30,0.0855180599381949,0,0,0,10
round_robin,30,0.0855180599381949,1,0,0,10
round_robin,30,0.0855180599381949,2,1,0,9
round_robin,30,0.08655446425789029,0,0,0,10
round_robin,30,0.08655446425789029,1,0,0,10
round_robin,30,0.08655446425789029,2,0,0,10
round_robin,60,0,0,0,0,0
round_robin,60,0,1,0,0,0
round_robin,60,0,2,0,0,0
round_robin,60,0.001215113468829894,0,1,0,0
round_robin,60,0.001215113468829894,1,0,0,0
round_robin,60,0.001215113468829894,2,0,0,0
round_robin,60,0.004128261640546147,0,1,0,0
round_robin,60,0.004128261640546147,1,1,0,0
round_robin,60,0.004128261640546147,2,0,0,0
round_robin,60,0.004665312204528059,0,1,0,0
round_robin,60,0.004665312204528059,1,1,0,0
round_robin,60,0.004665312204528059,2,1,0,0
round_robin,60,0.007960051162624611,0,2,0,0
round_robin,60,0.007960051162624611,1,1,0,0
round_robin,60,0.007960051162624611,2,1,0,0
round_robin,60,0.008517454309499255,0,2,0,0
round_robin,60,0.008517454309499255,1,2,0,0
round_robin,60,0.008517454309499255,2,1,0,0
round_robin,60,0.010115218521803342,0,2,0,0
round_robin,60,0.010115218521803342,1,2,0,0
round_robin,60,0.010115218521803342,2,2,0,0
round_robin,60,0.014671556895080432,0,3,0,0
round_robin,60,0.014671556895080432,1,2,0,0
round_robin,60,0.014671556895080432,2,2,0,0
round_robin,60,0.016041749823916065,0,3,0,0
round_robin,60,0.016041749823916065,1,3,0,0
round_robin,60,0.016041749823916065,2,2,0,0
round_robin,60,0.017405538698601133,0,3,0,0
round_robin,60,0.017405538698601133,1,3,0,0
round_robin,60,0.017405538698601133,2,3,0,0
round_robin,60,0.018994172758480636,0,4,0,0
round_robin,60,0.018994172758480636,1,3,0,0
round_robin,60,0.018994172758480636,2,3,0,0
round_robin,60,0.01965167199695387,0,4,0,0
round_robin,60,0.01965167199695387,1,4,0,0
round_robin,60,0.01965167199695387,2,3,0,0
round_robin,60,0.020717013932745772,0,4,0,0
round_robin,60,0.020717013932745772,1,4,0,0
round_robin,60,0.020717013932745772,2,4,0,0
round_robin,60,0.023057160444170513,0,5,0,0
round_robin,60,0.023057160444170513,1,4,0,0
round_robin,60,0.023057160444170513,2,4,0,0
round_robin,60,0.023469116930464246,0,5,0,0
round_robin,60,0.023469116930464246,1,5,0,0
round_robin,60,0.023469116930464246,2,4,0,0
round_robin,60,0.024191552799738975,0,5,0,0
round_robin,60,0.024191552799738975,1,5,0,0
round_robin,60,0.024191552799738975,2,5,0,0
round_robin,60,0.024792506807812673,0,6,0,0
round_robin,60,0.024792506807812673,1,5,0,0
round_robin,60,0.024792506807812673,2,5,0,0
round_robin,60,0.0252832085617588,0,6,0,0
round_robin,60,0.0252832085617588,1,6,0,0
round_robin,60,0.0252832085617588,2,5,0,0
round_robin,60,0.025826271579770424,0,6,0,0
round_robin,60,0.025826271579770424,1,6,0,0
round_robin,60,0.025826271579770424,2,6,0,0
round_robin,60,0.02666883156314775,0,7,0,0
round_robin,60,0.02666883156314775,1,6,0,0
round_robin,60,0.02666883156314775,2,6,0,0
round_robin,60,0.027088295955108442,0,7,0,0
round_robin,60,0.027088295955108442,1,7,0,0
round_robin,60,0.027088295955108442,2,6,0,0
round_robin,60,0.027749194464613495,0,7,0,0
round_robin,60,0.027749194464613495,1,7,0,0
round_robin,60,0.027749194464613495,2,7,0,0
round_robin,60,0.02864820779715134,0,8,0,0
round_robin,60,0.02864820779715134,1,7,0,0
round_robin,60,0.02864820779715134,2,7,0,0
round_robin,60,0.03024207526668936,0,8,0,0
round_robin,60,0.03024207526668936,1,8,0,0
round_robin,60,0.03024207526668936,2,7,0,0
round_robin,60,0.031023962189622056,0,8,0,0
round_robin,60,0.031023962189622056,1,8,0,0
round_robin,60,0.031023962189622056,2,8,0,0
round_robin,60,0.03177098450346101,0,9,0,0
round_robin,60,0.03177098450346101,1,8,0,0
round_robin,60,0.03177098450346101,2,8,0,0
round_robin,60,0.03222420410193807,0,9,0,0
round_robin,60,0.03222420410193807,1,9,0,0
round_robin,60,0.03222420410193807,2,8,0,0
round_robin,60,0.03280783863409479,0,9,0,0
round_robin,60,0.03280783863409479,1,9,0,0
round_robin,60,0.03280783863409479,2,9,0,0
round_robin,60,0.03365076484854424,0,10,0,0
round_robin,60,0.03365076484854424,1,9,0,0
round_robin,60,0.03365076484854424,2,9,0,0
round_robin,60,0.0355180599381949,0,10,0,0
round_robin,60,0.0355180599381949,1,10,0,0
round_robin,60,0.0355180599381949,2,9,0,0
round_robin,60,0.03655446425789028,0,10,0,0
round_robin,60,0.03655446425789028,1,10,0,0
round_robin,60,0.03655446425789028,2,10,0,0
round_robin,60,0.038219761297050056,0,11,0,0
round_robin,60,0.038219761297050056,1,10,0,0
round_robin,60,0.038219761297050056,2,10,0,0
round_robin,60,0.0388949286562753,0,11,0,0
round_robin,60,0.0388949286562753,1,11,0,0
round_robin,60,0.0388949286562753,2,10,0,0
round_robin,60,0.03986098237245089,0,11,0,0
round_robin,60,0.03986098237245089,1,11,0,0
round_robin,60,0.03986098237245089,2,11,0,0
round_robin,60,0.04113218602398598,0,12,0,0
round_robin,60,0.04113218602398598,1,11,0,0
round_robin,60,0.04113218602398598,2,11,0,0
round_robin,60,0.04159505172772695,0,12,0,0
round_robin,60,0.04159505172772695,1,12,0,0
round_robin,60,0.04159505172772695,2,11,0,0
round_robin,60,0.044536888140282956,0,12,0,0
round_robin,60,0.044536888140282956,1,12,0,0
round_robin,60,0.044536888140282956,2,12,0,0
round_robin,60,0.04624837724753691,0,13,0,0
round_robin,60,0.04624837724753691,1,12,0,0
round_robin,60,0.04624837724753691,2,12,0,0
round_robin,60,0.04685575993192696,0,13,0,0
round_robin,60,0.04685575993192696,1,13,0,0
round_robin,60,0.04685575993192696,2,12,0,0
round_robin,60,0.047338491436534284,0,13,0,0
round_robin,60,0.047338491436534284,1,13,0,0
round_robin,60,0.047338491436534284,2,13,0,0
round_robin,60,0.04960352152637996,0,14,0,0
round_robin,60,0.04960352152637996,1,13,0,0
round_robin,60,0.04960352152637996,2,13,0,0
round_robin,60,0.05064841238034682,0,14,0,0
round_robin,60,0.05064841238034682,1,14,0,0
round_robin,60,0.05064841238034682,2,13,0,0
round_robin,60,0.0512151134688299,0,13,0,1
round_robin,60,0.0512151134688299,1,14,0,0
round_robin,60,0.0512151134688299,2,13,0,0
round_robin,60,0.0516815186299943,0,13,0,1
round_robin,60,0.0516815186299943,1,14,0,0
round_robin,60,0.0516815186299943,2,14,0,0
round_robin,60,0.05400656473478522,0,14,0,1
round_robin,60,0.05400656473478522,1,14,0,0
round_robin,60,0.05400656473478522,2,14,0,0
round_robin,60,0.05412826164054615,0,14,0,1
round_robin,60,0.05412826164054615,1,13,0,1
round_robin,60,0.05412826164054615,2,14,0,0
round_robin,60,0.05466531220452806,0,14,0,1
round_robin,60,0.05466531220452806,1,13,0,1
round_robin,60,0.05466531220452806,2,13,0,1
round_robin,60,0.057960051162624614,0,13,0,2
round_robin,60,0.057960051162624614,1,13,0,1
round_robin,60,0.057960051162624614,2,13,0,1
round_robin,60,0.058517454309499256,0,13,0,2
round_robin,60,0.058517454309499256,1,12,0,2
round_robin,60,0.058517454309499256,2,13,0,1
round_robin,60,0.06011521852180335,0,13,0,2
round_robin,60,0.06011521852180335,1,12,0,2
round_robin,60,0.06011521852180335,2,12,0,2
round_robin,60,0.06467155689508043,0,12,0,3
round_robin,60,0.06467155689508043,1,12,0,2
round_robin,60,0.06467155689508043,2,12,0,2
round_robin,60,0.06592686898257027,0,12,0,3
round_robin,60,0.06592686898257027,1,13,0,2
round_robin,60,0.06592686898257027,2,12,0,2
round_robin,60,0.06604174982391607,0,12,0,3
round_robin,60,0.06604174982391607,1,12,0,3
round_robin,60,0.06604174982391607,2,12,0,2
round_robin,60,0.06676552532680284,0,12,0,3
round_robin,60,0.06676552532680284,1,12,0,3
round_robin,60,0.06676552532680284,2,13,0,2
round_robin,60,0.06723049747887809,0,13,0,3
round_robin,60,0.06723049747887809,1,12,0,3
round_robin,60,0.06723049747887809,2,13,0,2
round_robin,60,0.06740553869860114,0,13,0,3
round_robin,60,0.06740553869860114,1,12,0,3
round_robin,60,0.06740553869860114,2,12,0,3
round_robin,60,0.06778164717138016,0,13,0,3
round_robin,60,0.06778164717138016,1,13,0,3
round_robin,60,0.06778164717138016,2,12,0,3
round_robin,60,0.06845130506874648,0,13,0,3
round_robin,60,0.06845130506874648,1,13,0,3
round_robin,60,0.06845130506874648,2,13,0,3
round_robin,60,0.06899417275848063,0,12,0,4
round_robin,60,0.06899417275848063,1,13,0,3
round_robin,60,0.06899417275848063,2,13,0,3
round_robin,60,0.06965167199695388,0,12,0,4
round_robin,60,0.06965167199695388,1,12,0,4
round_robin,60,0.06965167199695388,2,13,0,3
round_robin,60,0.07010754537134967,0,13,0,4
round_robin,60,0.07010754537134967,1,12,0,4
round_robin,60,0.07010754537134967,2,13,0,3
round_robin,60,0.07071701393274578,0,13,0,4
round_robin,60,0.07071701393274578,1,12,0,4
round_robin,60,0.07071701393274578,2,12,0,4
round_robin,60,0.07073265017393351,0,13,0,4
round_robin,60,0.07073265017393351,1,13,0,4
round_robin,60,0.07073265017393351,2,12,0,4
round_robin,60,0.07113940943260273,0,13,0,4
round_robin,60,0.07113940943260273,1,13,0,4
round_robin,60,0.07113940943260273,2,13,0,4
round_robin,60,0.07166252914672726,0,14,0,4
round_robin,60,0.07166252914672726,1,13,0,4
round_robin,60,0.07166252914672726,2,13,0,4
round_robin,60,0.07289691350870164,0,14,0,4
round_robin,60,0.07289691350870164,1,14,0,4
round_robin,60,0.07289691350870164,2,13,0,4
round_robin,60,0.07305716044417052,0,13,0,5
round_robin,60,0.07305716044417052,1,14,0,4
round_robin,60,0.07305716044417052,2,13,0,4
round_robin,60,0.07346911693046425,0,13,0,5
round_robin,60,0.07346911693046425,1,13,0,5
round_robin,60,0.07346911693046425,2,13,0,4
round_robin,60,0.07373166836081237,0,13,0,5
round_robin,60,0.07373166836081237,1,13,0,5
round_robin,60,0.07373166836081237,2,14,0,4
round_robin,60,0.07419155279973898,0,13,0,5
round_robin,60,0.07419155279973898,1,13,0,5
round_robin,60,0.07419155279973898,2,13,0,5
round_robin,60,0.07427013196070792,0,14,0,5
round_robin,60,0.07427013196070792,1,13,0,5
round_robin,60,0.07427013196070792,2,13,0,5
round_robin,60,0.07472668026042065,0,14,0,5
round_robin,60,0.07472668026042065,1,14,0,5
round_robin,60,0.07472668026042065,2,13,0,5
round_robin,60,0.07479250680781267,0,13,0,6
round_robin,60,0.07479250680781267,1,14,0,5
round_robin,60,0.07479250680781267,2,13,0,5
round_robin,60,0.0752832085617588,0,13,0,6
round_robin,60,0.0752832085617588,1,13,0,6
round_robin,60,0.0752832085617588,2,13,0,5
round_robin,60,0.07582627157977043,0,13,0,6
round_robin,60,0.07582627157977043,1,13,0,6
round_robin,60,0.07582627157977043,2,12,0,6
round_robin,60,0.07626996465720252,0,13,0,6
round_robin,60,0.07626996465720252,1,13,0,6
round_robin,60,0.07626996465720252,2,13,0,6
round_robin,60,0.07666883156314776,0,12,0,7
round_robin,60,0.07666883156314776,1,13,0,6
round_robin,60,0.07666883156314776,2,13,0,6
round_robin,60,0.07668978644471647,0,13,0,7
round_robin,60,0.07668978644471647,1,13,0,6
round_robin,60,0.07668978644471647,2,13,0,6
round_robin,60,0.07708829595510844,0,13,0,7
round_robin,60,0.07708829595510844,1,12,0,7
round_robin,60,0.07708829595510844,2,13,0,6
round_robin,60,0.07720629437924328,0,13,0,7
round_robin,60,0.07720629437924328,1,13,0,7
round_robin,60,0.07720629437924328,2,13,0,6
round_robin,60,0.0777491944646135,0,13,0,7
round_robin,60,0.0777491944646135,1,13,0,7
round_robin,60,0.0777491944646135,2,12,0,7
round_robin,60,0.07864820779715134,0,12,0,8
round_robin,60,0.07864820779715134,1,13,0,7
round_robin,60,0.07864820779715134,2,12,0,7
round_robin,60,0.07875693976390548,0,12,0,8
round_robin,60,0.07875693976390548,1,13,0,7
round_robin,60,0.07875693976390548,2,13,0,7
round_robin,60,0.08024207526668936,0,12,0,8
round_robin,60,0.08024207526668936,1,12,0,8
round_robin,60,0.08024207526668936,2,13,0,7
round_robin,60,0.08102396218962206,0,12,0,8
round_robin,60,0.08102396218962206,1,12,0,8
round_robin,60,0.08102396218962206,2,12,0,8
round_robin,60,0.08177098450346101,0,11,0,9
round_robin,60,0.08177098450346101,1,12,0,8
round_robin,60,0.08177098450346101,2,12,0,8
round_robin,60,0.08222420410193806,0,11,0,9
round_robin,60,0.08222420410193806,1,11,0,9
round_robin,60,0.08222420410193806,2,12,0,8
round_robin,60,0.0828078386340948,0,11,0,9
round_robin,60,0.0828078386340948,1,11,0,9
round_robin,60,0.0828078386340948,2,11,0,9
round_robin,60,0.08365076484854425,0,10,0,10
round_robin,60,0.08365076484854425,1,11,0,9
round_robin,60,0.08365076484854425,2,11,0,9
round_robin,60,0.0855180599381949,0,10,0,10
round_robin,60,0.0855180599381949,1,10,0,10
round_robin,60,0.0855180599381949,2,11,0,9
round_robin,60,0.08655446425789029,0,10,0,10
round_robin,60,0.08655446425789029,1,10,0,10
round_robin,60,0.08655446425789029,2,10,0,10
round_robin,60,0.08821976129705006,0,9,0,11
round_robin,60,0.08821976129705006,1,10,0,10
round_robin,60,0.08821976129705006,2,10,0,10
round_robin,60,0.0888949286562753,0,9,0,11
round_robin,60,0.0888949286562753,1,9,0,11
round_robin,60,0.0888949286562753,2,10,0,10
round_robin,60,0.0898609823724509,0,9,0,11
round_robin,60,0.0898609823724509,1,9,0,11
round_robin,60,0.0898609823724509,2,9,0,11
round_robin,60,0.09113218602398598,0,8,0,12
round_robin,60,0.09113218602398598,1,9,0,11
round_robin,60,0.09113218602398598,2,9,0,11
round_robin,60,0.09159505172772694,0,8,0,12
round_robin,60,0.09159505172772694,1,8,0,12
round_robin,60,0.09159505172772694,2,9,0,11
round_robin,60,0.09453688814028297,0,8,0,12
round_robin,60,0.09453688814028297,1,8,0,12
round_robin,60,0.09453688814028297,2,8,0,12
round_robin,60,0.0962483772475369,0,7,0,13
round_robin,60,0.0962483772475369,1,8,0,12
round_robin,60,0.0962483772475369,2,8,0,12
round_robin,60,0.09685575993192697,0,7,0,13
round_robin,60,0.09685575993192697,1,7,0,13
round_robin,60,0.09685575993192697,2,8,0,12
round_robin,60,0.09733849143653428,0,7,0,13
round_robin,60,0.09733849143653428,1,7,0,13
round_robin,60,0.09733849143653428,2,7,0,13
round_robin,60,0.09960352152637997,0,6,0,14
round_robin,60,0.09960352152637997,1,7,0,13
round_robin,60,0.09960352152637997,2,7,0,13
round_robin,60,0.10064841238034683,0,6,0,14
round_robin,60,0.10064841238034683,1,6,0,14
round_robin,60,0.10064841238034683,2,7,0,13
round_robin,60,0.1016815186299943,0,6,0,14
round_robin,60,0.1016815186299943,1,6,0,14
round_robin,60,0.1016815186299943,2,6,0,14
round_robin,60,0.10400656473478523,0,5,0,15
round_robin,60,0.10400656473478523,1,6,0,14
round_robin,60,0.10400656473478523,2,6,0,14
round_robin,60,0.11592686898257028,0,5,0,15
round_robin,60,0.11592686898257028,1,5,0,15
round_robin,60,0.11592686898257028,2,6,0,14
round_robin,60,0.11676552532680284,0,5,0,15
round_robin,60,0.11676552532680284,1,5,0,15
round_robin,60,0.11676552532680284,2,5,0,15
round_robin,60,0.11723049747887809,0,4,0,16
round_robin,60,0.11723049747887809,1,5,0,15
round_robin,60,0.11723049747887809,2,5,0,15
round_robin,60,0.11778164717138016,0,4,0,16
round_robin,60,0.11778164717138016,1,4,0,16
round_robin,60,0.11778164717138016,2,5,0,15
round_robin,60,0.11845130506874649,0,4,0,16
round_robin,60,0.11845130506874649,1,4,0,16
round_robin,60,0.11845130506874649,2,4,0,16
round_robin,60,0.12010754537134967,0,3,0,17
round_robin,60,0.12010754537134967,1,4,0,16
round_robin,60,0.12010754537134967,2,4,0,16
round_robin,60,0.12073265017393352,0,3,0,17
round_robin,60,0.12073265017393352,1,3,0,17
round_robin,60,0.12073265017393352,2,4,0,16
round_robin,60,0.12113940943260273,0,3,0,17
round_robin,60,0.12113940943260273,1,3,0,17
round_robin,60,0.12113940943260273,2,3,0,17
round_robin,60,0.12166252914672726,0,2,0,18
round_robin,60,0.12166252914672726,1,3,0,17
round_robin,60,0.12166252914672726,2,3,0,17
round_robin,60,0.12289691350870165,0,2,0,18
round_robin,60,0.12289691350870165,1,2,0,18
round_robin,60,0.12289691350870165,2,3,0,17
round_robin,60,0.12373166836081237,0,2,0,18
round_robin,60,0.12373166836081237,1,2,0,18
round_robin,60,0.12373166836081237,2,2,0,18
round_robin,60,0.12427013196070792,0,1,0,19
round_robin,60,0.12427013196070792,1,2,0,18
round_robin,60,0.12427013196070792,2,2,0,18
round_robin,60,0.12472668026042065,0,1,0,19
round_robin,60,0.12472668026042065,1,1,0,19
round_robin,60,0.12472668026042065,2,2,0,18
round_robin,60,0.12626996465720253,0,1,0,19
round_robin,60,0.12626996465720253,1,1,0,19
round_robin,60,0.12626996465720253,2,1,0,19
round_robin,60,0.12668978644471646,0,0,0,20
round_robin,60,0.12668978644471646,1,1,0,19
round_robin,60,0.12668978644471646,2,1,0,19
round_robin,60,0.1272062943792433,0,0,0,20
round_robin,60,0.1272062943792433,1,0,0,20
round_robin,60,0.1272062943792433,2,1,0,19
round_robin,60,0.12875693976390548,0,0,0,20
round_robin,60,0.12875693976390548,1,0,0,20
round_robin,60,0.12875693976390548,2,0,0,20
round_robin,90,0,0,0,0,0
round_robin,90,0,1,0,0,0
round_robin,90,0,2,0,0,0
round_robin,90,0.001215113468829894,0,1,0,0
round_robin,90,0.001215113468829894,1,0,0,0
round_robin,90,0.001215113468829894,2,0,0,0
round_robin,90,0.004128261640546147,0,1,0,0
round_robin,90,0.004128261640546147,1,1,0,0
round_robin,90,0.004128261640546147,2,0,0,0
round_robin,90,0.004665312204528059,0,1,0,0
round_robin,90,0.004665312204528059,1,1,0,0
round_robin,90,0.004665312204528059,2,1,0,0
round_robin,90,0.007960051162624611,0,2,0,0
round_robin,90,0.007960051162624611,1,1,0,0
round_robin,90,0.007960051162624611,2,1,0,0
round_robin,90,0.008517454309499255,0,2,0,0
round_robin,90,0.008517454309499255,1,2,0,0
round_robin,90,0.008517454309499255,2,1,0,0
round_robin,90,0.010115218521803342,0,2,0,0
round_robin,90,0.010115218521803342,1,2,0,0
round_robin,90,0.010115218521803342,2,2,0,0
round_robin,90,0.014671556895080432,0,3,0,0
round_robin,90,0.014671556895080432,1,2,0,0
round_robin,90,0.014671556895080432,2,2,0,0
round_robin,90,0.016041749823916065,0,3,0,0
round_robin,90,0.016041749823916065,1,3,0,0
round_robin,90,0.016041749823916065,2,2,0,0
round_robin,90,0.017405538698601133,0,3,0,0
round_robin,90,0.017405538698601133,1,3,0,0
round_robin,90,0.017405538698601133,2,3,0,0
round_robin,90,0.018994172758480636,0,4,0,0
round_robin,90,0.018994172758480636,1,3,0,0
round_robin,90,0.018994172758480636,2,3,0,0
round_robin,90,0.01965167199695387,0,4,0,0
round_robin,90,0.01965167199695387,1,4,0,0
round_robin,90,0.01965167199695387,2,3,0,0
round_robin,90,0.020717013932745772,0,4,0,0
round_robin,90,0.020717013932745772,1,4,0,0
round_robin,90,0.020717013932745772,2,4,0,0
round_robin,90,0.023057160444170513,0,5,0,0
round_robin,90,0.023057160444170513,1,4,0,0
round_robin,90,0.023057160444170513,2,4,0,0
round_robin,90,0.023469116930464246,0,5,0,0
round_robin,90,0.023469116930464246,1,5,0,0
round_robin,90,0.023469116930464246,2,4,0,0
round_robin,90,0.024191552799738975,0,5,0,0
round_robin,90,0.024191552799738975,1,5,0,0
round_robin,90,0.024191552799738975,2,5,0,0
round_robin,90,0.024792506807812673,0,6,0,0
round_robin,90,0.024792506807812673,1,5,0,0
round_robin,90,0.024792506807812673,2,5,0,0
round_robin,90,0.0252832085617588,0,6,0,0
round_robin,90,0.0252832085617588,1,6,0,0
round_robin,90,0.0252832085617588,2,5,0,0
round_robin,90,0.025826271579770424,0,6,0,0
round_robin,90,0.025826271579770424,1,6,0,0
round_robin,90,0.025826271579770424,2,6,0,0
round_robin,90,0.02666883156314775,0,7,0,0
round_robin,90,0.02666883156314775,1,6,0,0
round_robin,90,0.02666883156314775,2,6,0,0
round_robin,90,0.027088295955108442,0,7,0,0
round_robin,90,0.027088295955108442,1,7,0,0
round_robin,90,0.027088295955108442,2,6,0,0
round_robin,90,0.027749194464613495,0,7,0,0
round_robin,90,0.027749194464613495,1,7,0,0
round_robin,90,0.027749194464613495,2,7,0,0
round_robin,90,0.02864820779715134,0,8,0,0
round_robin,90,0.02864820779715134,1,7,0,0
round_robin,90,0.02864820779715134,2,7,0,0
round_robin,90,0.03024207526668936,0,8,0,0
round_robin,90,0.03024207526668936,1,8,0,0
round_robin,90,0.03024207526668936,2,7,0,0
round_robin,90,0.031023962189622056,0,8,0,0
round_robin,90,0.031023962189622056,1,8,0,0
round_robin,90,0.031023962189622056,2,8,0,0
round_robin,90,0.03177098450346101,0,9,0,0
round_robin,90,0.03177098450346101,1,8,0,0
round_robin,90,0.03177098450346101,2,8,0,0
round_robin,90,0.03222420410193807,0,9,0,0
round_robin,90,0.03222420410193807,1,9,0,0
round_robin,90,0.03222420410193807,2,8,0,0
round_robin,90,0.03280783863409479,0,9,0,0
round_robin,90,0.03280783863409479,1,9,0,0
round_robin,90,0.03280783863409479,2,9,0,0
round_robin,90,0.03365076484854424,0,10,0,0
round_robin,90,0.03365076484854424,1,9,0,0
round_robin,90,0.03365076484854424,2,9,0,0
round_robin,90,0.0355180599381949,0,10,0,0
round_robin,90,0.0355180599381949,1,10,0,0
round_robin,90,0.0355180599381949,2,9,0,0
round_robin,90,0.03655446425789028,0,10,0,0
round_robin,90,0.03655446425789028,1,10,0,0
round_robin,90,0.03655446425789028,2,10,0,0
round_robin,90,0.038219761297050056,0,11,0,0
round_robin,90,0.038219761297050056,1,10,0,0
round_robin,90,0.038219761297050056,2,10,0,0
round_robin,90,0.0388949286562753,0,11,0,0
round_robin,90,0.0388949286562753,1,11,0,0
round_robin,90,0.0388949286562753,2,10,0,0
round_robin,90,0.03986098237245089,0,11,0,0
round_robin,90,0.03986098237245089,1,11,0,0
round_robin,90,0.03986098237245089,2,11,0,0
round_robin,90,0.04113218602398598,0,12,0,0
round_robin,90,0.04113218602398598,1,11,0,0
round_robin,90,0.04113218602398598,2,11,0,0
round_robin,90,0.04159505172772695,0,12,0,0
round_robin,90,0.04159505172772695,1,12,0,0
round_robin,90,0.04159505172772695,2,11,0,0
round_robin,90,0.044536888140282956,0,12,0,0
round_robin,90,0.044536888140282956,1,12,0,0
round_robin,90,0.044536888140282956,2,12,0,0
round_robin,90,0.04624837724753691,0,13,0,0
round_robin,90,0.04624837724753691,1,12,0,0
round_robin,90,0.04624837724753691,2,12,0,0
round_robin,90,0.04685575993192696,0,13,0,0
round_robin,90,0.04685575993192696,1,13,0,0
round_robin,90,0.04685575993192696,2,12,0,0
round_robin,90,0.047338491436534284,0,13,0,0
round_robin,90,0.047338491436534284,1,13,0,0
round_robin,90,0.047338491436534284,2,13,0,0
round_robin,90,0.04960352152637996,0,14,0,0
round_robin,90,0.04960352152637996,1,13,0,0
round_robin,90,0.04960352152637996,2,13,0,0
round_robin,90,0.05064841238034682,0,14,0,0
round_robin,90,0.05064841238034682,1,14,0,0
round_robin,90,0.05064841238034682,2,13,0,0
round_robin,90,0.0512151134688299,0,13,0,1
round_robin,90,0.0512151134688299,1,14,0,0
round_robin,90,0.0512151134688299,2,13,0,0
round_robin,90,0.0516815186299943,0,13,0,1
round_robin,90,0.0516815186299943,1,14,0,0
round_robin,90,0.0516815186299943,2,14,0,0
round_robin,90,0.05400656473478522,0,14,0,1
round_robin,90,0.05400656473478522,1,14,0,0
round_robin,90,0.05400656473478522,2,14,0,0
round_robin,90,0.05412826164054615,0,14,0,1
round_robin,90,0.05412826164054615,1,13,0,1
round_robin,90,0.05412826164054615,2,14,0,0
round_robin,90,0.05466531220452806,0,14,0,1
round_robin,90,0.05466531220452806,1,13,0,1
round_robin,90,0.05466531220452806,2,13,0,1
round_robin,90,0.057960051162624614,0,13,0,2
round_robin,90,0.057960051162624614,1,13,0,1
round_robin,90,0.057960051162624614,2,13,0,1
round_robin,90,0.058517454309499256,0,13,0,2
round_robin,90,0.058517454309499256,1,12,0,2
round_robin,90,0.058517454309499256,2,13,0,1
round_robin,90,0.06011521852180335,0,13,0,2
round_robin,90,0.06011521852180335,1,12,0,2
round_robin,90,0.06011521852180335,2,12,0,2
round_robin,90,0.06467155689508043,0,12,0,3
round_robin,90,0.06467155689508043,1,12,0,2
round_robin,90,0.06467155689508043,2,12,0,2
round_robin,90,0.06592686898257027,0,12,0,3
round_robin,90,0.06592686898257027,1,13,0,2
round_robin,90,0.06592686898257027,2,12,0,2
round_robin,90,0.06604174982391607,0,12,0,3
round_robin,90,0.06604174982391607,1,12,0,3
round_robin,90,0.06604174982391607,2,12,0,2
round_robin,90,0.06676552532680284,0,12,0,3
round_robin,90,0.06676552532680284,1,12,0,3
round_robin,90,0.06676552532680284,2,13,0,2
round_robin,90,0.06723049747887809,0,13,0,3
round_robin,90,0.06723049747887809,1,12,0,3
round_robin,90,0.06723049747887809,2,13,0,2
round_robin,90,0.06740553869860114,0,13,0,3
round_robin,90,0.06740553869860114,1,12,0,3
round_robin,90,0.06740553869860114,2,12,0,3
round_robin,90,0.06778164717138016,0,13,0,3
round_robin,90,0.06778164717138016,1,13,0,3
round_robin,90,0.06778164717138016,2,12,0,3
round_robin,90,0.06845130506874648,0,13,0,3
round_robin,90,0.06845130506874648,1,13,0,3
round_robin,90,0.06845130506874648,2,13,0,3
round_robin,90,0.06899417275848063,0,12,0,4
round_robin,90,0.06899417275848063,1,13,0,3
round_robin,90,0.06899417275848063,2,13,0,3
round_robin,90,0.06965167199695388,0,12,0,4
round_robin,90,0.06965167199695388,1,12,0,4
round_robin,90,0.06965167199695388,2,13,0,3
round_robin,90,0.07010754537134967,0,13,0,4
round_robin,90,0.07010754537134967,1,12,0,4
round_robin,90,0.07010754537134967,2,13,0,3
round_robin,90,0.07071701393274578,0,13,0,4
round_robin,90,0.07071701393274578,1,12,0,4
round_robin,90,0.07071701393274578,2,12,0,4
round_robin,90,0.07073265017393351,0,13,0,4
round_robin,90,0.07073265017393351,1,13,0,4
round_robin,90,0.07073265017393351,2,12,0,4
round_robin,90,0.07113940943260273,0,13,0,4
round_robin,90,0.07113940943260273,1,13,0,4
round_robin,90,0.07113940943260273,2,13,0,4
round_robin,90,0.07166252914672726,0,14,0,4
round_robin,90,0.07166252914672726,1,13,0,4
round_robin,90,0.07166252914672726,2,13,0,4
round_robin,90,0.07289691350870164,0,14,0,4
round_robin,90,0.07289691350870164,1,14,0,4
round_robin,90,0.07289691350870164,2,13,0,4
round_robin,90,0.07305716044417052,0,13,0,5
round_robin,90,0.07305716044417052,1,14,0,4
round_robin,90,0.07305716044417052,2,13,0,4
round_robin,90,0.07346911693046425,0,13,0,5
round_robin,90,0.07346911693046425,1,13,0,5
round_robin,90,0.07346911693046425,2,13,0,4
round_robin,90,0.07373166836081237,0,13,0,5
round_robin,90,0.07373166836081237,1,13,0,5
round_robin,90,0.07373166836081237,2,14,0,4
round_robin,90,0.07419155279973898,0,13,0,5
round_robin,90,0.07419155279973898,1,13,0,5
round_robin,90,0.07419155279973898,2,13,0,5
round_robin,90,0.07427013196070792,0,14,0,5
round_robin,90,0.07427013196070792,1,13,0,5
round_robin,90,0.07427013196070792,2,13,0,5
round_robin,90,0.07472668026042065,0,14,0,5
round_robin,90,0.07472668026042065,1,14,0,5
round_robin,90,0.07472668026042065,2,13,0,5
round_robin,90,0.07479250680781267,0,13,0,6
round_robin,90,0.07479250680781267,1,14,0,5
round_robin,90,0.07479250680781267,2,13,0,5
round_robin,90,0.0752832085617588,0,13,0,6
round_robin,90,0.0752832085617588,1,13,0,6
round_robin,90,0.0752832085617588,2,13,0,5
round_robin,90,0.07582627157977043,0,13,0,6
round_robin,90,0.07582627157977043,1,13,0,6
round_robin,90,0.07582627157977043,2,12,0,6
round_robin,90,0.07626996465720252,0,13,0,6
round_robin,90,0.07626996465720252,1,13,0,6
round_robin,90,0.07626996465720252,2,13,0,6
round_robin,90,0.07666883156314776,0,12,0,7
round_robin,90,0.07666883156314776,1,13,0,6
round_robin,90,0.07666883156314776,2,13,0,6
round_robin,90,0.07668978644471647,0,13,0,7
round_robin,90,0.07668978644471647,1,13,0,6
round_robin,90,0.07668978644471647,2,13,0,6
round_robin,90,0.07708829595510844,0,13,0,7
round_robin,90,0.07708829595510844,1,12,0,7
round_robin,90,0.07708829595510844,2,13,0,6
round_robin,90,0.07720629437924328,0,13,0,7
round_robin,90,0.07720629437924328,1,13,0,7
round_robin,90,0.07720629437924328,2,13,0,6
round_robin,90,0.0777491944646135,0,13,0,7
round_robin,90,0.0777491944646135,1,13,0,7
round_robin,90,0.0777491944646135,2,12,0,7
round_robin,90,0.07864820779715134,0,12,0,8
round_robin,90,0.07864820779715134,1,13,0,7
round_robin,90,0.07864820779715134,2,12,0,7
round_robin,90,0.07875693976390548,0,12,0,8
round_robin,90,0.07875693976390548,1,13,0,7
round_robin,90,0.07875693976390548,2,13,0,7
round_robin,90,0.08024207526668936,0,12,0,8
round_robin,90,0.08024207526668936,1,12,0,8
round_robin,90,0.08024207526668936,2,13,0,7
round_robin,90,0.08102396218962206,0,12,0,8
round_robin,90,0.08102396218962206,1,12,0,8
round_robin,90,0.08102396218962206,2,12,0,8
round_robin,90,0.08177098450346101,0,11,0,9
round_robin,90,0.08177098450346101,1,12,0,8
round_robin,90,0.08177098450346101,2,12,0,8
round_robin,90,0.08222420410193806,0,11,0,9
round_robin,90,0.08222420410193806,1,11,0,9
round_robin,90,0.08222420410193806,2,12,0,8
round_robin,90,0.0828078386340948,0,11,0,9
round_robin,90,0.0828078386340948,1,11,0,9
round_robin,90,0.0828078386340948,2,11,0,9
round_robin,90,0.08300155182606232,0,12,0,9
round_robin,90,0.08300155182606232,1,11,0,9
round_robin,90,0.08300155182606232,2,11,0,9
round_robin,90,0.08364096581545727,0,12,0,9
round_robin,90,0.08364096581545727,1,12,0,9
round_robin,90,0.08364096581545727,2,11,0,9
round_robin,90,0.08365076484854425,0,11,0,10
round_robin,90,0.08365076484854425,1,12,0,9
round_robin,90,0.08365076484854425,2,11,0,9
round_robin,90,0.0855180599381949,0,11,0,10
round_robin,90,0.0855180599381949,1,11,0,10
round_robin,90,0.0855180599381949,2,11,0,9
round_robin,90,0.08655446425789029,0,11,0,10
round_robin,90,0.08655446425789029,1,11,0,10
round_robin,90,0.08655446425789029,2,10,0,10
round_robin,90,0.08821976129705006,0,10,0,11
round_robin,90,0.08821976129705006,1,11,0,10
round_robin,90,0.08821976129705006,2,10,0,10
round_robin,90,0.0888949286562753,0,10,0,11
round_robin,90,0.0888949286562753,1,10,0,11
round_robin,90,0.0888949286562753,2,10,0,10
round_robin,90,0.0898609823724509,0,10,0,11
round_robin,90,0.0898609823724509,1,10,0,11
round_robin,90,0.0898609823724509,2,9,0,11
round_robin,90,0.09113218602398598,0,9,0,12
round_robin,90,0.09113218602398598,1,10,0,11
round_robin,90,0.09113218602398598,2,9,0,11
round_robin,90,0.09159505172772694,0,9,0,12
round_robin,90,0.09159505172772694,1,9,0,12
round_robin,90,0.09159505172772694,2,9,0,11
round_robin,90,0.09453688814028297,0,9,0,12
round_robin,90,0.09453688814028297,1,9,0,12
round_robin,90,0.09453688814028297,2,8,0,12
round_robin,90,0.09493964450558524,0,9,0,12
round_robin,90,0.09493964450558524,1,9,0,12
round_robin,90,0.09493964450558524,2,9,0,12
round_robin,90,0.09564628996212596,0,10,0,12
round_robin,90,0.09564628996212596,1,9,0,12
round_robin,90,0.09564628996212596,2,9,0,12
round_robin,90,0.0961405543606744,0,10,0,12
round_robin,90,0.0961405543606744,1,10,0,12
round_robin,90,0.0961405543606744,2,9,0,12
round_robin,90,0.0962483772475369,0,9,0,13
round_robin,90,0.0962483772475369,1,10,0,12
round_robin,90,0.0962483772475369,2,9,0,12
round_robin,90,0.09660137516191059,0,9,0,13
round_robin,90,0.09660137516191059,1,10,0,12
round_robin,90,0.09660137516191059,2,10,0,12
round_robin,90,0.09685575993192697,0,9,0,13
round_robin,90,0.09685575993192697,1,9,0,13
round_robin,90,0.09685575993192697,2,10,0,12
round_robin,90,0.09733849143653428,0,9,0,13
round_robin,90,0.09733849143653428,1,9,0,13
round_robin,90,0.09733849143653428,2,9,0,13
round_robin,90,0.09785343007162413,0,10,0,13
round_robin,90,0.09785343007162413,1,9,0,13
round_robin,90,0.09785343007162413,2,9,0,13
round_robin,90,0.098276903335267,0,10,0,13
round_robin,90,0.098276903335267,1,10,0,13
round_robin,90,0.098276903335267,2,9,0,13
round_robin,90,0.0988317323038537,0,10,0,13
round_robin,90,0.0988317323038537,1,10,0,13
round_robin,90,0.0988317323038537,2,10,0,13
round_robin,90,0.09960352152637997,0,9,0,14
round_robin,90,0.09960352152637997,1,10,0,13
round_robin,90,0.09960352152637997,2,10,0,13
round_robin,90,0.09975121908831977,0,10,0,14
round_robin,90,0.09975121908831977,1,10,0,13
round_robin,90,0.09975121908831977,2,10,0,13
round_robin,90,0.10026289374334721,0,10,0,14
round_robin,90,0.10026289374334721,1,11,0,13
round_robin,90,0.10026289374334721,2,10,0,13
round_robin,90,0.10064841238034683,0,10,0,14
round_robin,90,0.10064841238034683,1,10,0,14
round_robin,90,0.10064841238034683,2,10,0,13
round_robin,90,0.10088839832024095,0,10,0,14
round_robin,90,0.10088839832024095,1,10,0,14
round_robin,90,0.10088839832024095,2,11,0,13
round_robin,90,0.10132894388531033,0,11,0,14
round_robin,90,0.10132894388531033,1,10,0,14
round_robin,90,0.10132894388531033,2,11,0,13
round_robin,90,0.1016815186299943,0,11,0,14
round_robin,90,0.1016815186299943,1,10,0,14
round_robin,90,0.1016815186299943,2,10,0,14
round_robin,90,0.10192286266551398,0,11,0,14
round_robin,90,0.10192286266551398,1,11,0,14
round_robin,90,0.10192286266551398,2,10,0,14
round_robin,90,0.1025016334532319,0,11,0,14
round_robin,90,0.1025016334532319,1,11,0,14
round_robin,90,0.1025016334532319,2,11,0,14
round_robin,90,0.10295988627102418,0,12,0,14
round_robin,90,0.10295988627102418,1,11,0,14
round_robin,90,0.10295988627102418,2,11,0,14
round_robin,90,0.10358700100617245,0,12,0,14
round_robin,90,0.10358700100617245,1,12,0,14
round_robin,90,0.10358700100617245,2,11,0,14
round_robin,90,0.10400656473478523,0,11,0,15
round_robin,90,0.10400656473478523,1,12,0,14
round_robin,90,0.10400656473478523,2,11,0,14
round_robin,90,0.10436143552755155,0,11,0,15
round_robin,90,0.10436143552755155,1,12,0,14
round_robin,90,0.10436143552755155,2,12,0,14
round_robin,90,0.1052454109149982,0,12,0,15
round_robin,90,0.1052454109149982,1,12,0,14
round_robin,90,0.1052454109149982,2,12,0,14
round_robin,90,0.10589277297350122,0,12,0,15
round_robin,90,0.10589277297350122,1,13,0,14
round_robin,90,0.10589277297350122,2,12,0,14
round_robin,90,0.10661122835697369,0,12,0,15
round_robin,90,0.10661122835697369,1,13,0,14
round_robin,90,0.10661122835697369,2,13,0,14
round_robin,90,0.10709184492444451,0,13,0,15
round_robin,90,0.10709184492444451,1,13,0,14
round_robin,90,0.10709184492444451,2,13,0,14
round_robin,90,0.10781782466475565,0,13,0,15
round_robin,90,0.10781782466475565,1,14,0,14
round_robin,90,0.10781782466475565,2,13,0,14
round_robin,90,0.10826506761477607,0,13,0,15
round_robin,90,0.10826506761477607,1,14,0,14
round_robin,90,0.10826506761477607,2,14,0,14
round_robin,90,0.10900779636324447,0,14,0,15
round_robin,90,0.10900779636324447,1,14,0,14
round_robin,90,0.10900779636324447,2,14,0,14
round_robin,90,0.10945738480876205,0,14,0,15
round_robin,90,0.10945738480876205,1,15,0,14
round_robin,90,0.10945738480876205,2,14,0,14
round_robin,90,0.11034480137333462,0,14,0,15
round_robin,90,0.11034480137333462,1,15,0,14
round_robin,90,0.11034480137333462,2,15,0,14
round_robin,90,0.1108138986325663,0,15,0,15
round_robin,90,0.1108138986325663,1,15,0,14
round_robin,90,0.1108138986325663,2,15,0,14
round_robin,90,0.11124852803841237,0,15,0,15
round_robin,90,0.11124852803841237,1,15,1,14
round_robin,90,0.11124852803841237,2,15,0,14
round_robin,90,0.11191229103134374,0,15,0,15
round_robin,90,0.11191229103134374,1,15,1,14
round_robin,90,0.11191229103134374,2,15,1,14
round_robin,90,0.11592686898257028,0,15,0,15
round_robin,90,0.11592686898257028,1,15,0,15
round_robin,90,0.11592686898257028,2,15,1,14
round_robin,90,0.11676552532680284,0,15,0,15
round_robin,90,0.11676552532680284,1,15,0,15
round_robin,90,0.11676552532680284,2,15,0,15
round_robin,90,0.11723049747887809,0,14,0,16
round_robin,90,0.11723049747887809,1,15,0,15
round_robin,90,0.11723049747887809,2,15,0,15
round_robin,90,0.11778164717138016,0,14,0,16
round_robin,90,0.11778164717138016,1,14,0,16
round_robin,90,0.11778164717138016,2,15,0,15
round_robin,90,0.11845130506874649,0,14,0,16
round_robin,90,0.11845130506874649,1,14,0,16
round_robin,90,0.11845130506874649,2,14,0,16
round_robin,90,0.12010754537134967,0,13,0,17
round_robin,90,0.12010754537134967,1,14,0,16
round_robin,90,0.12010754537134967,2,14,0,16
round_robin,90,0.12073265017393352,0,13,0,17
round_robin,90,0.12073265017393352,1,13,0,17
round_robin,90,0.12073265017393352,2,14,0,16
round_robin,90,0.12113940943260273,0,13,0,17
round_robin,90,0.12113940943260273,1,13,0,17
round_robin,90,0.12113940943260273,2,13,0,17
round_robin,90,0.12166252914672726,0,12,0,18
round_robin,90,0.12166252914672726,1,13,0,17
round_robin,90,0.12166252914672726,2,13,0,17
round_robin,90,0.12289691350870165,0,12,0,18
round_robin,90,0.12289691350870165,1,12,0,18
round_robin,90,0.12289691350870165,2,13,0,17
round_robin,90,0.12373166836081237,0,12,0,18
round_robin,90,0.12373166836081237,1,12,0,18
round_robin,90,0.12373166836081237,2,12,0,18
round_robin,90,0.12427013196070792,0,11,0,19
round_robin,90,0.12427013196070792,1,12,0,18
round_robin,90,0.12427013196070792,2,12,0,18
round_robin,90,0.12472668026042065,0,11,0,19
round_robin,90,0.12472668026042065,1,11,0,19
round_robin,90,0.12472668026042065,2,12,0,18
round_robin,90,0.12626996465720253,0,11,0,19
round_robin,90,0.12626996465720253,1,11,0,19
round_robin,90,0.12626996465720253,2,11,0,19
round_robin,90,0.12668978644471646,0,10,0,20
round_robin,90,0.12668978644471646,1,11,0,19
round_robin,90,0.12668978644471646,2,11,0,19
round_robin,90,0.1272062943792433,0,10,0,20
round_robin,90,0.1272062943792433,1,10,0,20
round_robin,90,0.1272062943792433,2,11,0,19
round_robin,90,0.12875693976390548,0,10,0,20
round_robin,90,0.12875693976390548,1,10,0,20
round_robin,90,0.12875693976390548,2,10,0,20
round_robin,90,0.13300155182606233,0,9,0,21
round_robin,90,0.13300155182606233,1,10,0,20
round_robin,90,0.13300155182606233,2,10,0,20
round_robin,90,0.13364096581545726,0,9,0,21
round_robin,90,0.13364096581545726,1,9,0,21
round_robin,90,0.13364096581545726,2,10,0,20
round_robin,90,0.14493964450558525,0,9,0,21
round_robin,90,0.14493964450558525,1,9,0,21
round_robin,90,0.14493964450558525,2,9,0,21
round_robin,90,0.14564628996212597,0,8,0,22
round_robin,90,0.14564628996212597,1,9,0,21
round_robin,90,0.14564628996212597,2,9,0,21
round_robin,90,0.1461405543606744,0,8,0,22
round_robin,90,0.1461405543606744,1,8,0,22
round_robin,90,0.1461405543606744,2,9,0,21
round_robin,90,0.14660137516191057,0,8,0,22
round_robin,90,0.14660137516191057,1,8,0,22
round_robin,90,0.14660137516191057,2,8,0,22
round_robin,90,0.14785343007162413,0,7,0,23
round_robin,90,0.14785343007162413,1,8,0,22
round_robin,90,0.14785343007162413,2,8,0,22
round_robin,90,0.148276903335267,0,7,0,23
round_robin,90,0.148276903335267,1,7,0,23
round_robin,90,0.148276903335267,2,8,0,22
round_robin,90,0.14883173230385371,0,7,0,23
round_robin,90,0.14883173230385371,1,7,0,23
round_robin,90,0.14883173230385371,2,7,0,23
round_robin,90,0.1497512190883198,0,6,0,24
round_robin,90,0.1497512190883198,1,7,0,23
round_robin,90,0.1497512190883198,2,7,0,23
round_robin,90,0.15026289374334723,0,6,0,24
round_robin,90,0.15026289374334723,1,6,0,24
round_robin,90,0.15026289374334723,2,7,0,23
round_robin,90,0.15088839832024095,0,6,0,24
round_robin,90,0.15088839832024095,1,6,0,24
round_robin,90,0.15088839832024095,2,6,0,24
round_robin,90,0.15132894388531032,0,5,0,25
round_robin,90,0.15132894388531032,1,6,0,24
round_robin,90,0.15132894388531032,2,6,0,24
round_robin,90,0.15192286266551397,0,5,0,25
round_robin,90,0.15192286266551397,1,5,0,25
round_robin,90,0.15192286266551397,2,6,0,24
round_robin,90,0.15250163345323192,0,5,0,25
round_robin,90,0.15250163345323192,1,5,0,25
round_robin,90,0.15250163345323192,2,5,0,25
round_robin,90,0.1529598862710242,0,4,0,26
round_robin,90,0.1529598862710242,1,5,0,25
round_robin,90,0.1529598862710242,2,5,0,25
round_robin,90,0.15358700100617245,0,4,0,26
round_robin,90,0.15358700100617245,1,4,0,26
round_robin,90,0.15358700100617245,2,5,0,25
round_robin,90,0.15436143552755155,0,4,0,26
round_robin,90,0.15436143552755155,1,4,0,26
round_robin,90,0.15436143552755155,2,4,0,26
round_robin,90,0.15524541091499822,0,3,0,27
round_robin,90,0.15524541091499822,1,4,0,26
round_robin,90,0.15524541091499822,2,4,0,26
round_robin,90,0.15589277297350124,0,3,0,27
round_robin,90,0.15589277297350124,1,3,0,27
round_robin,90,0.15589277297350124,2,4,0,26
round_robin,90,0.1566112283569737,0,3,0,27
round_robin,90,0.1566112283569737,1,3,0,27
round_robin,90,0.1566112283569737,2,3,0,27
round_robin,90,0.1570918449244445,0,2,0,28
round_robin,90,0.1570918449244445,1,3,0,27
round_robin,90,0.1570918449244445,2,3,0,27
round_robin,90,0.15781782466475563,0,2,0,28
round_robin,90,0.15781782466475563,1,2,0,28
round_robin,90,0.15781782466475563,2,3,0,27
round_robin,90,0.15826506761477607,0,2,0,28
round_robin,90,0.15826506761477607,1,2,0,28
round_robin,90,0.15826506761477607,2,2,0,28
round_robin,90,0.15900779636324447,0,1,0,29
round_robin,90,0.15900779636324447,1,2,0,28
round_robin,90,0.15900779636324447,2,2,0,28
round_robin,90,0.15945738480876204,0,1,0,29
round_robin,90,0.15945738480876204,1,1,0,29
round_robin,90,0.15945738480876204,2,2,0,28
round_robin,90,0.16034480137333462,0,1,0,29
round_robin,90,0.16034480137333462,1,1,0,29
round_robin,90,0.16034480137333462,2,1,0,29
round_robin,90,0.1608138986325663,0,0,0,30
round_robin,90,0.1608138986325663,1,1,0,29
round_robin,90,0.1608138986325663,2,1,0,29
round_robin,90,0.16592686898257028,0,0,0,30
round_robin,90,0.16592686898257028,1,0,0,30
round_robin,90,0.16592686898257028,2,1,0,29
round_robin,90,0.16676552532680283,0,0,0,30
round_robin,90,0.16676552532680283,1,0,0,30
round_robin,90,0.16676552532680283,2,0,0,30
round_robin,120,0,0,0,0,0
round_robin,120,0,1,0,0,0
round_robin,120,0,2,0,0,0
round_robin,120,0.001215113468829894,0,1,0,0
round_robin,120,0.001215113468829894,1,0,0,0
round_robin,120,0.001215113468829894,2,0,0,0
round_robin,120,0.004128261640546147,0,1,0,0
round_robin,120,0.004128261640546147,1,1,0,0
round_robin,120,0.004128261640546147,2,0,0,0
round_robin,120,0.004665312204528059,0,1,0,0
round_robin,120,0.004665312204528059,1,1,0,0
round_robin,120,0.004665312204528059,2,1,0,0
round_robin,120,0.007960051162624611,0,2,0,0
round_robin,120,0.007960051162624611,1,1,0,0
round_robin,120,0.007960051162624611,2,1,0,0
round_robin,120,0.008517454309499255,0,2,0,0
round_robin,120,0.008517454309499255,1,2,0,0
round_robin,120,0.008517454309499255,2,1,0,0
round_robin,120,0.010115218521803342,0,2,0,0
round_robin,120,0.010115218521803342,1,2,0,0
round_robin,120,0.010115218521803342,2,2,0,0
round_robin,120,0.014671556895080432,0,3,0,0
round_robin,120,0.014671556895080432,1,2,0,0
round_robin,120,0.014671556895080432,2,2,0,0
round_robin,120,0.016041749823916065,0,3,0,0
round_robin,120,0.016041749823916065,1,3,0,0
round_robin,120,0.016041749823916065,2,2,0,0
round_robin,120,0.017405538698601133,0,3,0,0
round_robin,120,0.017405538698601133,1,3,0,0
round_robin,120,0.017405538698601133,2,3,0,0
round_robin,120,0.018994172758480636,0,4,0,0
round_robin,120,0.018994172758480636,1,3,0,0
round_robin,120,0.018994172758480636,2,3,0,0
round_robin,120,0.01965167199695387,0,4,0,0
round_robin,120,0.01965167199695387,1,4,0,0
round_robin,120,0.01965167199695387,2,3,0,0
round_robin,120,0.020717013932745772,0,4,0,0
round_robin,120,0.020717013932745772,1,4,0,0
round_robin,120,0.020717013932745772,2,4,0,0
round_robin,120,0.023057160444170513,0,5,0,0
round_robin,120,0.023057160444170513,1,4,0,0
round_robin,120,0.023057160444170513,2,4,0,0
round_robin,120,0.023469116930464246,0,5,0,0
round_robin,120,0.023469116930464246,1,5,0,0
round_robin,120,0.023469116930464246,2,4,0,0
round_robin,120,0.024191552799738975,0,5,0,0
round_robin,120,0.024191552799738975,1,5,0,0
round_robin,120,0.024191552799738975,2,5,0,0
round_robin,120,0.024792506807812673,0,6,0,0
round_robin,120,0.024792506807812673,1,5,0,0
round_robin,120,0.024792506807812673,2,5,0,0
round_robin,120,0.0252832085617588,0,6,0,0
round_robin,120,0.0252832085617588,1,6,0,0
round_robin,120,0.0252832085617588,2,5,0,0
round_robin,120,0.025826271579770424,0,6,0,0
round_robin,120,0.025826271579770424,1,6,0,0
round_robin,120,0.025826271579770424,2,6,0,0
round_robin,120,0.02666883156314775,0,7,0,0
round_robin,120,0.02666883156314775,1,6,0,0
round_robin,120,0.02666883156314775,2,6,0,0
round_robin,120,0.027088295955108442,0,7,0,0
round_robin,120,0.027088295955108442,1,7,0,0
round_robin,120,0.027088295955108442,2,6,0,0
round_robin,120,0.027749194464613495,0,7,0,0
round_robin,120,0.027749194464613495,1,7,0,0
round_robin,120,0.027749194464613495,2,7,0,0
round_robin,120,0.02864820779715134,0,8,0,0
round_robin,120,0.02864820779715134,1,7,0,0
round_robin,120,0.02864820779715134,2,7,0,0
round_robin,120,0.03024207526668936,0,8,0,0
round_robin,120,0.03024207526668936,1,8,0,0
round_robin,120,0.03024207526668936,2,7,0,0
round_robin,120,0.031023962189622056,0,8,0,0
round_robin,120,0.031023962189622056,1,8,0,0
round_robin,120,0.031023962189622056,2,8,0,0
round_robin,120,0.03177098450346101,0,9,0,0
round_robin,120,0.03177098450346101,1,8,0,0
round_robin,120,0.03177098450346101,2,8,0,0
round_robin,120,0.03222420410193807,0,9,0,0
round_robin,120,0.03222420410193807,1,9,0,0
round_robin,120,0.03222420410193807,2,8,0,0
round_robin,120,0.03280783863409479,0,9,0,0
round_robin,120,0.03280783863409479,1,9,0,0
round_robin,120,0.03280783863409479,2,9,0,0
round_robin,120,0.03365076484854424,0,10,0,0
round_robin,120,0.03365076484854424,1,9,0,0
round_robin,120,0.03365076484854424,2,9,0,0
round_robin,120,0.0355180599381949,0,10,0,0
round_robin,120,0.0355180599381949,1,10,0,0
round_robin,120,0.0355180599381949,2,9,0,0
round_robin,120,0.03655446425789028,0,10,0,0
round_robin,120,0.03655446425789028,1,10,0,0
round_robin,120,0.03655446425789028,2,10,0,0
round_robin,120,0.038219761297050056,0,11,0,0
round_robin,120,0.038219761297050056,1,10,0,0
round_robin,120,0.038219761297050056,2,10,0,0
round_robin,120,0.0388949286562753,0,11,0,0
round_robin,120,0.0388949286562753,1,11,0,0
round_robin,120,0.0388949286562753,2,10,0,0
round_robin,120,0.03986098237245089,0,11,0,0
round_robin,120,0.03986098237245089,1,11,0,0
round_robin,120,0.03986098237245089,2,11,0,0
round_robin,120,0.04113218602398598,0,12,0,0
round_robin,120,0.04113218602398598,1,11,0,0
round_robin,120,0.04113218602398598,2,11,0,0
round_robin,120,0.04159505172772695,0,12,0,0
round_robin,120,0.04159505172772695,1,12,0,0
round_robin,120,0.04159505172772695,2,11,0,0
round_robin,120,0.044536888140282956,0,12,0,0
round_robin,120,0.044536888140282956,1,12,0,0
round_robin,120,0.044536888140282956,2,12,0,0
round_robin,120,0.04624837724753691,0,13,0,0
round_robin,120,0.04624837724753691,1,12,0,0
round_robin,120,0.04624837724753691,2,12,0,0
round_robin,120,0.04685575993192696,0,13,0,0
round_robin,120,0.04685575993192696,1,13,0,0
round_robin,120,0.04685575993192696,2,12,0,0
round_robin,120,0.047338491436534284,0,13,0,0
round_robin,120,0.047338491436534284,1,13,0,0
round_robin,120,0.047338491436534284,2,13,0,0
round_robin,120,0.04960352152637996,0,14,0,0
round_robin,120,0.04960352152637996,1,13,0,0
round_robin,120,0.04960352152637996,2,13,0,0
round_robin,120,0.05064841238034682,0,14,0,0
round_robin,120,0.05064841238034682,1,14,0,0
round_robin,120,0.05064841238034682,2,13,0,0
round_robin,120,0.0512151134688299,0,13,0,1
round_robin,120,0.0512151134688299,1,14,0,0
round_robin,120,0.0512151134688299,2,13,0,0
round_robin,120,0.0516815186299943,0,13,0,1
round_robin,120,0.0516815186299943,1,14,0,0
round_robin,120,0.0516815186299943,2,14,0,0
round_robin,120,0.05400656473478522,0,14,0,1
round_robin,120,0.05400656473478522,1,14,0,0
round_robin,120,0.05400656473478522,2,14,0,0
round_robin,120,0.05412826164054615,0,14,0,1
round_robin,120,0.05412826164054615,1,13,0,1
round_robin,120,0.05412826164054615,2,14,0,0
round_robin,120,0.05466531220452806,0,14,0,1
round_robin,120,0.05466531220452806,1,13,0,1
round_robin,120,0.05466531220452806,2,13,0,1
round_robin,120,0.057960051162624614,0,13,0,2
round_robin,120,0.057960051162624614,1,13,0,1
round_robin,120,0.057960051162624614,2,13,0,1
round_robin,120,0.058517454309499256,0,13,0,2
round_robin,120,0.058517454309499256,1,12,0,2
round_robin,120,0.058517454309499256,2,13,0,1
round_robin,120,0.06011521852180335,0,13,0,2
round_robin,120,0.06011521852180335,1,12,0,2
round_robin,120,0.06011521852180335,2,12,0,2
round_robin,120,0.06467155689508043,0,12,0,3
round_robin,120,0.06467155689508043,1,12,0,2
round_robin,120,0.06467155689508043,2,12,0,2
round_robin,120,0.06592686898257027,0,12,0,3
round_robin,120,0.06592686898257027,1,13,0,2
round_robin,120,0.06592686898257027,2,12,0,2
round_robin,120,0.06604174982391607,0,12,0,3
round_robin,120,0.06604174982391607,1,12,0,3
round_robin,120,0.06604174982391607,2,12,0,2
round_robin,120,0.06676552532680284,0,12,0,3
round_robin,120,0.06676552532680284,1,12,0,3
round_robin,120,0.06676552532680284,2,13,0,2
round_robin,120,0.06723049747887809,0,13,0,3
round_robin,120,0.06723049747887809,1,12,0,3
round_robin,120,0.06723049747887809,2,13,0,2
round_robin,120,0.06740553869860114,0,13,0,3
round_robin,120,0.06740553869860114,1,12,0,3
round_robin,120,0.06740553869860114,2,12,0,3
round_robin,120,0.06778164717138016,0,13,0,3
round_robin,120,0.06778164717138016,1,13,0,3
round_robin,120,0.06778164717138016,2,12,0,3
round_robin,120,0.06845130506874648,0,13,0,3
round_robin,120,0.06845130506874648,1,13,0,3
round_robin,120,0.06845130506874648,2,13,0,3
round_robin,120,0.06899417275848063,0,12,0,4
round_robin,120,0.06899417275848063,1,13,0,3
round_robin,120,0.06899417275848063,2,13,0,3
round_robin,120,0.06965167199695388,0,12,0,4
round_robin,120,0.06965167199695388,1,12,0,4
round_robin,120,0.06965167199695388,2,13,0,3
round_robin,120,0.07010754537134967,0,13,0,4
round_robin,120,0.07010754537134967,1,12,0,4
round_robin,120,0.07010754537134967,2,13,0,3
round_robin,120,0.07071701393274578,0,13,0,4
round_robin,120,0.07071701393274578,1,12,0,4
round_robin,120,0.07071701393274578,2,12,0,4
round_robin,120,0.07073265017393351,0,13,0,4
round_robin,120,0.07073265017393351,1,13,0,4
round_robin,120,0.07073265017393351,2,12,0,4
round_robin,120,0.07113940943260273,0,13,0,4
round_robin,120,0.07113940943260273,1,13,0,4
round_robin,120,0.07113940943260273,2,13,0,4
round_robin,120,0.07166252914672726,0,14,0,4
round_robin,120,0.07166252914672726,1,13,0,4
round_robin,120,0.07166252914672726,2,13,0,4
round_robin,120,0.07289691350870164,0,14,0,4
round_robin,120,0.07289691350870164,1,14,0,4
round_robin,120,0.07289691350870164,2,13,0,4
round_robin,120,0.07305716044417052,0,13,0,5
round_robin,120,0.07305716044417052,1,14,0,4
round_robin,120,0.07305716044417052,2,13,0,4
round_robin,120,0.07346911693046425,0,13,0,5
round_robin,120,0.07346911693046425,1,13,0,5
round_robin,120,0.07346911693046425,2,13,0,4
round_robin,120,0.07373166836081237,0,13,0,5
round_robin,120,0.07373166836081237,1,13,0,5
round_robin,120,0.07373166836081237,2,14,0,4
round_robin,120,0.07419155279973898,0,13,0,5
round_robin,120,0.07419155279973898,1,13,0,5
round_robin,120,0.07419155279973898,2,13,0,5
round_robin,120,0.07427013196070792,0,14,0,5
round_robin,120,0.07427013196070792,1,13,0,5
round_robin,120,0.07427013196070792,2,13,0,5
round_robin,120,0.07472668026042065,0,14,0,5
round_robin,120,0.07472668026042065,1,14,0,5
round_robin,120,0.07472668026042065,2,13,0,5
round_robin,120,0.07479250680781267,0,13,0,6
round_robin,120,0.07479250680781267,1,14,0,5
round_robin,120,0.07479250680781267,2,13,0,5
round_robin,120,0.0752832085617588,0,13,0,6
round_robin,120,0.0752832085617588,1,13,0,6
round_robin,120,0.0752832085617588,2,13,0,5
round_robin,120,0.07582627157977043,0,13,0,6
round_robin,120,0.07582627157977043,1,13,0,6
round_robin,120,0.07582627157977043,2,12,0,6
round_robin,120,0.07626996465720252,0,13,0,6
round_robin,120,0.07626996465720252,1,13,0,6
round_robin,120,0.07626996465720252,2,13,0,6
round_robin,120,0.07666883156314776,0,12,0,7
round_robin,120,0.07666883156314776,1,13,0,6
round_robin,120,0.07666883156314776,2,13,0,6
round_robin,120,0.07668978644471647,0,13,0,7
round_robin,120,0.07668978644471647,1,13,0,6
round_robin,120,0.07668978644471647,2,13,0,6
round_robin,120,0.07708829595510844,0,13,0,7
round_robin,120,0.07708829595510844,1,12,0,7
round_robin,120,0.07708829595510844,2,13,0,6
round_robin,120,0.07720629437924328,0,13,0,7
round_robin,120,0.07720629437924328,1,13,0,7
round_robin,120,0.07720629437924328,2,13,0,6
round_robin,120,0.0777491944646135,0,13,0,7
round_robin,120,0.0777491944646135,1,13,0,7
round_robin,120,0.0777491944646135,2,12,0,7
round_robin,120,0.07864820779715134,0,12,0,8
round_robin,120,0.07864820779715134,1,13,0,7
round_robin,120,0.07864820779715134,2,12,0,7
round_robin,120,0.07875693976390548,0,12,0,8
round_robin,120,0.07875693976390548,1,13,0,7
round_robin,120,0.07875693976390548,2,13,0,7
round_robin,120,0.08024207526668936,0,12,0,8
round_robin,120,0.08024207526668936,1,12,0,8
round_robin,120,0.08024207526668936,2,13,0,7
round_robin,120,0.08102396218962206,0,12,0,8
round_robin,120,0.08102396218962206,1,12,0,8
round_robin,120,0.08102396218962206,2,12,0,8
round_robin,120,0.08177098450346101,0,11,0,9
round_robin,120,0.08177098450346101,1,12,0,8
round_robin,120,0.08177098450346101,2,12,0,8
round_robin,120,0.08222420410193806,0,11,0,9
round_robin,120,0.08222420410193806,1,11,0,9
round_robin,120,0.08222420410193806,2,12,0,8
round_robin,120,0.0828078386340948,0,11,0,9
round_robin,120,0.0828078386340948,1,11,0,9
round_robin,120,0.0828078386340948,2,11,0,9
round_robin,120,0.08300155182606232,0,12,0,9
round_robin,120,0.08300155182606232,1,11,0,9
round_robin,120,0.08300155182606232,2,11,0,9
round_robin,120,0.08364096581545727,0,12,0,9
round_robin,120,0.08364096581545727,1,12,0,9
round_robin,120,0.08364096581545727,2,11,0,9
round_robin,120,0.08365076484854425,0,11,0,10
round_robin,120,0.08365076484854425,1,12,0,9
round_robin,120,0.08365076484854425,2,11,0,9
round_robin,120,0.0855180599381949,0,11,0,10
round_robin,120,0.0855180599381949,1,11,0,10
round_robin,120,0.0855180599381949,2,11,0,9
round_robin,120,0.08655446425789029,0,11,0,10
round_robin,120,0.08655446425789029,1,11,0,10
round_robin,120,0.08655446425789029,2,10,0,10
round_robin,120,0.08821976129705006,0,10,0,11
round_robin,120,0.08821976129705006,1,11,0,10
round_robin,120,0.08821976129705006,2,10,0,10
round_robin,120,0.0888949286562753,0,10,0,11
round_robin,120,0.0888949286562753,1,10,0,11
round_robin,120,0.0888949286562753,2,10,0,10
round_robin,120,0.0898609823724509,0,10,0,11
round_robin,120,0.0898609823724509,1,10,0,11
round_robin,120,0.0898609823724509,2,9,0,11
round_robin,120,0.09113218602398598,0,9,0,12
round_robin,120,0.09113218602398598,1,10,0,11
round_robin,120,0.09113218602398598,2,9,0,11
round_robin,120,0.09159505172772694,0,9,0,12
round_robin,120,0.09159505172772694,1,9,0,12
round_robin,120,0.09159505172772694,2,9,0,11
round_robin,120,0.09453688814028297,0,9,0,12
round_robin,120,0.09453688814028297,1,9,0,12
round_robin,120,0.09453688814028297,2,8,0,12
round_robin,120,0.09493964450558524,0,9,0,12
round_robin,120,0.09493964450558524,1,9,0,12
round_robin,120,0.09493964450558524,2,9,0,12
round_robin,120,0.09564628996212596,0,10,0,12
round_robin,120,0.09564628996212596,1,9,0,12
round_robin,120,0.09564628996212596,2,9,0,12
round_robin,120,0.0961405543606744,0,10,0,12
round_robin,120,0.0961405543606744,1,10,0,12
round_robin,120,0.0961405543606744,2,9,0,12
round_robin,120,0.0962483772475369,0,9,0,13
round_robin,120,0.0962483772475369,1,10,0,12
round_robin,120,0.0962483772475369,2,9,0,12
round_robin,120,0.09660137516191059,0,9,0,13
round_robin,120,0.09660137516191059,1,10,0,12
round_robin,120,0.09660137516191059,2,10,0,12
round_robin,120,0.09685575993192697,0,9,0,13
round_robin,120,0.09685575993192697,1,9,0,13
round_robin,120,0.09685575993192697,2,10,0,12
round_robin,120,0.09733849143653428,0,9,0,13
round_robin,120,0.09733849143653428,1,9,0,13
round_robin,120,0.09733849143653428,2,9,0,13
round_robin,120,0.09785343007162413,0,10,0,13
round_robin,120,0.09785343007162413,1,9,0,13
round_robin,120,0.09785343007162413,2,9,0,13
round_robin,120,0.098276903335267,0,10,0,13
round_robin,120,0.098276903335267,1,10,0,13
round_robin,120,0.098276903335267,2,9,0,13
round_robin,120,0.0988317323038537,0,10,0,13
round_robin,120,0.0988317323038537,1,10,0,13
round_robin,120,0.0988317323038537,2,10,0,13
round_robin,120,0.09960352152637997,0,9,0,14
round_robin,120,0.09960352152637997,1,10,0,13
round_robin,120,0.09960352152637997,2,10,0,13
round_robin,120,0.09975121908831977,0,10,0,14
round_robin,120,0.09975121908831977,1,10,0,13
round_robin,120,0.09975121908831977,2,10,0,13
round_robin,120,0.10026289374334721,0,10,0,14
round_robin,120,0.10026289374334721,1,11,0,13
round_robin,120,0.10026289374334721,2,10,0,13
round_robin,120,0.10064841238034683,0,10,0,14
round_robin,120,0.10064841238034683,1,10,0,14
round_robin,120,0.10064841238034683,2,10,0,13
round_robin,120,0.10088839832024095,0,10,0,14
round_robin,120,0.10088839832024095,1,10,0,14
round_robin,120,0.10088839832024095,2,11,0,13
round_robin,120,0.10132894388531033,0,11,0,14
round_robin,120,0.10132894388531033,1,10,0,14
round_robin,120,0.10132894388531033,2,11,0,13
round_robin,120,0.1016815186299943,0,11,0,14
round_robin,120,0.1016815186299943,1,10,0,14
round_robin,120,0.1016815186299943,2,10,0,14
round_robin,120,0.10192286266551398,0,11,0,14
round_robin,120,0.10192286266551398,1,11,0,14
round_robin,120,0.10192286266551398,2,10,0,14
round_robin,120,0.1025016334532319,0,11,0,14
round_robin,120,0.1025016334532319,1,11,0,14
round_robin,120,0.1025016334532319,2,11,0,14
round_robin,120,0.10295988627102418,0,12,0,14
round_robin,120,0.10295988627102418,1,11,0,14
round_robin,120,0.10295988627102418,2,11,0,14
round_robin,120,0.10358700100617245,0,12,0,14
round_robin,120,0.10358700100617245,1,12,0,14
round_robin,120,0.10358700100617245,2,11,0,14
round_robin,120,0.10400656473478523,0,11,0,15
round_robin,120,0.10400656473478523,1,12,0,14
round_robin,120,0.10400656473478523,2,11,0,14
round_robin,120,0.10436143552755155,0,11,0,15
round_robin,120,0.10436143552755155,1,12,0,14
round_robin,120,0.10436143552755155,2,12,0,14
round_robin,120,0.1052454109149982,0,12,0,15
round_robin,120,0.1052454109149982,1,12,0,14
round_robin,120,0.1052454109149982,2,12,0,14
round_robin,120,0.10589277297350122,0,12,0,15
round_robin,120,0.10589277297350122,1,13,0,14
round_robin,120,0.10589277297350122,2,12,0,14
round_robin,120,0.10661122835697369,0,12,0,15
round_robin,120,0.10661122835697369,1,13,0,14
round_robin,120,0.10661122835697369,2,13,0,14
round_robin,120,0.10709184492444451,0,13,0,15
round_robin,120,0.10709184492444451,1,13,0,14
round_robin,120,0.10709184492444451,2,13,0,14
round_robin,120,0.10781782466475565,0,13,0,15
round_robin,120,0.10781782466475565,1,14,0,14
round_robin,120,0.10781782466475565,2,13,0,14
round_robin,120,0.10826506761477607,0,13,0,15
round_robin,120,0.10826506761477607,1,14,0,14
round_robin,120,0.10826506761477607,2,14,0,14
round_robin,120,0.10900779636324447,0,14,0,15
round_robin,120,0.10900779636324447,1,14,0,14
round_robin,120,0.10900779636324447,2,14,0,14
round_robin,120,0.10945738480876205,0,14,0,15
round_robin,120,0.10945738480876205,1,15,0,14
round_robin,120,0.10945738480876205,2,14,0,14
round_robin,120,0.11034480137333462,0,14,0,15
round_robin,120,0.11034480137333462,1,15,0,14
round_robin,120,0.11034480137333462,2,15,0,14
round_robin,120,0.1108138986325663,0,15,0,15
round_robin,120,0.1108138986325663,1,15,0,14
round_robin,120,0.1108138986325663,2,15,0,14
round_robin,120,0.11124852803841237,0,15,0,15
round_robin,120,0.11124852803841237,1,15,1,14
round_robin,120,0.11124852803841237,2,15,0,14
round_robin,120,0.11191229103134374,0,15,0,15
round_robin,120,0.11191229103134374,1,15,1,14
round_robin,120,0.11191229103134374,2,15,1,14
round_robin,120,0.11233788131724078,0,15,1,15
round_robin,120,0.11233788131724078,1,15,1,14
round_robin,120,0.11233788131724078,2,15,1,14
round_robin,120,0.11318020512551777,0,15,1,15
round_robin,120,0.11318020512551777,1,15,2,14
round_robin,120,0.11318020512551777,2,15,1,14
round_robin,120,0.11381854878328536,0,15,1,15
round_robin,120,0.11381854878328536,1,15,2,14
round_robin,120,0.11381854878328536,2,15,2,14
round_robin,120,0.11443382146359739,0,15,2,15
round_robin,120,0.11443382146359739,1,15,2,14
round_robin,120,0.11443382146359739,2,15,2,14
round_robin,120,0.11487697053767862,0,15,2,15
round_robin,120,0.11487697053767862,1,15,3,14
round_robin,120,0.11487697053767862,2,15,2,14
round_robin,120,0.11553788902710337,0,15,2,15
round_robin,120,0.11553788902710337,1,15,3,14
round_robin,120,0.11553788902710337,2,15,3,14
round_robin,120,0.11592686898257028,0,15,2,15
round_robin,120,0.11592686898257028,1,15,2,15
round_robin,120,0.11592686898257028,2,15,3,14
round_robin,120,0.11662233111841888,0,15,3,15
round_robin,120,0.11662233111841888,1,15,2,15
round_robin,120,0.11662233111841888,2,15,3,14
round_robin,120,0.11676552532680284,0,15,3,15
round_robin,120,0.11676552532680284,1,15,2,15
round_robin,120,0.11676552532680284,2,15,2,15
round_robin,120,0.11723049747887809,0,15,2,16
round_robin,120,0.11723049747887809,1,15,2,15
round_robin,120,0.11723049747887809,2,15,2,15
round_robin,120,0.11778164717138016,0,15,2,16
round_robin,120,0.11778164717138016,1,15,1,16
round_robin,120,0.11778164717138016,2,15,2,15
round_robin,120,0.11782618037430038,0,15,2,16
round_robin,120,0.11782618037430038,1,15,2,16
round_robin,120,0.11782618037430038,2,15,2,15
round_robin,120,0.11845130506874649,0,15,2,16
round_robin,120,0.11845130506874649,1,15,2,16
round_robin,120,0.11845130506874649,2,15,1,16
round_robin,120,0.11871471564782557,0,15,2,16
round_robin,120,0.11871471564782557,1,15,2,16
round_robin,120,0.11871471564782557,2,15,2,16
round_robin,120,0.11938048714574222,0,15,3,16
round_robin,120,0.11938048714574222,1,15,2,16
round_robin,120,0.11938048714574222,2,15,2,16
round_robin,120,0.12010754537134967,0,15,2,17
round_robin,120,0.12010754537134967,1,15,2,16
round_robin,120,0.12010754537134967,2,15,2,16
round_robin,120,0.12048768071877682,0,15,2,17
round_robin,120,0.12048768071877682,1,15,3,16
round_robin,120,0.12048768071877682,2,15,2,16
round_robin,120,0.12073265017393352,0,15,2,17
round_robin,120,0.12073265017393352,1,15,2,17
round_robin,120,0.12073265017393352,2,15,2,16
round_robin,120,0.12113940943260273,0,15,2,17
round_robin,120,0.12113940943260273,1,15,2,17
round_robin,120,0.12113940943260273,2,15,1,17
round_robin,120,0.12166252914672726,0,15,1,18
round_robin,120,0.12166252914672726,1,15,2,17
round_robin,120,0.12166252914672726,2,15,1,17
round_robin,120,0.12289691350870165,0,15,1,18
round_robin,120,0.12289691350870165,1,15,1,18
round_robin,120,0.12289691350870165,2,15,1,17
round_robin,120,0.12373166836081237,0,15,1,18
round_robin,120,0.12373166836081237,1,15,1,18
round_robin,120,0.12373166836081237,2,15,0,18
round_robin,120,0.12427013196070792,0,15,0,19
round_robin,120,0.12427013196070792,1,15,1,18
round_robin,120,0.12427013196070792,2,15,0,18
round_robin,120,0.12472668026042065,0,15,0,19
round_robin,120,0.12472668026042065,1,15,0,19
round_robin,120,0.12472668026042065,2,15,0,18
round_robin,120,0.12626996465720253,0,15,0,19
round_robin,120,0.12626996465720253,1,15,0,19
round_robin,120,0.12626996465720253,2,14,0,19
round_robin,120,0.12668978644471646,0,14,0,20
round_robin,120,0.12668978644471646,1,15,0,19
round_robin,120,0.12668978644471646,2,14,0,19
round_robin,120,0.1272062943792433,0,14,0,20
round_robin,120,0.1272062943792433,1,14,0,20
round_robin,120,0.1272062943792433,2,14,0,19
round_robin,120,0.12875693976390548,0,14,0,20
round_robin,120,0.12875693976390548,1,14,0,20
round_robin,120,0.12875693976390548,2,13,0,20
round_robin,120,0.13005719245911077,0,14,0,20
round_robin,120,0.13005719245911077,1,14,0,20
round_robin,120,0.13005719245911077,2,14,0,20
round_robin,120,0.13055141526095662,0,15,0,20
round_robin,120,0.13055141526095662,1,14,0,20
round_robin,120,0.13055141526095662,2,14,0,20
round_robin,120,0.13126066504462003,0,15,0,20
round_robin,120,0.13126066504462003,1,15,0,20
round_robin,120,0.13126066504462003,2,14,0,20
round_robin,120,0.13300155182606233,0,14,0,21
round_robin,120,0.13300155182606233,1,15,0,20
round_robin,120,0.13300155182606233,2,14,0,20
round_robin,120,0.13364096581545726,0,14,0,21
round_robin,120,0.13364096581545726,1,14,0,21
round_robin,120,0.13364096581545726,2,14,0,20
round_robin,120,0.13793874953205473,0,14,0,21
round_robin,120,0.13793874953205473,1,14,0,21
round_robin,120,0.13793874953205473,2,15,0,20
round_robin,120,0.1388889452495358,0,15,0,21
round_robin,120,0.1388889452495358,1,14,0,21
round_robin,120,0.1388889452495358,2,15,0,20
round_robin,120,0.1395856941201089,0,15,0,21
round_robin,120,0.1395856941201089,1,15,0,21
round_robin,120,0.1395856941201089,2,15,0,20
round_robin,120,0.14257092004771268,0,15,0,21
round_robin,120,0.14257092004771268,1,15,0,21
round_robin,120,0.14257092004771268,2,15,1,20
round_robin,120,0.1436061027237365,0,15,1,21
round_robin,120,0.1436061027237365,1,15,0,21
round_robin,120,0.1436061027237365,2,15,1,20
round_robin,120,0.14401814179254094,0,15,1,21
round_robin,120,0.14401814179254094,1,15,1,21
round_robin,120,0.14401814179254094,2,15,1,20
round_robin,120,0.14450246118705237,0,15,1,21
round_robin,120,0.14450246118705237,1,15,1,21
round_robin,120,0.14450246118705237,2,15,2,20
round_robin,120,0.14493964450558525,0,15,1,21
round_robin,120,0.14493964450558525,1,15,1,21
round_robin,120,0.14493964450558525,2,15,1,21
round_robin,120,0.14501238134956673,0,15,2,21
round_robin,120,0.14501238134956673,1,15,1,21
round_robin,120,0.14501238134956673,2,15,1,21
round_robin,120,0.1456047596260117,0,15,2,21
round_robin,120,0.1456047596260117,1,15,2,21
round_robin,120,0.1456047596260117,2,15,1,21
round_robin,120,0.14564628996212597,0,15,1,22
round_robin,120,0.14564628996212597,1,15,2,21
round_robin,120,0.14564628996212597,2,15,1,21
round_robin,120,0.14601137318113847,0,15,1,22
round_robin,120,0.14601137318113847,1,15,2,21
round_robin,120,0.14601137318113847,2,15,2,21
round_robin,120,0.1461405543606744,0,15,1,22
round_robin,120,0.1461405543606744,1,15,1,22
round_robin,120,0.1461405543606744,2,15,2,21
round_robin,120,0.14660137516191057,0,15,1,22
round_robin,120,0.14660137516191057,1,15,1,22
round_robin,120,0.14660137516191057,2,15,1,22
round_robin,120,0.14785343007162413,0,15,0,23
round_robin,120,0.14785343007162413,1,15,1,22
round_robin,120,0.14785343007162413,2,15,1,22
round_robin,120,0.148276903335267,0,15,0,23
round_robin,120,0.148276903335267,1,15,0,23
round_robin,120,0.148276903335267,2,15,1,22
round_robin,120,0.14883173230385371,0,15,0,23
round_robin,120,0.14883173230385371,1,15,0,23
round_robin,120,0.14883173230385371,2,15,0,23
round_robin,120,0.14948355973683078,0,15,1,23
round_robin,120,0.14948355973683078,1,15,0,23
round_robin,120,0.14948355973683078,2,15,0,23
round_robin,120,0.1497512190883198,0,15,0,24
round_robin,120,0.1497512190883198,1,15,0,23
round_robin,120,0.1497512190883198,2,15,0,23
round_robin,120,0.15000743291243918,0,15,0,24
round_robin,120,0.15000743291243918,1,15,1,23
round_robin,120,0.15000743291243918,2,15,0,23
round_robin,120,0.15026289374334723,0,15,0,24
round_robin,120,0.15026289374334723,1,15,0,24
round_robin,120,0.15026289374334723,2,15,0,23
round_robin,120,0.15088839832024095,0,15,0,24
round_robin,120,0.15088839832024095,1,15,0,24
round_robin,120,0.15088839832024095,2,14,0,24
round_robin,120,0.15132894388531032,0,14,0,25
round_robin,120,0.15132894388531032,1,15,0,24
round_robin,120,0.15132894388531032,2,14,0,24
round_robin,120,0.15192286266551397,0,14,0,25
round_robin,120,0.15192286266551397,1,14,0,25
round_robin,120,0.15192286266551397,2,14,0,24
round_robin,120,0.15241365219747946,0,14,0,25
round_robin,120,0.15241365219747946,1,14,0,25
round_robin,120,0.15241365219747946,2,15,0,24
round_robin,120,0.15250163345323192,0,14,0,25
round_robin,120,0.15250163345323192,1,14,0,25
round_robin,120,0.15250163345323192,2,14,0,25
round_robin,120,0.1529598862710242,0,13,0,26
round_robin,120,0.1529598862710242,1,14,0,25
round_robin,120,0.1529598862710242,2,14,0,25
round_robin,120,0.15342927349013719,0,14,0,26
round_robin,120,0.15342927349013719,1,14,0,25
round_robin,120,0.15342927349013719,2,14,0,25
round_robin,120,0.15358700100617245,0,14,0,26
round_robin,120,0.15358700100617245,1,13,0,26
round_robin,120,0.15358700100617245,2,14,0,25
round_robin,120,0.1540895412749244,0,14,0,26
round_robin,120,0.1540895412749244,1,14,0,26
round_robin,120,0.1540895412749244,2,14,0,25
round_robin,120,0.15436143552755155,0,14,0,26
round_robin,120,0.15436143552755155,1,14,0,26
round_robin,120,0.15436143552755155,2,13,0,26
round_robin,120,0.15449005574631128,0,14,0,26
round_robin,120,0.15449005574631128,1,14,0,26
round_robin,120,0.15449005574631128,2,14,0,26
round_robin,120,0.15524541091499822,0,13,0,27
round_robin,120,0.15524541091499822,1,14,0,26
round_robin,120,0.15524541091499822,2,14,0,26
round_robin,120,0.15589277297350124,0,13,0,27
round_robin,120,0.15589277297350124,1,13,0,27
round_robin,120,0.15589277297350124,2,14,0,26
round_robin,120,0.1566112283569737,0,13,0,27
round_robin,120,0.1566112283569737,1,13,0,27
round_robin,120,0.1566112283569737,2,13,0,27
round_robin,120,0.1570918449244445,0,12,0,28
round_robin,120,0.1570918449244445,1,13,0,27
round_robin,120,0.1570918449244445,2,13,0,27
round_robin,120,0.15781782466475563,0,12,0,28
round_robin,120,0.15781782466475563,1,12,0,28
round_robin,120,0.15781782466475563,2,13,0,27
round_robin,120,0.15826506761477607,0,12,0,28
round_robin,120,0.15826506761477607,1,12,0,28
round_robin,120,0.15826506761477607,2,12,0,28
round_robin,120,0.15900779636324447,0,11,0,29
round_robin,120,0.15900779636324447,1,12,0,28
round_robin,120,0.15900779636324447,2,12,0,28
round_robin,120,0.15945738480876204,0,11,0,29
round_robin,120,0.15945738480876204,1,11,0,29
round_robin,120,0.15945738480876204,2,12,0,28
round_robin,120,0.16034480137333462,0,11,0,29
round_robin,120,0.16034480137333462,1,11,0,29
round_robin,120,0.16034480137333462,2,11,0,29
round_robin,120,0.1608138986325663,0,10,0,30
round_robin,120,0.1608138986325663,1,11,0,29
round_robin,120,0.1608138986325663,2,11,0,29
round_robin,120,0.16592686898257028,0,10,0,30
round_robin,120,0.16592686898257028,1,10,0,30
round_robin,120,0.16592686898257028,2,11,0,29
round_robin,120,0.16676552532680283,0,10,0,30
round_robin,120,0.16676552532680283,1,10,0,30
round_robin,120,0.16676552532680283,2,10,0,30
round_robin,120,0.16723049747887808,0,9,0,31
round_robin,120,0.16723049747887808,1,10,0,30
round_robin,120,0.16723049747887808,2,10,0,30
round_robin,120,0.16778164717138017,0,9,0,31
round_robin,120,0.16778164717138017,1,9,0,31
round_robin,120,0.16778164717138017,2,10,0,30
round_robin,120,0.1684513050687465,0,9,0,31
round_robin,120,0.1684513050687465,1,9,0,31
round_robin,120,0.1684513050687465,2,9,0,31
round_robin,120,0.17010754537134967,0,8,0,32
round_robin,120,0.17010754537134967,1,9,0,31
round_robin,120,0.17010754537134967,2,9,0,31
round_robin,120,0.17073265017393352,0,8,0,32
round_robin,120,0.17073265017393352,1,8,0,32
round_robin,120,0.17073265017393352,2,9,0,31
round_robin,120,0.17113940943260275,0,8,0,32
round_robin,120,0.17113940943260275,1,8,0,32
round_robin,120,0.17113940943260275,2,8,0,32
round_robin,120,0.17166252914672725,0,7,0,33
round_robin,120,0.17166252914672725,1,8,0,32
round_robin,120,0.17166252914672725,2,8,0,32
round_robin,120,0.17289691350870165,0,7,0,33
round_robin,120,0.17289691350870165,1,7,0,33
round_robin,120,0.17289691350870165,2,8,0,32
round_robin,120,0.17373166836081239,0,7,0,33
round_robin,120,0.17373166836081239,1,7,0,33
round_robin,120,0.17373166836081239,2,7,0,33
round_robin,120,0.17427013196070792,0,6,0,34
round_robin,120,0.17427013196070792,1,7,0,33
round_robin,120,0.17427013196070792,2,7,0,33
round_robin,120,0.17472668026042065,0,6,0,34
round_robin,120,0.17472668026042065,1,6,0,34
round_robin,120,0.17472668026042065,2,7,0,33
round_robin,120,0.18005719245911078,0,6,0,34
round_robin,120,0.18005719245911078,1,6,0,34
round_robin,120,0.18005719245911078,2,6,0,34
round_robin,120,0.18055141526095664,0,5,0,35
round_robin,120,0.18055141526095664,1,6,0,34
round_robin,120,0.18055141526095664,2,6,0,34
round_robin,120,0.18126066504462002,0,5,0,35
round_robin,120,0.18126066504462002,1,5,0,35
round_robin,120,0.18126066504462002,2,6,0,34
round_robin,120,0.18793874953205475,0,5,0,35
round_robin,120,0.18793874953205475,1,5,0,35
round_robin,120,0.18793874953205475,2,5,0,35
round_robin,120,0.1888889452495358,0,4,0,36
round_robin,120,0.1888889452495358,1,5,0,35
round_robin,120,0.1888889452495358,2,5,0,35
round_robin,120,0.1895856941201089,0,4,0,36
round_robin,120,0.1895856941201089,1,4,0,36
round_robin,120,0.1895856941201089,2,5,0,35
round_robin,120,0.19493964450558526,0,4,0,36
round_robin,120,0.19493964450558526,1,4,0,36
round_robin,120,0.19493964450558526,2,4,0,36
round_robin,120,0.19564628996212596,0,3,0,37
round_robin,120,0.19564628996212596,1,4,0,36
round_robin,120,0.19564628996212596,2,4,0,36
round_robin,120,0.1961405543606744,0,3,0,37
round_robin,120,0.1961405543606744,1,3,0,37
round_robin,120,0.1961405543606744,2,4,0,36
round_robin,120,0.19660137516191056,0,3,0,37
round_robin,120,0.19660137516191056,1,3,0,37
round_robin,120,0.19660137516191056,2,3,0,37
round_robin,120,0.19785343007162415,0,2,0,38
round_robin,120,0.19785343007162415,1,3,0,37
round_robin,120,0.19785343007162415,2,3,0,37
round_robin,120,0.19827690333526699,0,2,0,38
round_robin,120,0.19827690333526699,1,2,0,38
round_robin,120,0.19827690333526699,2,3,0,37
round_robin,120,0.1988317323038537,0,2,0,38
round_robin,120,0.1988317323038537,1,2,0,38
round_robin,120,0.1988317323038537,2,2,0,38
round_robin,120,0.19975121908831978,0,1,0,39
round_robin,120,0.19975121908831978,1,2,0,38
round_robin,120,0.19975121908831978,2,2,0,38
round_robin,120,0.20026289374334721,0,1,0,39
round_robin,120,0.20026289374334721,1,1,0,39
round_robin,120,0.20026289374334721,2,2,0,38
round_robin,120,0.20241365219747948,0,1,0,39
round_robin,120,0.20241365219747948,1,1,0,39
round_robin,120,0.20241365219747948,2,1,0,39
round_robin,120,0.20342927349013717,0,0,0,40
round_robin,120,0.20342927349013717,1,1,0,39
round_robin,120,0.20342927349013717,2,1,0,39
round_robin,120,0.2040895412749244,0,0,0,40
round_robin,120,0.2040895412749244,1,0,0,40
round_robin,120,0.2040895412749244,2,1,0,39
round_robin,120,0.2044900557463113,0,0,0,40
round_robin,120,0.2044900557463113,1,0,0,40
round_robin,120,0.2044900557463113,2,0,0,40
shortest_queue,30,0,0,0,0,0
shortest_queue,30,0,1,0,0,0
shortest_queue,30,0,2,0,0,0
shortest_queue,30,0.001215113468829894,0,1,0,0
shortest_queue,30,0.001215113468829894,1,0,0,0
shortest_queue,30,0.001215113468829894,2,0,0,0
shortest_queue,30,0.004128261640546147,0,1,0,0
shortest_queue,30,0.004128261640546147,1,1,0,0
shortest_queue,30,0.004128261640546147,2,0,0,0
shortest_queue,30,0.004665312204528059,0,1,0,0
shortest_queue,30,0.004665312204528059,1,1,0,0
shortest_queue,30,0.004665312204528059,2,1,0,0
shortest_queue,30,0.007960051162624611,0,2,0,0
shortest_queue,30,0.007960051162624611,1,1,0,0
shortest_queue,30,0.007960051162624611,2,1,0,0
shortest_queue,30,0.008517454309499255,0,2,0,0
shortest_queue,30,0.008517454309499255,1,2,0,0
shortest_queue,30,0.008517454309499255,2,1,0,0
shortest_queue,30,0.010115218521803342,0,2,0,0
shortest_queue,30,0.010115218521803342,1,2,0,0
shortest_queue,30,0.010115218521803342,2,2,0,0
shortest_queue,30,0.014671556895080432,0,3,0,0
shortest_queue,30,0.014671556895080432,1,2,0,0
shortest_queue,30,0.014671556895080432,2,2,0,0
shortest_queue,30,0.016041749823916065,0,3,0,0
shortest_queue,30,0.016041749823916065,1,3,0,0
shortest_queue,30,0.016041749823916065,2,2,0,0
shortest_queue,30,0.017405538698601133,0,3,0,0
shortest_queue,30,0.017405538698601133,1,3,0,0
shortest_queue,30,0.017405538698601133,2,3,0,0
shortest_queue,30,0.018994172758480636,0,4,0,0
shortest_queue,30,0.018994172758480636,1,3,0,0
shortest_queue,30,0.018994172758480636,2,3,0,0
shortest_queue,30,0.01965167199695387,0,4,0,0
shortest_queue,30,0.01965167199695387,1,4,0,0
shortest_queue,30,0.01965167199695387,2,3,0,0
shortest_queue,30,0.020717013932745772,0,4,0,0
shortest_queue,30,0.020717013932745772,1,4,0,0
shortest_queue,30,0.020717013932745772,2,4,0,0
shortest_queue,30,0.023057160444170513,0,5,0,0
shortest_queue,30,0.023057160444170513,1,4,0,0
shortest_queue,30,0.023057160444170513,2,4,0,0
shortest_queue,30,0.023469116930464246,0,5,0,0
shortest_queue,30,0.023469116930464246,1,5,0,0
shortest_queue,30,0.023469116930464246,2,4,0,0
shortest_queue,30,0.024191552799738975,0,5,0,0
shortest_queue,30,0.024191552799738975,1,5,0,0
shortest_queue,30,0.024191552799738975,2,5,0,0
shortest_queue,30,0.024792506807812673,0,6,0,0
shortest_queue,30,0.024792506807812673,1,5,0,0
shortest_queue,30,0.024792506807812673,2,5,0,0
shortest_queue,30,0.0252832085617588,0,6,0,0
shortest_queue,30,0.0252832085617588,1,6,0,0
shortest_queue,30,0.0252832085617588,2,5,0,0
shortest_queue,30,0.025826271579770424,0,6,0,0
shortest_queue,30,0.025826271579770424,1,6,0,0
shortest_queue,30,0.025826271579770424,2,6,0,0
shortest_queue,30,0.02666883156314775,0,7,0,0
shortest_queue,30,0.02666883156314775,1,6,0,0
shortest_queue,30,0.02666883156314775,2,6,0,0
shortest_queue,30,0.027088295955108442,0,7,0,0
shortest_queue,30,0.027088295955108442,1,7,0,0
shortest_queue,30,0.027088295955108442,2,6,0,0
shortest_queue,30,0.027749194464613495,0,7,0,0
shortest_queue,30,0.027749194464613495,1,7,0,0
shortest_queue,30,0.027749194464613495,2,7,0,0
shortest_queue,30,0.02864820779715134,0,8,0,0
shortest_queue,30,0.02864820779715134,1,7,0,0
shortest_queue,30,0.02864820779715134,2,7,0,0
shortest_queue,30,0.03024207526668936,0,8,0,0
shortest_queue,30,0.03024207526668936,1,8,0,0
shortest_queue,30,0.03024207526668936,2,7,0,0
shortest_queue,30,0.031023962189622056,0,8,0,0
shortest_queue,30,0.031023962189622056,1,8,0,0
shortest_queue,30,0.031023962189622056,2,8,0,0
shortest_queue,30,0.03177098450346101,0,9,0,0
shortest_queue,30,0.03177098450346101,1,8,0,0
shortest_queue,30,0.03177098450346101,2,8,0,0
shortest_queue,30,0.03222420410193807,0,9,0,0
shortest_queue,30,0.03222420410193807,1,9,0,0
shortest_queue,30,0.03222420410193807,2,8,0,0
shortest_queue,30,0.03280783863409479,0,9,0,0
shortest_queue,30,0.03280783863409479,1,9,0,0
shortest_queue,30,0.03280783863409479,2,9,0,0
shortest_queue,30,0.03365076484854424,0,10,0,0
shortest_queue,30,0.03365076484854424,1,9,0,0
shortest_queue,30,0.03365076484854424,2,9,0,0
shortest_queue,30,0.0355180599381949,0,10,0,0
shortest_queue,30,0.0355180599381949,1,10,0,0
shortest_queue,30,0.0355180599381949,2,9,0,0
shortest_queue,30,0.03655446425789028,0,10,0,0
shortest_queue,30,0.03655446425789028,1,10,0,0
shortest_queue,30,0.03655446425789028,2,10,0,0
shortest_queue,30,0.0512151134688299,0,9,0,1
shortest_queue,30,0.0512151134688299,1,10,0,0
shortest_queue,30,0.0512151134688299,2,10,0,0
shortest_queue,30,0.05412826164054615,0,9,0,1
shortest_queue,30,0.05412826164054615,1,9,0,1
shortest_queue,30,0.05412826164054615,2,10,0,0
shortest_queue,30,0.05466531220452806,0,9,0,1
shortest_queue,30,0.05466531220452806,1,9,0,1
shortest_queue,30,0.05466531220452806,2,9,0,1
shortest_queue,30,0.057960051162624614,0,8,0,2
shortest_queue,30,0.057960051162624614,1,9,0,1
shortest_queue,30,0.057960051162624614,2,9,0,1
shortest_queue,30,0.058517454309499256,0,8,0,2
shortest_queue,30,0.058517454309499256,1,8,0,2
shortest_queue,30,0.058517454309499256,2,9,0,1
shortest_queue,30,0.06011521852180335,0,8,0,2
shortest_queue,30,0.06011521852180335,1,8,0,2
shortest_queue,30,0.06011521852180335,2,8,0,2
shortest_queue,30,0.06467155689508043,0,7,0,3
shortest_queue,30,0.06467155689508043,1,8,0,2
shortest_queue,30,0.06467155689508043,2,8,0,2
shortest_queue,30,0.06604174982391607,0,7,0,3
shortest_queue,30,0.06604174982391607,1,7,0,3
shortest_queue,30,0.06604174982391607,2,8,0,2
shortest_queue,30,0.06740553869860114,0,7,0,3
shortest_queue,30,0.06740553869860114,1,7,0,3
shortest_queue,30,0.06740553869860114,2,7,0,3
shortest_queue,30,0.06899417275848063,0,6,0,4
shortest_queue,30,0.06899417275848063,1,7,0,3
shortest_queue,30,0.06899417275848063,2,7,0,3
shortest_queue,30,0.06965167199695388,0,6,0,4
shortest_queue,30,0.06965167199695388,1,6,0,4
shortest_queue,30,0.06965167199695388,2,7,0,3
shortest_queue,30,0.07071701393274578,0,6,0,4
shortest_queue,30,0.07071701393274578,1,6,0,4
shortest_queue,30,0.07071701393274578,2,6,0,4
shortest_queue,30,0.07305716044417052,0,5,0,5
shortest_queue,30,0.07305716044417052,1,6,0,4
shortest_queue,30,0.07305716044417052,2,6,0,4
shortest_queue,30,0.07346911693046425,0,5,0,5
shortest_queue,30,0.07346911693046425,1,5,0,5
shortest_queue,30,0.07346911693046425,2,6,0,4
shortest_queue,30,0.07419155279973898,0,5,0,5
shortest_queue,30,0.07419155279973898,1,5,0,5
shortest_queue,30,0.07419155279973898,2,5,0,5
shortest_queue,30,0.07479250680781267,0,4,0,6
shortest_queue,30,0.07479250680781267,1,5,0,5
shortest_queue,30,0.07479250680781267,2,5,0,5
shortest_queue,30,0.0752832085617588,0,4,0,6
shortest_queue,30,0.0752832085617588,1,4,0,6
shortest_queue,30,0.0752832085617588,2,5,0,5
shortest_queue,30,0.07582627157977043,0,4,0,6
shortest_queue,30,0.07582627157977043,1,4,0,6
shortest_queue,30,0.07582627157977043,2,4,0,6
shortest_queue,30,0.07666883156314776,0,3,0,7
shortest_queue,30,0.07666883156314776,1,4,0,6
shortest_queue,30,0.07666883156314776,2,4,0,6
shortest_queue,30,0.07708829595510844,0,3,0,7
shortest_queue,30,0.07708829595510844,1,3,0,7
shortest_queue,30,0.07708829595510844,2,4,0,6
shortest_queue,30,0.0777491944646135,0,3,0,7
shortest_queue,30,0.0777491944646135,1,3,0,7
shortest_queue,30,0.0777491944646135,2,3,0,7
shortest_queue,30,0.07864820779715134,0,2,0,8
shortest_queue,30,0.07864820779715134,1,3,0,7
shortest_queue,30,0.07864820779715134,2,3,0,7
shortest_queue,30,0.08024207526668936,0,2,0,8
shortest_queue,30,0.08024207526668936,1,2,0,8
shortest_queue,30,0.08024207526668936,2,3,0,7
shortest_queue,30,0.08102396218962206,0,2,0,8
shortest_queue,30,0.08102396218962206,1,2,0,8
shortest_queue,30,0.08102396218962206,2,2,0,8
shortest_queue,30,0.08177098450346101,0,1,0,9
shortest_queue,30,0.08177098450346101,1,2,0,8
shortest_queue,30,0.08177098450346101,2,2,0,8
shortest_queue,30,0.08222420410193806,0,1,0,9
shortest_queue,30,0.08222420410193806,1,1,0,9
shortest_queue,30,0.08222420410193806,2,2,0,8
shortest_queue,30,0.0828078386340948,0,1,0,9
shortest_queue,30,0.0828078386340948,1,1,0,9
shortest_queue,30,0.0828078386340948,2,1,0,9
shortest_queue,30,0.08365076484854425,0,0,0,10
shortest_queue,30,0.08365076484854425,1,1,0,9
shortest_queue,30,0.08365076484854425,2,1,0,9
shortest_queue,30,0.0855180599381949,0,0,0,10
shortest_queue,30,0.0855180599381949,1,0,0,10
shortest_queue,30,0.0855180599381949,2,1,0,9
shortest_queue,30,0.08655446425789029,0,0,0,10
shortest_queue,30,0.08655446425789029,1,0,0,10
shortest_queue,30,0.08655446425789029,2,0,0,10
shortest_queue,60,0,0,0,0,0
shortest_queue,60,0,1,0,0,0
shortest_queue,60,0,2,0,0,0
shortest_queue,60,0.001215113468829894,0,1,0,0
shortest_queue,60,0.001215113468829894,1,0,0,0
shortest_queue,60,0.001215113468829894,2,0,0,0
shortest_queue,60,0.004128261640546147,0,1,0,0
shortest_queue,60,0.004128261640546147,1,1,0,0
shortest_queue,60,0.004128261640546147,2,0,0,0
shortest_queue,60,0.004665312204528059,0,1,0,0
shortest_queue,60,0.004665312204528059,1,1,0,0
shortest_queue,60,0.004665312204528059,2,1,0,0
shortest_queue,60,0.007960051162624611,0,2,0,0
shortest_queue,60,0.007960051162624611,1,1,0,0
shortest_queue,60,0.007960051162624611,2,1,0,0
shortest_queue,60,0.008517454309499255,0,2,0,0
shortest_queue,60,0.008517454309499255,1,2,0,0
shortest_queue,60,0.008517454309499255,2,1,0,0
shortest_queue,60,0.010115218521803342,0,2,0,0
shortest_queue,60,0.010115218521803342,1,2,0,0
shortest_queue,60,0.010115218521803342,2,2,0,0
shortest_queue,60,0.014671556895080432,0,3,0,0
shortest_queue,60,0.014671556895080432,1,2,0,0
shortest_queue,60,0.014671556895080432,2,2,0,0
shortest_queue,60,0.016041749823916065,0,3,0,0
shortest_queue,60,0.016041749823916065,1,3,0,0
shortest_queue,60,0.016041749823916065,2,2,0,0
shortest_queue,60,0.017405538698601133,0,3,0,0
shortest_queue,60,0.017405538698601133,1,3,0,0
shortest_queue,60,0.017405538698601133,2,3,0,0
shortest_queue,60,0.018994172758480636,0,4,0,0
shortest_queue,60,0.018994172758480636,1,3,0,0
shortest_queue,60,0.018994172758480636,2,3,0,0
shortest_queue,60,0.01965167199695387,0,4,0,0
shortest_queue,60,0.01965167199695387,1,4,0,0
shortest_queue,60,0.01965167199695387,2,3,0,0
shortest_queue,60,0.020717013932745772,0,4,0,0
shortest_queue,60,0.020717013932745772,1,4,0,0
shortest_queue,60,0.020717013932745772,2,4,0,0
shortest_queue,60,0.023057160444170513,0,5,0,0
shortest_queue,60,0.023057160444170513,1,4,0,0
shortest_queue,60,0.023057160444170513,2,4,0,0
shortest_queue,60,0.023469116930464246,0,5,0,0
shortest_queue,60,0.023469116930464246,1,5,0,0
shortest_queue,60,0.023469116930464246,2,4,0,0
shortest_queue,60,0.024191552799738975,0,5,0,0
shortest_queue,60,0.024191552799738975,1,5,0,0
shortest_queue,60,0.024191552799738975,2,5,0,0
shortest_queue,60,0.024792506807812673,0,6,0,0
shortest_queue,60,0.024792506807812673,1,5,0,0
shortest_queue,60,0.024792506807812673,2,5,0,0
shortest_queue,60,0.0252832085617588,0,6,0,0
shortest_queue,60,0.0252832085617588,1,6,0,0
shortest_queue,60,0.0252832085617588,2,5,0,0
shortest_queue,60,0.025826271579770424,0,6,0,0
shortest_queue,60,0.025826271579770424,1,6,0,0
shortest_queue,60,0.025826271579770424,2,6,0,0
shortest_queue,60,0.02666883156314775,0,7,0,0
shortest_queue,60,0.02666883156314775,1,6,0,0
shortest_queue,60,0.02666883156314775,2,6,0,0
shortest_queue,60,0.027088295955108442,0,7,0,0
shortest_queue,60,0.027088295955108442,1,7,0,0
shortest_queue,60,0.027088295955108442,2,6,0,0
shortest_queue,60,0.027749194464613495,0,7,0,0
shortest_queue,60,0.027749194464613495,1,7,0,0
shortest_queue,60,0.027749194464613495,2,7,0,0
shortest_queue,60,0.02864820779715134,0,8,0,0
shortest_queue,60,0.02864820779715134,1,7,0,0
shortest_queue,60,0.02864820779715134,2,7,0,0
shortest_queue,60,0.03024207526668936,0,8,0,0
shortest_queue,60,0.03024207526668936,1,8,0,0
shortest_queue,60,0.03024207526668936,2,7,0,0
shortest_queue,60,0.031023962189622056,0,8,0,0
shortest_queue,60,0.031023962189622056,1,8,0,0
shortest_queue,60,0.031023962189622056,2,8,0,0
shortest_queue,60,0.03177098450346101,0,9,0,0
shortest_queue,60,0.03177098450346101,1,8,0,0
shortest_queue,60,0.03177098450346101,2,8,0,0
shortest_queue,60,0.03222420410193807,0,9,0,0
shortest_queue,60,0.03222420410193807,1,9,0,0
shortest_queue,60,0.03222420410193807,2,8,0,0
shortest_queue,60,0.03280783863409479,0,9,0,0
shortest_queue,60,0.03280783863409479,1,9,0,0
shortest_queue,60,0.03280783863409479,2,9,0,0
shortest_queue,60,0.03365076484854424,0,10,0,0
shortest_queue,60,0.03365076484854424,1,9,0,0
shortest_queue,60,0.03365076484854424,2,9,0,0
shortest_queue,60,0.0355180599381949,0,10,0,0
shortest_queue,60,0.0355180599381949,1,10,0,0
shortest_queue,60,0.0355180599381949,2,9,0,0
shortest_queue,60,0.03655446425789028,0,10,0,0
shortest_queue,60,0.03655446425789028,1,10,0,0
shortest_queue,60,0.03655446425789028,2,10,0,0
shortest_queue,60,0.038219761297050056,0,11,0,0
shortest_queue,60,0.038219761297050056,1,10,0,0
shortest_queue,60,0.038219761297050056,2,10,0,0
shortest_queue,60,0.0388949286562753,0,11,0,0
shortest_queue,60,0.0388949286562753,1,11,0,0
shortest_queue,60,0.0388949286562753,2,10,0,0
shortest_queue,60,0.03986098237245089,0,11,0,0
shortest_queue,60,0.03986098237245089,1,11,0,0
shortest_queue,60,0.03986098237245089,2,11,0,0
shortest_queue,60,0.04113218602398598,0,12,0,0
shortest_queue,60,0.04113218602398598,1,11,0,0
shortest_queue,60,0.04113218602398598,2,11,0,0
shortest_queue,60,0.04159505172772695,0,12,0,0
shortest_queue,60,0.04159505172772695,1,12,0,0
shortest_queue,60,0.04159505172772695,2,11,0,0
shortest_queue,60,0.044536888140282956,0,12,0,0
shortest_queue,60,0.044536888140282956,1,12,0,0
shortest_queue,60,0.044536888140282956,2,12,0,0
shortest_queue,60,0.04624837724753691,0,13,0,0
shortest_queue,60,0.04624837724753691,1,12,0,0
shortest_queue,60,0.04624837724753691,2,12,0,0
shortest_queue,60,0.04685575993192696,0,13,0,0
shortest_queue,60,0.04685575993192696,1,13,0,0
shortest_queue,60,0.04685575993192696,2,12,0,0
shortest_queue,60,0.047338491436534284,0,13,0,0
shortest_queue,60,0.047338491436534284,1,13,0,0
shortest_queue,60,0.047338491436534284,2,13,0,0
shortest_queue,60,0.04960352152637996,0,14,0,0
shortest_queue,60,0.04960352152637996,1,13,0,0
shortest_queue,60,0.04960352152637996,2,13,0,0
shortest_queue,60,0.05064841238034682,0,14,0,0
shortest_queue,60,0.05064841238034682,1,14,0,0
shortest_queue,60,0.05064841238034682,2,13,0,0
shortest_queue,60,0.0512151134688299,0,13,0,1
shortest_queue,60,0.0512151134688299,1,14,0,0
shortest_queue,60,0.0512151134688299,2,13,0,0
shortest_queue,60,0.0516815186299943,0,14,0,1
shortest_queue,60,0.0516815186299943,1,14,0,0
shortest_queue,60,0.0516815186299943,2,13,0,0
shortest_queue,60,0.05400656473478522,0,14,0,1
shortest_queue,60,0.05400656473478522,1,14,0,0
shortest_queue,60,0.05400656473478522,2,14,0,0
shortest_queue,60,0.05412826164054615,0,14,0,1
shortest_queue,60,0.05412826164054615,1,13,0,1
shortest_queue,60,0.05412826164054615,2,14,0,0
shortest_queue,60,0.05466531220452806,0,14,0,1
shortest_queue,60,0.05466531220452806,1,13,0,1
shortest_queue,60,0.05466531220452806,2,13,0,1
shortest_queue,60,0.057960051162624614,0,13,0,2
shortest_queue,60,0.057960051162624614,1,13,0,1
shortest_queue,60,0.057960051162624614,2,13,0,1
shortest_queue,60,0.058517454309499256,0,13,0,2
shortest_queue,60,0.058517454309499256,1,12,0,2
shortest_queue,60,0.058517454309499256,2,13,0,1
shortest_queue,60,0.06011521852180335,0,13,0,2
shortest_queue,60,0.06011521852180335,1,12,0,2
shortest_queue,60,0.06011521852180335,2,12,0,2
shortest_queue,60,0.06467155689508043,0,12,0,3
shortest_queue,60,0.06467155689508043,1,12,0,2
shortest_queue,60,0.06467155689508043,2,12,0,2
shortest_queue,60,0.06592686898257027,0,13,0,3
shortest_queue,60,0.06592686898257027,1,12,0,2
shortest_queue,60,0.06592686898257027,2,12,0,2
shortest_queue,60,0.06604174982391607,0,13,0,3
shortest_queue,60,0.06604174982391607,1,11,0,3
shortest_queue,60,0.06604174982391607,2,12,0,2
shortest_queue,60,0.06676552532680284,0,13,0,3
shortest_queue,60,0.06676552532680284,1,12,0,3
shortest_queue,60,0.06676552532680284,2,12,0,2
shortest_queue,60,0.06723049747887809,0,13,0,3
shortest_queue,60,0.06723049747887809,1,13,0,3
shortest_queue,60,0.06723049747887809,2,12,0,2
shortest_queue,60,0.06740553869860114,0,13,0,3
shortest_queue,60,0.06740553869860114,1,13,0,3
shortest_queue,60,0.06740553869860114,2,11,0,3
shortest_queue,60,0.06778164717138016,0,13,0,3
shortest_queue,60,0.06778164717138016,1,13,0,3
shortest_queue,60,0.06778164717138016,2,12,0,3
shortest_queue,60,0.06845130506874648,0,13,0,3
shortest_queue,60,0.06845130506874648,1,13,0,3
shortest_queue,60,0.06845130506874648,2,13,0,3
shortest_queue,60,0.06899417275848063,0,12,0,4
shortest_queue,60,0.06899417275848063,1,13,0,3
shortest_queue,60,0.06899417275848063,2,13,0,3
shortest_queue,60,0.06965167199695388,0,12,0,4
shortest_queue,60,0.06965167199695388,1,12,0,4
shortest_queue,60,0.06965167199695388,2,13,0,3
shortest_queue,60,0.07010754537134967,0,13,0,4
shortest_queue,60,0.07010754537134967,1,12,0,4
shortest_queue,60,0.07010754537134967,2,13,0,3
shortest_queue,60,0.07071701393274578,0,13,0,4
shortest_queue,60,0.07071701393274578,1,12,0,4
shortest_queue,60,0.07071701393274578,2,12,0,4
shortest_queue,60,0.07073265017393351,0,13,0,4
shortest_queue,60,0.07073265017393351,1,13,0,4
shortest_queue,60,0.07073265017393351,2,12,0,4
shortest_queue,60,0.07113940943260273,0,13,0,4
shortest_queue,60,0.07113940943260273,1,13,0,4
shortest_queue,60,0.07113940943260273,2,13,0,4
shortest_queue,60,0.07166252914672726,0,14,0,4
shortest_queue,60,0.07166252914672726,1,13,0,4
shortest_queue,60,0.07166252914672726,2,13,0,4
shortest_queue,60,0.07289691350870164,0,14,0,4
shortest_queue,60,0.07289691350870164,1,14,0,4
shortest_queue,60,0.07289691350870164,2,13,0,4
shortest_queue,60,0.07305716044417052,0,13,0,5
shortest_queue,60,0.07305716044417052,1,14,0,4
shortest_queue,60,0.07305716044417052,2,13,0,4
shortest_queue,60,0.07346911693046425,0,13,0,5
shortest_queue,60,0.07346911693046425,1,13,0,5
shortest_queue,60,0.07346911693046425,2,13,0,4
shortest_queue,60,0.07373166836081237,0,14,0,5
shortest_queue,60,0.07373166836081237,1,13,0,5
shortest_queue,60,0.07373166836081237,2,13,0,4
shortest_queue,60,0.07419155279973898,0,14,0,5
shortest_queue,60,0.07419155279973898,1,13,0,5
shortest_queue,60,0.07419155279973898,2,12,0,5
shortest_queue,60,0.07427013196070792,0,14,0,5
shortest_queue,60,0.07427013196070792,1,13,0,5
shortest_queue,60,0.07427013196070792,2,13,0,5
shortest_queue,60,0.07472668026042065,0,14,0,5
shortest_queue,60,0.07472668026042065,1,14,0,5
shortest_queue,60,0.07472668026042065,2,13,0,5
shortest_queue,60,0.07479250680781267,0,13,0,6
shortest_queue,60,0.07479250680781267,1,14,0,5
shortest_queue,60,0.07479250680781267,2,13,0,5
shortest_queue,60,0.0752832085617588,0,13,0,6
shortest_queue,60,0.0752832085617588,1,13,0,6
shortest_queue,60,0.0752832085617588,2,13,0,5
shortest_queue,60,0.07582627157977043,0,13,0,6
shortest_queue,60,0.07582627157977043,1,13,0,6
shortest_queue,60,0.07582627157977043,2,12,0,6
shortest_queue,60,0.07626996465720252,0,13,0,6
shortest_queue,60,0.07626996465720252,1,13,0,6
shortest_queue,60,0.07626996465720252,2,13,0,6
shortest_queue,60,0.07666883156314776,0,12,0,7
shortest_queue,60,0.07666883156314776,1,13,0,6
shortest_queue,60,0.07666883156314776,2,13,0,6
shortest_queue,60,0.07668978644471647,0,13,0,7
shortest_queue,60,0.07668978644471647,1,13,0,6
shortest_queue,60,0.07668978644471647,2,13,0,6
shortest_queue,60,0.07708829595510844,0,13,0,7
shortest_queue,60,0.07708829595510844,1,12,0,7
shortest_queue,60,0.07708829595510844,2,13,0,6
shortest_queue,60,0.07720629437924328,0,13,0,7
shortest_queue,60,0.07720629437924328,1,13,0,7
shortest_queue,60,0.07720629437924328,2,13,0,6
shortest_queue,60,0.0777491944646135,0,13,0,7
shortest_queue,60,0.0777491944646135,1,13,0,7
shortest_queue,60,0.0777491944646135,2,12,0,7
shortest_queue,60,0.07864820779715134,0,12,0,8
shortest_queue,60,0.07864820779715134,1,13,0,7
shortest_queue,60,0.07864820779715134,2,12,0,7
shortest_queue,60,0.07875693976390548,0,13,0,8
shortest_queue,60,0.07875693976390548,1,13,0,7
shortest_queue,60,0.07875693976390548,2,12,0,7
shortest_queue,60,0.08024207526668936,0,13,0,8
shortest_queue,60,0.08024207526668936,1,12,0,8
shortest_queue,60,0.08024207526668936,2,12,0,7
shortest_queue,60,0.08102396218962206,0,13,0,8
shortest_queue,60,0.08102396218962206,1,12,0,8
shortest_queue,60,0.08102396218962206,2,11,0,8
shortest_queue,60,0.08177098450346101,0,12,0,9
shortest_queue,60,0.08177098450346101,1,12,0,8
shortest_queue,60,0.08177098450346101,2,11,0,8
shortest_queue,60,0.08222420410193806,0,12,0,9
shortest_queue,60,0.08222420410193806,1,11,0,9
shortest_queue,60,0.08222420410193806,2,11,0,8
shortest_queue,60,0.0828078386340948,0,12,0,9
shortest_queue,60,0.0828078386340948,1,11,0,9
shortest_queue,60,0.0828078386340948,2,10,0,9
shortest_queue,60,0.08365076484854425,0,11,0,10
shortest_queue,60,0.08365076484854425,1,11,0,9
shortest_queue,60,0.08365076484854425,2,10,0,9
shortest_queue,60,0.0855180599381949,0,11,0,10
shortest_queue,60,0.0855180599381949,1,10,0,10
shortest_queue,60,0.0855180599381949,2,10,0,9
shortest_queue,60,0.08655446425789029,0,11,0,10
shortest_queue,60,0.08655446425789029,1,10,0,10
shortest_queue,60,0.08655446425789029,2,9,0,10
shortest_queue,60,0.08821976129705006,0,10,0,11
shortest_queue,60,0.08821976129705006,1,10,0,10
shortest_queue,60,0.08821976129705006,2,9,0,10
shortest_queue,60,0.0888949286562753,0,10,0,11
shortest_queue,60,0.0888949286562753,1,9,0,11
shortest_queue,60,0.0888949286562753,2,9,0,10
shortest_queue,60,0.0898609823724509,0,10,0,11
shortest_queue,60,0.0898609823724509,1,9,0,11
shortest_queue,60,0.0898609823724509,2,8,0,11
shortest_queue,60,0.09113218602398598,0,9,0,12
shortest_queue,60,0.09113218602398598,1,9,0,11
shortest_queue,60,0.09113218602398598,2,8,0,11
shortest_queue,60,0.09159505172772694,0,9,0,12
shortest_queue,60,0.09159505172772694,1,8,0,12
shortest_queue,60,0.09159505172772694,2,8,0,11
shortest_queue,60,0.09453688814028297,0,9,0,12
shortest_queue,60,0.09453688814028297,1,8,0,12
shortest_queue,60,0.09453688814028297,2,7,0,12
shortest_queue,60,0.0962483772475369,0,8,0,13
shortest_queue,60,0.0962483772475369,1,8,0,12
shortest_queue,60,0.0962483772475369,2,7,0,12
shortest_queue,60,0.09685575993192697,0,8,0,13
shortest_queue,60,0.09685575993192697,1,7,0,13
shortest_queue,60,0.09685575993192697,2,7,0,12
shortest_queue,60,0.09733849143653428,0,8,0,13
shortest_queue,60,0.09733849143653428,1,7,0,13
shortest_queue,60,0.09733849143653428,2,6,0,13
shortest_queue,60,0.09960352152637997,0,7,0,14
shortest_queue,60,0.09960352152637997,1,7,0,13
shortest_queue,60,0.09960352152637997,2,6,0,13
shortest_queue,60,0.10064841238034683,0,7,0,14
shortest_queue,60,0.10064841238034683,1,6,0,14
shortest_queue,60,0.10064841238034683,2,6,0,13
shortest_queue,60,0.1016815186299943,0,6,0,15
shortest_queue,60,0.1016815186299943,1,6,0,14
shortest_queue,60,0.1016815186299943,2,6,0,13
shortest_queue,60,0.10400656473478523,0,6,0,15
shortest_queue,60,0.10400656473478523,1,6,0,14
shortest_queue,60,0.10400656473478523,2,5,0,14
shortest_queue,60,0.11592686898257028,0,5,0,16
shortest_queue,60,0.11592686898257028,1,6,0,14
shortest_queue,60,0.11592686898257028,2,5,0,14
shortest_queue,60,0.11676552532680284,0,5,0,16
shortest_queue,60,0.11676552532680284,1,5,0,15
shortest_queue,60,0.11676552532680284,2,5,0,14
shortest_queue,60,0.11723049747887809,0,5,0,16
shortest_queue,60,0.11723049747887809,1,4,0,16
shortest_queue,60,0.11723049747887809,2,5,0,14
shortest_queue,60,0.11778164717138016,0,5,0,16
shortest_queue,60,0.11778164717138016,1,4,0,16
shortest_queue,60,0.11778164717138016,2,4,0,15
shortest_queue,60,0.11845130506874649,0,5,0,16
shortest_queue,60,0.11845130506874649,1,4,0,16
shortest_queue,60,0.11845130506874649,2,3,0,16
shortest_queue,60,0.12010754537134967,0,4,0,17
shortest_queue,60,0.12010754537134967,1,4,0,16
shortest_queue,60,0.12010754537134967,2,3,0,16
shortest_queue,60,0.12073265017393352,0,4,0,17
shortest_queue,60,0.12073265017393352,1,3,0,17
shortest_queue,60,0.12073265017393352,2,3,0,16
shortest_queue,60,0.12113940943260273,0,4,0,17
shortest_queue,60,0.12113940943260273,1,3,0,17
shortest_queue,60,0.12113940943260273,2,2,0,17
shortest_queue,60,0.12166252914672726,0,3,0,18
shortest_queue,60,0.12166252914672726,1,3,0,17
shortest_queue,60,0.12166252914672726,2,2,0,17
shortest_queue,60,0.12289691350870165,0,3,0,18
shortest_queue,60,0.12289691350870165,1,2,0,18
shortest_queue,60,0.12289691350870165,2,2,0,17
shortest_queue,60,0.12373166836081237,0,2,0,19
shortest_queue,60,0.12373166836081237,1,2,0,18
shortest_queue,60,0.12373166836081237,2,2,0,17
shortest_queue,60,0.12427013196070792,0,2,0,19
shortest_queue,60,0.12427013196070792,1,2,0,18
shortest_queue,60,0.12427013196070792,2,1,0,18
shortest_queue,60,0.12472668026042065,0,2,0,19
shortest_queue,60,0.12472668026042065,1,1,0,19
shortest_queue,60,0.12472668026042065,2,1,0,18
shortest_queue,60,0.12626996465720253,0,2,0,19
shortest_queue,60,0.12626996465720253,1,1,0,19
shortest_queue,60,0.12626996465720253,2,0,0,19
shortest_queue,60,0.12668978644471646,0,1,0,20
shortest_queue,60,0.12668978644471646,1,1,0,19
shortest_queue,60,0.12668978644471646,2,0,0,19
shortest_queue,60,0.1272062943792433,0,1,0,20
shortest_queue,60,0.1272062943792433,1,0,0,20
shortest_queue,60,0.1272062943792433,2,0,0,19
shortest_queue,60,0.12875693976390548,0,0,0,21
shortest_queue,60,0.12875693976390548,1,0,0,20
shortest_queue,60,0.12875693976390548,2,0,0,19
shortest_queue,90,0,0,0,0,0
shortest_queue,90,0,1,0,0,0
shortest_queue,90,0,2,0,0,0
shortest_queue,90,0.001215113468829894,0,1,0,0
shortest_queue,90,0.001215113468829894,1,0,0,0
shortest_queue,90,0.001215113468829894,2,0,0,0
shortest_queue,90,0.004128261640546147,0,1,0,0
shortest_queue,90,0.004128261640546147,1,1,0,0
shortest_queue,90,0.004128261640546147,2,0,0,0
shortest_queue,90,0.004665312204528059,0,1,0,0
shortest_queue,90,0.004665312204528059,1,1,0,0
shortest_queue,90,0.004665312204528059,2,1,0,0
shortest_queue,90,0.007960051162624611,0,2,0,0
shortest_queue,90,0.007960051162624611,1,1,0,0
shortest_queue,90,0.007960051162624611,2,1,0,0
shortest_queue,90,0.008517454309499255,0,2,0,0
shortest_queue,90,0.008517454309499255,1,2,0,0
shortest_queue,90,0.008517454309499255,2,1,0,0
shortest_queue,90,0.010115218521803342,0,2,0,0
shortest_queue,90,0.010115218521803342,1,2,0,0
shortest_queue,90,0.010115218521803342,2,2,0,0
shortest_queue,90,0.014671556895080432,0,3,0,0
shortest_queue,90,0.014671556895080432,1,2,0,0
shortest_queue,90,0.014671556895080432,2,2,0,0
shortest_queue,90,0.016041749823916065,0,3,0,0
shortest_queue,90,0.016041749823916065,1,3,0,0
shortest_queue,90,0.016041749823916065,2,2,0,0
shortest_queue,90,0.017405538698601133,0,3,0,0
shortest_queue,90,0.017405538698601133,1,3,0,0
shortest_queue,90,0.017405538698601133,2,3,0,0
shortest_queue,90,0.018994172758480636,0,4,0,0
shortest_queue,90,0.018994172758480636,1,3,0,0
shortest_queue,90,0.018994172758480636,2,3,0,0
shortest_queue,90,0.01965167199695387,0,4,0,0
shortest_queue,90,0.01965167199695387,1,4,0,0
shortest_queue,90,0.01965167199695387,2,3,0,0
shortest_queue,90,0.020717013932745772,0,4,0,0
shortest_queue,90,0.020717013932745772,1,4,0,0
shortest_queue,90,0.020717013932745772,2,4,0,0
shortest_queue,90,0.023057160444170513,0,5,0,0
shortest_queue,90,0.023057160444170513,1,4,0,0
shortest_queue,90,0.023057160444170513,2,4,0,0
shortest_queue,90,0.023469116930464246,0,5,0,0
shortest_queue,90,0.023469116930464246,1,5,0,0
shortest_queue,90,0.023469116930464246,2,4,0,0
shortest_queue,90,0.024191552799738975,0,5,0,0
shortest_queue,90,0.024191552799738975,1,5,0,0
shortest_queue,90,0.024191552799738975,2,5,0,0
shortest_queue,90,0.024792506807812673,0,6,0,0
shortest_queue,90,0.024792506807812673,1,5,0,0
shortest_queue,90,0.024792506807812673,2,5,0,0
shortest_queue,90,0.0252832085617588,0,6,0,0
shortest_queue,90,0.0252832085617588,1,6,0,0
shortest_queue,90,0.0252832085617588,2,5,0,0
shortest_queue,90,0.025826271579770424,0,6,0,0
shortest_queue,90,0.025826271579770424,1,6,0,0
shortest_queue,90,0.025826271579770424,2,6,0,0
shortest_queue,90,0.02666883156314775,0,7,0,0
shortest_queue,90,0.02666883156314775,1,6,0,0
shortest_queue,90,0.02666883156314775,2,6,0,0
shortest_queue,90,0.027088295955108442,0,7,0,0
shortest_queue,90,0.027088295955108442,1,7,0,0
shortest_queue,90,0.027088295955108442,2,6,0,0
shortest_queue,90,0.027749194464613495,0,7,0,0
shortest_queue,90,0.027749194464613495,1,7,0,0
shortest_queue,90,0.027749194464613495,2,7,0,0
shortest_queue,90,0.02864820779715134,0,8,0,0
shortest_queue,90,0.02864820779715134,1,7,0,0
shortest_queue,90,0.02864820779715134,2,7,0,0
shortest_queue,90,0.03024207526668936,0,8,0,0
shortest_queue,90,0.03024207526668936,1,8,0,0
shortest_queue,90,0.03024207526668936,2,7,0,0
shortest_queue,90,0.031023962189622056,0,8,0,0
shortest_queue,90,0.031023962189622056,1,8,0,0
shortest_queue,90,0.031023962189622056,2,8,0,0
shortest_queue,90,0.03177098450346101,0,9,0,0
shortest_queue,90,0.03177098450346101,1,8,0,0
shortest_queue,90,0.03177098450346101,2,8,0,0
shortest_queue,90,0.03222420410193807,0,9,0,0
shortest_queue,90,0.03222420410193807,1,9,0,0
shortest_queue,90,0.03222420410193807,2,8,0,0
shortest_queue,90,0.03280783863409479,0,9,0,0
shortest_queue,90,0.03280783863409479,1,9,0,0
shortest_queue,90,0.03280783863409479,2,9,0,0
shortest_queue,90,0.03365076484854424,0,10,0,0
shortest_queue,90,0.03365076484854424,1,9,0,0
shortest_queue,90,0.03365076484854424,2,9,0,0
shortest_queue,90,0.0355180599381949,0,10,0,0
shortest_queue,90,0.0355180599381949,1,10,0,0
shortest_queue,90,0.0355180599381949,2,9,0,0
shortest_queue,90,0.03655446425789028,0,10,0,0
shortest_queue,90,0.03655446425789028,1,10,0,0
shortest_queue,90,0.03655446425789028,2,10,0,0
shortest_queue,90,0.038219761297050056,0,11,0,0
shortest_queue,90,0.038219761297050056,1,10,0,0
shortest_queue,90,0.038219761297050056,2,10,0,0
shortest_queue,90,0.0388949286562753,0,11,0,0
shortest_queue,90,0.0388949286562753,1,11,0,0
shortest_queue,90,0.0388949286562753,2,10,0,0
shortest_queue,90,0.03986098237245089,0,11,0,0
shortest_queue,90,0.03986098237245089,1,11,0,0
shortest_queue,90,0.03986098237245089,2,11,0,0
shortest_queue,90,0.04113218602398598,0,12,0,0
shortest_queue,90,0.04113218602398598,1,11,0,0
shortest_queue,90,0.04113218602398598,2,11,0,0
shortest_queue,90,0.04159505172772695,0,12,0,0
shortest_queue,90,0.04159505172772695,1,12,0,0
shortest_queue,90,0.04159505172772695,2,11,0,0
shortest_queue,90,0.044536888140282956,0,12,0,0
shortest_queue,90,0.044536888140282956,1,12,0,0
shortest_queue,90,0.044536888140282956,2,12,0,0
shortest_queue,90,0.04624837724753691,0,13,0,0
shortest_queue,90,0.04624837724753691,1,12,0,0
shortest_queue,90,0.04624837724753691,2,12,0,0
shortest_queue,90,0.04685575993192696,0,13,0,0
shortest_queue,90,0.04685575993192696,1,13,0,0
shortest_queue,90,0.04685575993192696,2,12,0,0
shortest_queue,90,0.047338491436534284,0,13,0,0
shortest_queue,90,0.047338491436534284,1,13,0,0
shortest_queue,90,0.047338491436534284,2,13,0,0
shortest_queue,90,0.04960352152637996,0,14,0,0
shortest_queue,90,0.04960352152637996,1,13,0,0
shortest_queue,90,0.04960352152637996,2,13,0,0
shortest_queue,90,0.05064841238034682,0,14,0,0
shortest_queue,90,0.05064841238034682,1,14,0,0
shortest_queue,90,0.05064841238034682,2,13,0,0
shortest_queue,90,0.0512151134688299,0,13,0,1
shortest_queue,90,0.0512151134688299,1,14,0,0
shortest_queue,90,0.0512151134688299,2,13,0,0
shortest_queue,90,0.0516815186299943,0,14,0,1
shortest_queue,90,0.0516815186299943,1,14,0,0
shortest_queue,90,0.0516815186299943,2,13,0,0
shortest_queue,90,0.05400656473478522,0,14,0,1
shortest_queue,90,0.05400656473478522,1,14,0,0
shortest_queue,90,0.05400656473478522,2,14,0,0
shortest_queue,90,0.05412826164054615,0,14,0,1
shortest_queue,90,0.05412826164054615,1,13,0,1
shortest_queue,90,0.05412826164054615,2,14,0,0
shortest_queue,90,0.05466531220452806,0,14,0,1
shortest_queue,90,0.05466531220452806,1,13,0,1
shortest_queue,90,0.05466531220452806,2,13,0,1
shortest_queue,90,0.057960051162624614,0,13,0,2
shortest_queue,90,0.057960051162624614,1,13,0,1
shortest_queue,90,0.057960051162624614,2,13,0,1
shortest_queue,90,0.058517454309499256,0,13,0,2
shortest_queue,90,0.058517454309499256,1,12,0,2
shortest_queue,90,0.058517454309499256,2,13,0,1
shortest_queue,90,0.06011521852180335,0,13,0,2
shortest_queue,90,0.06011521852180335,1,12,0,2
shortest_queue,90,0.06011521852180335,2,12,0,2
shortest_queue,90,0.06467155689508043,0,12,0,3
shortest_queue,90,0.06467155689508043,1,12,0,2
shortest_queue,90,0.06467155689508043,2,12,0,2
shortest_queue,90,0.06592686898257027,0,13,0,3
shortest_queue,90,0.06592686898257027,1,12,0,2
shortest_queue,90,0.06592686898257027,2,12,0,2
shortest_queue,90,0.06604174982391607,0,13,0,3
shortest_queue,90,0.06604174982391607,1,11,0,3
shortest_queue,90,0.06604174982391607,2,12,0,2
shortest_queue,90,0.06676552532680284,0,13,0,3
shortest_queue,90,0.06676552532680284,1,12,0,3
shortest_queue,90,0.06676552532680284,2,12,0,2
shortest_queue,90,0.06723049747887809,0,13,0,3
shortest_queue,90,0.06723049747887809,1,13,0,3
shortest_queue,90,0.06723049747887809,2,12,0,2
shortest_queue,90,0.06740553869860114,0,13,0,3
shortest_queue,90,0.06740553869860114,1,13,0,3
shortest_queue,90,0.06740553869860114,2,11,0,3
shortest_queue,90,0.06778164717138016,0,13,0,3
shortest_queue,90,0.06778164717138016,1,13,0,3
shortest_queue,90,0.06778164717138016,2,12,0,3
shortest_queue,90,0.06845130506874648,0,13,0,3
shortest_queue,90,0.06845130506874648,1,13,0,3
shortest_queue,90,0.06845130506874648,2,13,0,3
shortest_queue,90,0.06899417275848063,0,12,0,4
shortest_queue,90,0.06899417275848063,1,13,0,3
shortest_queue,90,0.06899417275848063,2,13,0,3
shortest_queue,90,0.06965167199695388,0,12,0,4
shortest_queue,90,0.06965167199695388,1,12,0,4
shortest_queue,90,0.06965167199695388,2,13,0,3
shortest_queue,90,0.07010754537134967,0,13,0,4
shortest_queue,90,0.07010754537134967,1,12,0,4
shortest_queue,90,0.07010754537134967,2,13,0,3
shortest_queue,90,0.07071701393274578,0,13,0,4
shortest_queue,90,0.07071701393274578,1,12,0,4
shortest_queue,90,0.07071701393274578,2,12,0,4
shortest_queue,90,0.07073265017393351,0,13,0,4
shortest_queue,90,0.07073265017393351,1,13,0,4
shortest_queue,90,0.07073265017393351,2,12,0,4
shortest_queue,90,0.07113940943260273,0,13,0,4
shortest_queue,90,0.07113940943260273,1,13,0,4
shortest_queue,90,0.07113940943260273,2,13,0,4
shortest_queue,90,0.07166252914672726,0,14,0,4
shortest_queue,90,0.07166252914672726,1,13,0,4
shortest_queue,90,0.07166252914672726,2,13,0,4
shortest_queue,90,0.07289691350870164,0,14,0,4
shortest_queue,90,0.07289691350870164,1,14,0,4
shortest_queue,90,0.07289691350870164,2,13,0,4
shortest_queue,90,0.07305716044417052,0,13,0,5
shortest_queue,90,0.07305716044417052,1,14,0,4
shortest_queue,90,0.07305716044417052,2,13,0,4
shortest_queue,90,0.07346911693046425,0,13,0,5
shortest_queue,90,0.07346911693046425,1,13,0,5
shortest_queue,90,0.07346911693046425,2,13,0,4
shortest_queue,90,0.07373166836081237,0,14,0,5
shortest_queue,90,0.07373166836081237,1,13,0,5
shortest_queue,90,0.07373166836081237,2,13,0,4
shortest_queue,90,0.07419155279973898,0,14,0,5
shortest_queue,90,0.07419155279973898,1,13,0,5
shortest_queue,90,0.07419155279973898,2,12,0,5
shortest_queue,90,0.07427013196070792,0,14,0,5
shortest_queue,90,0.07427013196070792,1,13,0,5
shortest_queue,90,0.07427013196070792,2,13,0,5
shortest_queue,90,0.07472668026042065,0,14,0,5
shortest_queue,90,0.07472668026042065,1,14,0,5
shortest_queue,90,0.07472668026042065,2,13,0,5
shortest_queue,90,0.07479250680781267,0,13,0,6
shortest_queue,90,0.07479250680781267,1,14,0,5
shortest_queue,90,0.07479250680781267,2,13,0,5
shortest_queue,90,0.0752832085617588,0,13,0,6
shortest_queue,90,0.0752832085617588,1,13,0,6
shortest_queue,90,0.0752832085617588,2,13,0,5
shortest_queue,90,0.07582627157977043,0,13,0,6
shortest_queue,90,0.07582627157977043,1,13,0,6
shortest_queue,90,0.07582627157977043,2,12,0,6
shortest_queue,90,0.07626996465720252,0,13,0,6
shortest_queue,90,0.07626996465720252,1,13,0,6
shortest_queue,90,0.07626996465720252,2,13,0,6
shortest_queue,90,0.07666883156314776,0,12,0,7
shortest_queue,90,0.07666883156314776,1,13,0,6
shortest_queue,90,0.07666883156314776,2,13,0,6
shortest_queue,90,0.07668978644471647,0,13,0,7
shortest_queue,90,0.07668978644471647,1,13,0,6
shortest_queue,90,0.07668978644471647,2,13,0,6
shortest_queue,90,0.07708829595510844,0,13,0,7
shortest_queue,90,0.07708829595510844,1,12,0,7
shortest_queue,90,0.07708829595510844,2,13,0,6
shortest_queue,90,0.07720629437924328,0,13,0,7
shortest_queue,90,0.07720629437924328,1,13,0,7
shortest_queue,90,0.07720629437924328,2,13,0,6
shortest_queue,90,0.0777491944646135,0,13,0,7
shortest_queue,90,0.0777491944646135,1,13,0,7
shortest_queue,90,0.0777491944646135,2,12,0,7
shortest_queue,90,0.07864820779715134,0,12,0,8
shortest_queue,90,0.07864820779715134,1,13,0,7
shortest_queue,90,0.07864820779715134,2,12,0,7
shortest_queue,90,0.07875693976390548,0,13,0,8
shortest_queue,90,0.07875693976390548,1,13,0,7
shortest_queue,90,0.07875693976390548,2,12,0,7
shortest_queue,90,0.08024207526668936,0,13,0,8
shortest_queue,90,0.08024207526668936,1,12,0,8
shortest_queue,90,0.08024207526668936,2,12,0,7
shortest_queue,90,0.08102396218962206,0,13,0,8
shortest_queue,90,0.08102396218962206,1,12,0,8
shortest_queue,90,0.08102396218962206,2,11,0,8
shortest_queue,90,0.08177098450346101,0,12,0,9
shortest_queue,90,0.08177098450346101,1,12,0,8
shortest_queue,90,0.08177098450346101,2,11,0,8
shortest_queue,90,0.08222420410193806,0,12,0,9
shortest_queue,90,0.08222420410193806,1,11,0,9
shortest_queue,90,0.08222420410193806,2,11,0,8
shortest_queue,90,0.0828078386340948,0,12,0,9
shortest_queue,90,0.0828078386340948,1,11,0,9
shortest_queue,90,0.0828078386340948,2,10,0,9
shortest_queue,90,0.08300155182606232,0,12,0,9
shortest_queue,90,0.08300155182606232,1,11,0,9
shortest_queue,90,0.08300155182606232,2,11,0,9
shortest_queue,90,0.08364096581545727,0,12,0,9
shortest_queue,90,0.08364096581545727,1,12,0,9
shortest_queue,90,0.08364096581545727,2,11,0,9
shortest_queue,90,0.08365076484854425,0,11,0,10
shortest_queue,90,0.08365076484854425,1,12,0,9
shortest_queue,90,0.08365076484854425,2,11,0,9
shortest_queue,90,0.0855180599381949,0,11,0,10
shortest_queue,90,0.0855180599381949,1,11,0,10
shortest_queue,90,0.0855180599381949,2,11,0,9
shortest_queue,90,0.08655446425789029,0,11,0,10
shortest_queue,90,0.08655446425789029,1,11,0,10
shortest_queue,90,0.08655446425789029,2,10,0,10
shortest_queue,90,0.08821976129705006,0,10,0,11
shortest_queue,90,0.08821976129705006,1,11,0,10
shortest_queue,90,0.08821976129705006,2,10,0,10
shortest_queue,90,0.0888949286562753,0,10,0,11
shortest_queue,90,0.0888949286562753,1,10,0,11
shortest_queue,90,0.0888949286562753,2,10,0,10
shortest_queue,90,0.0898609823724509,0,10,0,11
shortest_queue,90,0.0898609823724509,1,10,0,11
shortest_queue,90,0.0898609823724509,2,9,0,11
shortest_queue,90,0.09113218602398598,0,9,0,12
shortest_queue,90,0.09113218602398598,1,10,0,11
shortest_queue,90,0.09113218602398598,2,9,0,11
shortest_queue,90,0.09159505172772694,0,9,0,12
shortest_queue,90,0.09159505172772694,1,9,0,12
shortest_queue,90,0.09159505172772694,2,9,0,11
shortest_queue,90,0.09453688814028297,0,9,0,12
shortest_queue,90,0.09453688814028297,1,9,0,12
shortest_queue,90,0.09453688814028297,2,8,0,12
shortest_queue,90,0.09493964450558524,0,9,0,12
shortest_queue,90,0.09493964450558524,1,9,0,12
shortest_queue,90,0.09493964450558524,2,9,0,12
shortest_queue,90,0.09564628996212596,0,10,0,12
shortest_queue,90,0.09564628996212596,1,9,0,12
shortest_queue,90,0.09564628996212596,2,9,0,12
shortest_queue,90,0.0961405543606744,0,10,0,12
shortest_queue,90,0.0961405543606744,1,10,0,12
shortest_queue,90,0.0961405543606744,2,9,0,12
shortest_queue,90,0.0962483772475369,0,9,0,13
shortest_queue,90,0.0962483772475369,1,10,0,12
shortest_queue,90,0.0962483772475369,2,9,0,12
shortest_queue,90,0.09660137516191059,0,10,0,13
shortest_queue,90,0.09660137516191059,1,10,0,12
shortest_queue,90,0.09660137516191059,2,9,0,12
shortest_queue,90,0.09685575993192697,0,10,0,13
shortest_queue,90,0.09685575993192697,1,9,0,13
shortest_queue,90,0.09685575993192697,2,9,0,12
shortest_queue,90,0.09733849143653428,0,10,0,13
shortest_queue,90,0.09733849143653428,1,9,0,13
shortest_queue,90,0.09733849143653428,2,8,0,13
shortest_queue,90,0.09785343007162413,0,10,0,13
shortest_queue,90,0.09785343007162413,1,9,0,13
shortest_queue,90,0.09785343007162413,2,9,0,13
shortest_queue,90,0.098276903335267,0,10,0,13
shortest_queue,90,0.098276903335267,1,10,0,13
shortest_queue,90,0.098276903335267,2,9,0,13
shortest_queue,90,0.0988317323038537,0,10,0,13
shortest_queue,90,0.0988317323038537,1,10,0,13
shortest_queue,90,0.0988317323038537,2,10,0,13
shortest_queue,90,0.09960352152637997,0,9,0,14
shortest_queue,90,0.09960352152637997,1,10,0,13
shortest_queue,90,0.09960352152637997,2,10,0,13
shortest_queue,90,0.09975121908831977,0,10,0,14
shortest_queue,90,0.09975121908831977,1,10,0,13
shortest_queue,90,0.09975121908831977,2,10,0,13
shortest_queue,90,0.10026289374334721,0,11,0,14
shortest_queue,90,0.10026289374334721,1,10,0,13
shortest_queue,90,0.10026289374334721,2,10,0,13
shortest_queue,90,0.10064841238034683,0,11,0,14
shortest_queue,90,0.10064841238034683,1,9,0,14
shortest_queue,90,0.10064841238034683,2,10,0,13
shortest_queue,90,0.10088839832024095,0,11,0,14
shortest_queue,90,0.10088839832024095,1,10,0,14
shortest_queue,90,0.10088839832024095,2,10,0,13
shortest_queue,90,0.10132894388531033,0,11,0,14
shortest_queue,90,0.10132894388531033,1,11,0,14
shortest_queue,90,0.10132894388531033,2,10,0,13
shortest_queue,90,0.1016815186299943,0,10,0,15
shortest_queue,90,0.1016815186299943,1,11,0,14
shortest_queue,90,0.1016815186299943,2,10,0,13
shortest_queue,90,0.10192286266551398,0,11,0,15
shortest_queue,90,0.10192286266551398,1,11,0,14
shortest_queue,90,0.10192286266551398,2,10,0,13
shortest_queue,90,0.1025016334532319,0,11,0,15
shortest_queue,90,0.1025016334532319,1,11,0,14
shortest_queue,90,0.1025016334532319,2,11,0,13
shortest_queue,90,0.10295988627102418,0,12,0,15
shortest_queue,90,0.10295988627102418,1,11,0,14
shortest_queue,90,0.10295988627102418,2,11,0,13
shortest_queue,90,0.10358700100617245,0,12,0,15
shortest_queue,90,0.10358700100617245,1,12,0,14
shortest_queue,90,0.10358700100617245,2,11,0,13
shortest_queue,90,0.10400656473478523,0,12,0,15
shortest_queue,90,0.10400656473478523,1,12,0,14
shortest_queue,90,0.10400656473478523,2,10,0,14
shortest_queue,90,0.10436143552755155,0,12,0,15
shortest_queue,90,0.10436143552755155,1,12,0,14
shortest_queue,90,0.10436143552755155,2,11,0,14
shortest_queue,90,0.1052454109149982,0,12,0,15
shortest_queue,90,0.1052454109149982,1,12,0,14
shortest_queue,90,0.1052454109149982,2,12,0,14
shortest_queue,90,0.10589277297350122,0,13,0,15
shortest_queue,90,0.10589277297350122,1,12,0,14
shortest_queue,90,0.10589277297350122,2,12,0,14
shortest_queue,90,0.10661122835697369,0,13,0,15
shortest_queue,90,0.10661122835697369,1,13,0,14
shortest_queue,90,0.10661122835697369,2,12,0,14
shortest_queue,90,0.10709184492444451,0,13,0,15
shortest_queue,90,0.10709184492444451,1,13,0,14
shortest_queue,90,0.10709184492444451,2,13,0,14
shortest_queue,90,0.10781782466475565,0,14,0,15
shortest_queue,90,0.10781782466475565,1,13,0,14
shortest_queue,90,0.10781782466475565,2,13,0,14
shortest_queue,90,0.10826506761477607,0,14,0,15
shortest_queue,90,0.10826506761477607,1,14,0,14
shortest_queue,90,0.10826506761477607,2,13,0,14
shortest_queue,90,0.10900779636324447,0,14,0,15
shortest_queue,90,0.10900779636324447,1,14,0,14
shortest_queue,90,0.10900779636324447,2,14,0,14
shortest_queue,90,0.10945738480876205,0,15,0,15
shortest_queue,90,0.10945738480876205,1,14,0,14
shortest_queue,90,0.10945738480876205,2,14,0,14
shortest_queue,90,0.11034480137333462,0,15,0,15
shortest_queue,90,0.11034480137333462,1,15,0,14
shortest_queue,90,0.11034480137333462,2,14,0,14
shortest_queue,90,0.1108138986325663,0,15,0,15
shortest_queue,90,0.1108138986325663,1,15,0,14
shortest_queue,90,0.1108138986325663,2,15,0,14
shortest_queue,90,0.11124852803841237,0,15,1,15
shortest_queue,90,0.11124852803841237,1,15,0,14
shortest_queue,90,0.11124852803841237,2,15,0,14
shortest_queue,90,0.11191229103134374,0,15,1,15
shortest_queue,90,0.11191229103134374,1,15,1,14
shortest_queue,90,0.11191229103134374,2,15,0,14
shortest_queue,90,0.11592686898257028,0,15,0,16
shortest_queue,90,0.11592686898257028,1,15,1,14
shortest_queue,90,0.11592686898257028,2,15,0,14
shortest_queue,90,0.11676552532680284,0,15,0,16
shortest_queue,90,0.11676552532680284,1,15,0,15
shortest_queue,90,0.11676552532680284,2,15,0,14
shortest_queue,90,0.11723049747887809,0,15,0,16
shortest_queue,90,0.11723049747887809,1,14,0,16
shortest_queue,90,0.11723049747887809,2,15,0,14
shortest_queue,90,0.11778164717138016,0,15,0,16
shortest_queue,90,0.11778164717138016,1,14,0,16
shortest_queue,90,0.11778164717138016,2,14,0,15
shortest_queue,90,0.11845130506874649,0,15,0,16
shortest_queue,90,0.11845130506874649,1,14,0,16
shortest_queue,90,0.11845130506874649,2,13,0,16
shortest_queue,90,0.12010754537134967,0,14,0,17
shortest_queue,90,0.12010754537134967,1,14,0,16
shortest_queue,90,0.12010754537134967,2,13,0,16
shortest_queue,90,0.12073265017393352,0,14,0,17
shortest_queue,90,0.12073265017393352,1,13,0,17
shortest_queue,90,0.12073265017393352,2,13,0,16
shortest_queue,90,0.12113940943260273,0,14,0,17
shortest_queue,90,0.12113940943260273,1,13,0,17
shortest_queue,90,0.12113940943260273,2,12,0,17
shortest_queue,90,0.12166252914672726,0,13,0,18
shortest_queue,90,0.12166252914672726,1,13,0,17
shortest_queue,90,0.12166252914672726,2,12,0,17
shortest_queue,90,0.12289691350870165,0,13,0,18
shortest_queue,90,0.12289691350870165,1,12,0,18
shortest_queue,90,0.12289691350870165,2,12,0,17
shortest_queue,90,0.12373166836081237,0,12,0,19
shortest_queue,90,0.12373166836081237,1,12,0,18
shortest_queue,90,0.12373166836081237,2,12,0,17
shortest_queue,90,0.12427013196070792,0,12,0,19
shortest_queue,90,0.12427013196070792,1,12,0,18
shortest_queue,90,0.12427013196070792,2,11,0,18
shortest_queue,90,0.12472668026042065,0,12,0,19
shortest_queue,90,0.12472668026042065,1,11,0,19
shortest_queue,90,0.12472668026042065,2,11,0,18
shortest_queue,90,0.12626996465720253,0,12,0,19
shortest_queue,90,0.12626996465720253,1,11,0,19
shortest_queue,90,0.12626996465720253,2,10,0,19
shortest_queue,90,0.12668978644471646,0,11,0,20
shortest_queue,90,0.12668978644471646,1,11,0,19
shortest_queue,90,0.12668978644471646,2,10,0,19
shortest_queue,90,0.1272062943792433,0,11,0,20
shortest_queue,90,0.1272062943792433,1,10,0,20
shortest_queue,90,0.1272062943792433,2,10,0,19
shortest_queue,90,0.12875693976390548,0,10,0,21
shortest_queue,90,0.12875693976390548,1,10,0,20
shortest_queue,90,0.12875693976390548,2,10,0,19
shortest_queue,90,0.13300155182606233,0,10,0,21
shortest_queue,90,0.13300155182606233,1,10,0,20
shortest_queue,90,0.13300155182606233,2,9,0,20
shortest_queue,90,0.13364096581545726,0,10,0,21
shortest_queue,90,0.13364096581545726,1,9,0,21
shortest_queue,90,0.13364096581545726,2,9,0,20
shortest_queue,90,0.14493964450558525,0,10,0,21
shortest_queue,90,0.14493964450558525,1,9,0,21
shortest_queue,90,0.14493964450558525,2,8,0,21
shortest_queue,90,0.14564628996212597,0,9,0,22
shortest_queue,90,0.14564628996212597,1,9,0,21
shortest_queue,90,0.14564628996212597,2,8,0,21
shortest_queue,90,0.1461405543606744,0,9,0,22
shortest_queue,90,0.1461405543606744,1,8,0,22
shortest_queue,90,0.1461405543606744,2,8,0,21
shortest_queue,90,0.14660137516191057,0,8,0,23
shortest_queue,90,0.14660137516191057,1,8,0,22
shortest_queue,90,0.14660137516191057,2,8,0,21
shortest_queue,90,0.14785343007162413,0,8,0,23
shortest_queue,90,0.14785343007162413,1,8,0,22
shortest_queue,90,0.14785343007162413,2,7,0,22
shortest_queue,90,0.148276903335267,0,8,0,23
shortest_queue,90,0.148276903335267,1,7,0,23
shortest_queue,90,0.148276903335267,2,7,0,22
shortest_queue,90,0.14883173230385371,0,8,0,23
shortest_queue,90,0.14883173230385371,1,7,0,23
shortest_queue,90,0.14883173230385371,2,6,0,23
shortest_queue,90,0.1497512190883198,0,7,0,24
shortest_queue,90,0.1497512190883198,1,7,0,23
shortest_queue,90,0.1497512190883198,2,6,0,23
shortest_queue,90,0.15026289374334723,0,6,0,25
shortest_queue,90,0.15026289374334723,1,7,0,23
shortest_queue,90,0.15026289374334723,2,6,0,23
shortest_queue,90,0.15088839832024095,0,6,0,25
shortest_queue,90,0.15088839832024095,1,6,0,24
shortest_queue,90,0.15088839832024095,2,6,0,23
shortest_queue,90,0.15132894388531032,0,6,0,25
shortest_queue,90,0.15132894388531032,1,5,0,25
shortest_queue,90,0.15132894388531032,2,6,0,23
shortest_queue,90,0.15192286266551397,0,5,0,26
shortest_queue,90,0.15192286266551397,1,5,0,25
shortest_queue,90,0.15192286266551397,2,6,0,23
shortest_queue,90,0.15250163345323192,0,5,0,26
shortest_queue,90,0.15250163345323192,1,5,0,25
shortest_queue,90,0.15250163345323192,2,5,0,24
shortest_queue,90,0.1529598862710242,0,4,0,27
shortest_queue,90,0.1529598862710242,1,5,0,25
shortest_queue,90,0.1529598862710242,2,5,0,24
shortest_queue,90,0.15358700100617245,0,4,0,27
shortest_queue,90,0.15358700100617245,1,4,0,26
shortest_queue,90,0.15358700100617245,2,5,0,24
shortest_queue,90,0.15436143552755155,0,4,0,27
shortest_queue,90,0.15436143552755155,1,4,0,26
shortest_queue,90,0.15436143552755155,2,4,0,25
shortest_queue,90,0.15524541091499822,0,4,0,27
shortest_queue,90,0.15524541091499822,1,4,0,26
shortest_queue,90,0.15524541091499822,2,3,0,26
shortest_queue,90,0.15589277297350124,0,3,0,28
shortest_queue,90,0.15589277297350124,1,4,0,26
shortest_queue,90,0.15589277297350124,2,3,0,26
shortest_queue,90,0.1566112283569737,0,3,0,28
shortest_queue,90,0.1566112283569737,1,3,0,27
shortest_queue,90,0.1566112283569737,2,3,0,26
shortest_queue,90,0.1570918449244445,0,3,0,28
shortest_queue,90,0.1570918449244445,1,3,0,27
shortest_queue,90,0.1570918449244445,2,2,0,27
shortest_queue,90,0.15781782466475563,0,2,0,29
shortest_queue,90,0.15781782466475563,1,3,0,27
shortest_queue,90,0.15781782466475563,2,2,0,27
shortest_queue,90,0.15826506761477607,0,2,0,29
shortest_queue,90,0.15826506761477607,1,2,0,28
shortest_queue,90,0.15826506761477607,2,2,0,27
shortest_queue,90,0.15900779636324447,0,2,0,29
shortest_queue,90,0.15900779636324447,1,2,0,28
shortest_queue,90,0.15900779636324447,2,1,0,28
shortest_queue,90,0.15945738480876204,0,1,0,30
shortest_queue,90,0.15945738480876204,1,2,0,28
shortest_queue,90,0.15945738480876204,2,1,0,28
shortest_queue,90,0.16034480137333462,0,1,0,30
shortest_queue,90,0.16034480137333462,1,1,0,29
shortest_queue,90,0.16034480137333462,2,1,0,28
shortest_queue,90,0.1608138986325663,0,1,0,30
shortest_queue,90,0.1608138986325663,1,1,0,29
shortest_queue,90,0.1608138986325663,2,0,0,29
shortest_queue,90,0.16592686898257028,0,0,0,31
shortest_queue,90,0.16592686898257028,1,1,0,29
shortest_queue,90,0.16592686898257028,2,0,0,29
shortest_queue,90,0.16676552532680283,0,0,0,31
shortest_queue,90,0.16676552532680283,1,0,0,30
shortest_queue,90,0.16676552532680283,2,0,0,29
shortest_queue,120,0,0,0,0,0
shortest_queue,120,0,1,0,0,0
shortest_queue,120,0,2,0,0,0
shortest_queue,120,0.001215113468829894,0,1,0,0
shortest_queue,120,0.001215113468829894,1,0,0,0
shortest_queue,120,0.001215113468829894,2,0,0,0
shortest_queue,120,0.004128261640546147,0,1,0,0
shortest_queue,120,0.004128261640546147,1,1,0,0
shortest_queue,120,0.004128261640546147,2,0,0,0
shortest_queue,120,0.004665312204528059,0,1,0,0
shortest_queue,120,0.004665312204528059,1,1,0,0
shortest_queue,120,0.004665312204528059,2,1,0,0
shortest_queue,120,0.007960051162624611,0,2,0,0
shortest_queue,120,0.007960051162624611,1,1,0,0
shortest_queue,120,0.007960051162624611,2,1,0,0
shortest_queue,120,0.008517454309499255,0,2,0,0
shortest_queue,120,0.008517454309499255,1,2,0,0
shortest_queue,120,0.008517454309499255,2,1,0,0
shortest_queue,120,0.010115218521803342,0,2,0,0
shortest_queue,120,0.010115218521803342,1,2,0,0
shortest_queue,120,0.010115218521803342,2,2,0,0
shortest_queue,120,0.014671556895080432,0,3,0,0
shortest_queue,120,0.014671556895080432,1,2,0,0
shortest_queue,120,0.014671556895080432,2,2,0,0
shortest_queue,120,0.016041749823916065,0,3,0,0
shortest_queue,120,0.016041749823916065,1,3,0,0
shortest_queue,120,0.016041749823916065,2,2,0,0
shortest_queue,120,0.017405538698601133,0,3,0,0
shortest_queue,120,0.017405538698601133,1,3,0,0
shortest_queue,120,0.017405538698601133,2,3,0,0
shortest_queue,120,0.018994172758480636,0,4,0,0
shortest_queue,120,0.018994172758480636,1,3,0,0
shortest_queue,120,0.018994172758480636,2,3,0,0
shortest_queue,120,0.01965167199695387,0,4,0,0
shortest_queue,120,0.01965167199695387,1,4,0,0
shortest_queue,120,0.01965167199695387,2,3,0,0
shortest_queue,120,0.020717013932745772,0,4,0,0
shortest_queue,120,0.020717013932745772,1,4,0,0
shortest_queue,120,0.020717013932745772,2,4,0,0
shortest_queue,120,0.023057160444170513,0,5,0,0
shortest_queue,120,0.023057160444170513,1,4,0,0
shortest_queue,120,0.023057160444170513,2,4,0,0
shortest_queue,120,0.023469116930464246,0,5,0,0
shortest_queue,120,0.023469116930464246,1,5,0,0
shortest_queue,120,0.023469116930464246,2,4,0,0
shortest_queue,120,0.024191552799738975,0,5,0,0
shortest_queue,120,0.024191552799738975,1,5,0,0
shortest_queue,120,0.024191552799738975,2,5,0,0
shortest_queue,120,0.024792506807812673,0,6,0,0
shortest_queue,120,0.024792506807812673,1,5,0,0
shortest_queue,120,0.024792506807812673,2,5,0,0
shortest_queue,120,0.0252832085617588,0,6,0,0
shortest_queue,120,0.0252832085617588,1,6,0,0
shortest_queue,120,0.0252832085617588,2,5,0,0
shortest_queue,120,0.025826271579770424,0,6,0,0
shortest_queue,120,0.025826271579770424,1,6,0,0
shortest_queue,120,0.025826271579770424,2,6,0,0
shortest_queue,120,0.02666883156314775,0,7,0,0
shortest_queue,120,0.02666883156314775,1,6,0,0
shortest_queue,120,0.02666883156314775,2,6,0,0
shortest_queue,120,0.027088295955108442,0,7,0,0
shortest_queue,120,0.027088295955108442,1,7,0,0
shortest_queue,120,0.027088295955108442,2,6,0,0
shortest_queue,120,0.027749194464613495,0,7,0,0
shortest_queue,120,0.027749194464613495,1,7,0,0
shortest_queue,120,0.027749194464613495,2,7,0,0
shortest_queue,120,0.02864820779715134,0,8,0,0
shortest_queue,120,0.02864820779715134,1,7,0,0
shortest_queue,120,0.02864820779715134,2,7,0,0
shortest_queue,120,0.03024207526668936,0,8,0,0
shortest_queue,120,0.03024207526668936,1,8,0,0
shortest_queue,120,0.03024207526668936,2,7,0,0
shortest_queue,120,0.031023962189622056,0,8,0,0
shortest_queue,120,0.031023962189622056,1,8,0,0
shortest_queue,120,0.031023962189622056,2,8,0,0
shortest_queue,120,0.03177098450346101,0,9,0,0
shortest_queue,120,0.03177098450346101,1,8,0,0
shortest_queue,120,0.03177098450346101,2,8,0,0
shortest_queue,120,0.03222420410193807,0,9,0,0
shortest_queue,120,0.03222420410193807,1,9,0,0
shortest_queue,120,0.03222420410193807,2,8,0,0
shortest_queue,120,0.03280783863409479,0,9,0,0
shortest_queue,120,0.03280783863409479,1,9,0,0
shortest_queue,120,0.03280783863409479,2,9,0,0
shortest_queue,120,0.03365076484854424,0,10,0,0
shortest_queue,120,0.03365076484854424,1,9,0,0
shortest_queue,120,0.03365076484854424,2,9,0,0
shortest_queue,120,0.0355180599381949,0,10,0,0
shortest_queue,120,0.0355180599381949,1,10,0,0
shortest_queue,120,0.0355180599381949,2,9,0,0
shortest_queue,120,0.03655446425789028,0,10,0,0
shortest_queue,120,0.03655446425789028,1,10,0,0
shortest_queue,120,0.03655446425789028,2,10,0,0
shortest_queue,120,0.038219761297050056,0,11,0,0
shortest_queue,120,0.038219761297050056,1,10,0,0
shortest_queue,120,0.038219761297050056,2,10,0,0
shortest_queue,120,0.0388949286562753,0,11,0,0
shortest_queue,120,0.0388949286562753,1,11,0,0
shortest_queue,120,0.0388949286562753,2,10,0,0
shortest_queue,120,0.03986098237245089,0,11,0,0
shortest_queue,120,0.03986098237245089,1,11,0,0
shortest_queue,120,0.03986098237245089,2,11,0,0
shortest_queue,120,0.04113218602398598,0,12,0,0
shortest_queue,120,0.04113218602398598,1,11,0,0
shortest_queue,120,0.04113218602398598,2,11,0,0
shortest_queue,120,0.04159505172772695,0,12,0,0
shortest_queue,120,0.04159505172772695,1,12,0,0
shortest_queue,120,0.04159505172772695,2,11,0,0
shortest_queue,120,0.044536888140282956,0,12,0,0
shortest_queue,120,0.044536888140282956,1,12,0,0
shortest_queue,120,0.044536888140282956,2,12,0,0
shortest_queue,120,0.04624837724753691,0,13,0,0
shortest_queue,120,0.04624837724753691,1,12,0,0
shortest_queue,120,0.04624837724753691,2,12,0,0
shortest_queue,120,0.04685575993192696,0,13,0,0
shortest_queue,120,0.04685575993192696,1,13,0,0
shortest_queue,120,0.04685575993192696,2,12,0,0
shortest_queue,120,0.047338491436534284,0,13,0,0
shortest_queue,120,0.047338491436534284,1,13,0,0
shortest_queue,120,0.047338491436534284,2,13,0,0
shortest_queue,120,0.04960352152637996,0,14,0,0
shortest_queue,120,0.04960352152637996,1,13,0,0
shortest_queue,120,0.04960352152637996,2,13,0,0
shortest_queue,120,0.05064841238034682,0,14,0,0
shortest_queue,120,0.05064841238034682,1,14,0,0
shortest_queue,120,0.05064841238034682,2,13,0,0
shortest_queue,120,0.0512151134688299,0,13,0,1
shortest_queue,120,0.0512151134688299,1,14,0,0
shortest_queue,120,0.0512151134688299,2,13,0,0
shortest_queue,120,0.0516815186299943,0,14,0,1
shortest_queue,120,0.0516815186299943,1,14,0,0
shortest_queue,120,0.0516815186299943,2,13,0,0
shortest_queue,120,0.05400656473478522,0,14,0,1
shortest_queue,120,0.05400656473478522,1,14,0,0
shortest_queue,120,0.05400656473478522,2,14,0,0
shortest_queue,120,0.05412826164054615,0,14,0,1
shortest_queue,120,0.05412826164054615,1,13,0,1
shortest_queue,120,0.05412826164054615,2,14,0,0
shortest_queue,120,0.05466531220452806,0,14,0,1
shortest_queue,120,0.05466531220452806,1,13,0,1
shortest_queue,120,0.05466531220452806,2,13,0,1
shortest_queue,120,0.057960051162624614,0,13,0,2
shortest_queue,120,0.057960051162624614,1,13,0,1
shortest_queue,120,0.057960051162624614,2,13,0,1
shortest_queue,120,0.058517454309499256,0,13,0,2
shortest_queue,120,0.058517454309499256,1,12,0,2
shortest_queue,120,0.058517454309499256,2,13,0,1
shortest_queue,120,0.06011521852180335,0,13,0,2
shortest_queue,120,0.06011521852180335,1,12,0,2
shortest_queue,120,0.06011521852180335,2,12,0,2
shortest_queue,120,0.06467155689508043,0,12,0,3
shortest_queue,120,0.06467155689508043,1,12,0,2
shortest_queue,120,0.06467155689508043,2,12,0,2
shortest_queue,120,0.06592686898257027,0,13,0,3
shortest_queue,120,0.06592686898257027,1,12,0,2
shortest_queue,120,0.06592686898257027,2,12,0,2
shortest_queue,120,0.06604174982391607,0,13,0,3
shortest_queue,120,0.06604174982391607,1,11,0,3
shortest_queue,120,0.06604174982391607,2,12,0,2
shortest_queue,120,0.06676552532680284,0,13,0,3
shortest_queue,120,0.06676552532680284,1,12,0,3
shortest_queue,120,0.06676552532680284,2,12,0,2
shortest_queue,120,0.06723049747887809,0,13,0,3
shortest_queue,120,0.06723049747887809,1,13,0,3
shortest_queue,120,0.06723049747887809,2,12,0,2
shortest_queue,120,0.06740553869860114,0,13,0,3
shortest_queue,120,0.06740553869860114,1,13,0,3
shortest_queue,120,0.06740553869860114,2,11,0,3
shortest_queue,120,0.06778164717138016,0,13,0,3
shortest_queue,120,0.06778164717138016,1,13,0,3
shortest_queue,120,0.06778164717138016,2,12,0,3
shortest_queue,120,0.06845130506874648,0,13,0,3
shortest_queue,120,0.06845130506874648,1,13,0,3
shortest_queue,120,0.06845130506874648,2,13,0,3
shortest_queue,120,0.06899417275848063,0,12,0,4
shortest_queue,120,0.06899417275848063,1,13,0,3
shortest_queue,120,0.06899417275848063,2,13,0,3
shortest_queue,120,0.06965167199695388,0,12,0,4
shortest_queue,120,0.06965167199695388,1,12,0,4
shortest_queue,120,0.06965167199695388,2,13,0,3
shortest_queue,120,0.07010754537134967,0,13,0,4
shortest_queue,120,0.07010754537134967,1,12,0,4
shortest_queue,120,0.07010754537134967,2,13,0,3
shortest_queue,120,0.07071701393274578,0,13,0,4
shortest_queue,120,0.07071701393274578,1,12,0,4
shortest_queue,120,0.07071701393274578,2,12,0,4
shortest_queue,120,0.07073265017393351,0,13,0,4
shortest_queue,120,0.07073265017393351,1,13,0,4
shortest_queue,120,0.07073265017393351,2,12,0,4
shortest_queue,120,0.07113940943260273,0,13,0,4
shortest_queue,120,0.07113940943260273,1,13,0,4
shortest_queue,120,0.07113940943260273,2,13,0,4
shortest_queue,120,0.07166252914672726,0,14,0,4
shortest_queue,120,0.07166252914672726,1,13,0,4
shortest_queue,120,0.07166252914672726,2,13,0,4
shortest_queue,120,0.07289691350870164,0,14,0,4
shortest_queue,120,0.07289691350870164,1,14,0,4
shortest_queue,120,0.07289691350870164,2,13,0,4
shortest_queue,120,0.07305716044417052,0,13,0,5
shortest_queue,120,0.07305716044417052,1,14,0,4
shortest_queue,120,0.07305716044417052,2,13,0,4
shortest_queue,120,0.07346911693046425,0,13,0,5
shortest_queue,120,0.07346911693046425,1,13,0,5
shortest_queue,120,0.07346911693046425,2,13,0,4
shortest_queue,120,0.07373166836081237,0,14,0,5
shortest_queue,120,0.07373166836081237,1,13,0,5
shortest_queue,120,0.07373166836081237,2,13,0,4
shortest_queue,120,0.07419155279973898,0,14,0,5
shortest_queue,120,0.07419155279973898,1,13,0,5
shortest_queue,120,0.07419155279973898,2,12,0,5
shortest_queue,120,0.07427013196070792,0,14,0,5
shortest_queue,120,0.07427013196070792,1,13,0,5
shortest_queue,120,0.07427013196070792,2,13,0,5
shortest_queue,120,0.07472668026042065,0,14,0,5
shortest_queue,120,0.07472668026042065,1,14,0,5
shortest_queue,120,0.07472668026042065,2,13,0,5
shortest_queue,120,0.07479250680781267,0,13,0,6
shortest_queue,120,0.07479250680781267,1,14,0,5
shortest_queue,120,0.07479250680781267,2,13,0,5
shortest_queue,120,0.0752832085617588,0,13,0,6
shortest_queue,120,0.0752832085617588,1,13,0,6
shortest_queue,120,0.0752832085617588,2,13,0,5
shortest_queue,120,0.07582627157977043,0,13,0,6
shortest_queue,120,0.07582627157977043,1,13,0,6
shortest_queue,120,0.07582627157977043,2,12,0,6
shortest_queue,120,0.07626996465720252,0,13,0,6
shortest_queue,120,0.07626996465720252,1,13,0,6
shortest_queue,120,0.07626996465720252,2,13,0,6
shortest_queue,120,0.07666883156314776,0,12,0,7
shortest_queue,120,0.07666883156314776,1,13,0,6
shortest_queue,120,0.07666883156314776,2,13,0,6
shortest_queue,120,0.07668978644471647,0,13,0,7
shortest_queue,120,0.07668978644471647,1,13,0,6
shortest_queue,120,0.07668978644471647,2,13,0,6
shortest_queue,120,0.07708829595510844,0,13,0,7
shortest_queue,120,0.07708829595510844,1,12,0,7
shortest_queue,120,0.07708829595510844,2,13,0,6
shortest_queue,120,0.07720629437924328,0,13,0,7
shortest_queue,120,0.07720629437924328,1,13,0,7
shortest_queue,120,0.07720629437924328,2,13,0,6
shortest_queue,120,0.0777491944646135,0,13,0,7
shortest_queue,120,0.0777491944646135,1,13,0,7
shortest_queue,120,0.0777491944646135,2,12,0,7
shortest_queue,120,0.07864820779715134,0,12,0,8
shortest_queue,120,0.07864820779715134,1,13,0,7
shortest_queue,120,0.07864820779715134,2,12,0,7
shortest_queue,120,0.07875693976390548,0,13,0,8
shortest_queue,120,0.07875693976390548,1,13,0,7
shortest_queue,120,0.07875693976390548,2,12,0,7
shortest_queue,120,0.08024207526668936,0,13,0,8
shortest_queue,120,0.08024207526668936,1,12,0,8
shortest_queue,120,0.08024207526668936,2,12,0,7
shortest_queue,120,0.08102396218962206,0,13,0,8
shortest_queue,120,0.08102396218962206,1,12,0,8
shortest_queue,120,0.08102396218962206,2,11,0,8
shortest_queue,120,0.08177098450346101,0,12,0,9
shortest_queue,120,0.08177098450346101,1,12,0,8
shortest_queue,120,0.08177098450346101,2,11,0,8
shortest_queue,120,0.08222420410193806,0,12,0,9
shortest_queue,120,0.08222420410193806,1,11,0,9
shortest_queue,120,0.08222420410193806,2,11,0,8
shortest_queue,120,0.0828078386340948,0,12,0,9
shortest_queue,120,0.0828078386340948,1,11,0,9
shortest_queue,120,0.0828078386340948,2,10,0,9
shortest_queue,120,0.08300155182606232,0,12,0,9
shortest_queue,120,0.08300155182606232,1,11,0,9
shortest_queue,120,0.08300155182606232,2,11,0,9
shortest_queue,120,0.08364096581545727,0,12,0,9
shortest_queue,120,0.08364096581545727,1,12,0,9
shortest_queue,120,0.08364096581545727,2,11,0,9
shortest_queue,120,0.08365076484854425,0,11,0,10
shortest_queue,120,0.08365076484854425,1,12,0,9
shortest_queue,120,0.08365076484854425,2,11,0,9
shortest_queue,120,0.0855180599381949,0,11,0,10
shortest_queue,120,0.0855180599381949,1,11,0,10
shortest_queue,120,0.0855180599381949,2,11,0,9
shortest_queue,120,0.08655446425789029,0,11,0,10
shortest_queue,120,0.08655446425789029,1,11,0,10
shortest_queue,120,0.08655446425789029,2,10,0,10
shortest_queue,120,0.08821976129705006,0,10,0,11
shortest_queue,120,0.08821976129705006,1,11,0,10
shortest_queue,120,0.08821976129705006,2,10,0,10
shortest_queue,120,0.0888949286562753,0,10,0,11
shortest_queue,120,0.0888949286562753,1,10,0,11
shortest_queue,120,0.0888949286562753,2,10,0,10
shortest_queue,120,0.0898609823724509,0,10,0,11
shortest_queue,120,0.0898609823724509,1,10,0,11
shortest_queue,120,0.0898609823724509,2,9,0,11
shortest_queue,120,0.09113218602398598,0,9,0,12
shortest_queue,120,0.09113218602398598,1,10,0,11
shortest_queue,120,0.09113218602398598,2,9,0,11
shortest_queue,120,0.09159505172772694,0,9,0,12
shortest_queue,120,0.09159505172772694,1,9,0,12
shortest_queue,120,0.09159505172772694,2,9,0,11
shortest_queue,120,0.09453688814028297,0,9,0,12
shortest_queue,120,0.09453688814028297,1,9,0,12
shortest_queue,120,0.09453688814028297,2,8,0,12
shortest_queue,120,0.09493964450558524,0,9,0,12
shortest_queue,120,0.09493964450558524,1,9,0,12
shortest_queue,120,0.09493964450558524,2,9,0,12
shortest_queue,120,0.09564628996212596,0,10,0,12
shortest_queue,120,0.09564628996212596,1,9,0,12
shortest_queue,120,0.09564628996212596,2,9,0,12
shortest_queue,120,0.0961405543606744,0,10,0,12
shortest_queue,120,0.0961405543606744,1,10,0,12
shortest_queue,120,0.0961405543606744,2,9,0,12
shortest_queue,120,0.0962483772475369,0,9,0,13
shortest_queue,120,0.0962483772475369,1,10,0,12
shortest_queue,120,0.0962483772475369,2,9,0,12
shortest_queue,120,0.09660137516191059,0,10,0,13
shortest_queue,120,0.09660137516191059,1,10,0,12
shortest_queue,120,0.09660137516191059,2,9,0,12
shortest_queue,120,0.09685575993192697,0,10,0,13
shortest_queue,120,0.09685575993192697,1,9,0,13
shortest_queue,120,0.09685575993192697,2,9,0,12
shortest_queue,120,0.09733849143653428,0,10,0,13
shortest_queue,120,0.09733849143653428,1,9,0,13
shortest_queue,120,0.09733849143653428,2,8,0,13
shortest_queue,120,0.09785343007162413,0,10,0,13
shortest_queue,120,0.09785343007162413,1,9,0,13
shortest_queue,120,0.09785343007162413,2,9,0,13
shortest_queue,120,0.098276903335267,0,10,0,13
shortest_queue,120,0.098276903335267,1,10,0,13
shortest_queue,120,0.098276903335267,2,9,0,13
shortest_queue,120,0.0988317323038537,0,10,0,13
shortest_queue,120,0.0988317323038537,1,10,0,13
shortest_queue,120,0.0988317323038537,2,10,0,13
shortest_queue,120,0.09960352152637997,0,9,0,14
shortest_queue,120,0.09960352152637997,1,10,0,13
shortest_queue,120,0.09960352152637997,2,10,0,13
shortest_queue,120,0.09975121908831977,0,10,0,14
shortest_queue,120,0.09975121908831977,1,10,0,13
shortest_queue,120,0.09975121908831977,2,10,0,13
shortest_queue,120,0.10026289374334721,0,11,0,14
shortest_queue,120,0.10026289374334721,1,10,0,13
shortest_queue,120,0.10026289374334721,2,10,0,13
shortest_queue,120,0.10064841238034683,0,11,0,14
shortest_queue,120,0.10064841238034683,1,9,0,14
shortest_queue,120,0.10064841238034683,2,10,0,13
shortest_queue,120,0.10088839832024095,0,11,0,14
shortest_queue,120,0.10088839832024095,1,10,0,14
shortest_queue,120,0.10088839832024095,2,10,0,13
shortest_queue,120,0.10132894388531033,0,11,0,14
shortest_queue,120,0.10132894388531033,1,11,0,14
shortest_queue,120,0.10132894388531033,2,10,0,13
shortest_queue,120,0.1016815186299943,0,10,0,15
shortest_queue,120,0.1016815186299943,1,11,0,14
shortest_queue,120,0.1016815186299943,2,10,0,13
shortest_queue,120,0.10192286266551398,0,11,0,15
shortest_queue,120,0.10192286266551398,1,11,0,14
shortest_queue,120,0.10192286266551398,2,10,0,13
shortest_queue,120,0.1025016334532319,0,11,0,15
shortest_queue,120,0.1025016334532319,1,11,0,14
shortest_queue,120,0.1025016334532319,2,11,0,13
shortest_queue,120,0.10295988627102418,0,12,0,15
shortest_queue,120,0.10295988627102418,1,11,0,14
shortest_queue,120,0.10295988627102418,2,11,0,13
shortest_queue,120,0.10358700100617245,0,12,0,15
shortest_queue,120,0.10358700100617245,1,12,0,14
shortest_queue,120,0.10358700100617245,2,11,0,13
shortest_queue,120,0.10400656473478523,0,12,0,15
shortest_queue,120,0.10400656473478523,1,12,0,14
shortest_queue,120,0.10400656473478523,2,10,0,14
shortest_queue,120,0.10436143552755155,0,12,0,15
shortest_queue,120,0.10436143552755155,1,12,0,14
shortest_queue,120,0.10436143552755155,2,11,0,14
shortest_queue,120,0.1052454109149982,0,12,0,15
shortest_queue,120,0.1052454109149982,1,12,0,14
shortest_queue,120,0.1052454109149982,2,12,0,14
shortest_queue,120,0.10589277297350122,0,13,0,15
shortest_queue,120,0.10589277297350122,1,12,0,14
shortest_queue,120,0.10589277297350122,2,12,0,14
shortest_queue,120,0.10661122835697369,0,13,0,15
shortest_queue,120,0.10661122835697369,1,13,0,14
shortest_queue,120,0.10661122835697369,2,12,0,14
shortest_queue,120,0.10709184492444451,0,13,0,15
shortest_queue,120,0.10709184492444451,1,13,0,14
shortest_queue,120,0.10709184492444451,2,13,0,14
shortest_queue,120,0.10781782466475565,0,14,0,15
shortest_queue,120,0.10781782466475565,1,13,0,14
shortest_queue,120,0.10781782466475565,2,13,0,14
shortest_queue,120,0.10826506761477607,0,14,0,15
shortest_queue,120,0.10826506761477607,1,14,0,14
shortest_queue,120,0.10826506761477607,2,13,0,14
shortest_queue,120,0.10900779636324447,0,14,0,15
shortest_queue,120,0.10900779636324447,1,14,0,14
shortest_queue,120,0.10900779636324447,2,14,0,14
shortest_queue,120,0.10945738480876205,0,15,0,15
shortest_queue,120,0.10945738480876205,1,14,0,14
shortest_queue,120,0.10945738480876205,2,14,0,14
shortest_queue,120,0.11034480137333462,0,15,0,15
shortest_queue,120,0.11034480137333462,1,15,0,14
shortest_queue,120,0.11034480137333462,2,14,0,14
shortest_queue,120,0.1108138986325663,0,15,0,15
shortest_queue,120,0.1108138986325663,1,15,0,14
shortest_queue,120,0.1108138986325663,2,15,0,14
shortest_queue,120,0.11124852803841237,0,15,1,15
shortest_queue,120,0.11124852803841237,1,15,0,14
shortest_queue,120,0.11124852803841237,2,15,0,14
shortest_queue,120,0.11191229103134374,0,15,1,15
shortest_queue,120,0.11191229103134374,1,15,1,14
shortest_queue,120,0.11191229103134374,2,15,0,14
shortest_queue,120,0.11233788131724078,0,15,1,15
shortest_queue,120,0.11233788131724078,1,15,1,14
shortest_queue,120,0.11233788131724078,2,15,1,14
shortest_queue,120,0.11318020512551777,0,15,2,15
shortest_queue,120,0.11318020512551777,1,15,1,14
shortest_queue,120,0.11318020512551777,2,15,1,14
shortest_queue,120,0.11381854878328536,0,15,2,15
shortest_queue,120,0.11381854878328536,1,15,2,14
shortest_queue,120,0.11381854878328536,2,15,1,14
shortest_queue,120,0.11443382146359739,0,15,2,15
shortest_queue,120,0.11443382146359739,1,15,2,14
shortest_queue,120,0.11443382146359739,2,15,2,14
shortest_queue,120,0.11487697053767862,0,15,3,15
shortest_queue,120,0.11487697053767862,1,15,2,14
shortest_queue,120,0.11487697053767862,2,15,2,14
shortest_queue,120,0.11553788902710337,0,15,3,15
shortest_queue,120,0.11553788902710337,1,15,3,14
shortest_queue,120,0.11553788902710337,2,15,2,14
shortest_queue,120,0.11592686898257028,0,15,2,16
shortest_queue,120,0.11592686898257028,1,15,3,14
shortest_queue,120,0.11592686898257028,2,15,2,14
shortest_queue,120,0.11662233111841888,0,15,3,16
shortest_queue,120,0.11662233111841888,1,15,3,14
shortest_queue,120,0.11662233111841888,2,15,2,14
shortest_queue,120,0.11676552532680284,0,15,3,16
shortest_queue,120,0.11676552532680284,1,15,2,15
shortest_queue,120,0.11676552532680284,2,15,2,14
shortest_queue,120,0.11723049747887809,0,15,3,16
shortest_queue,120,0.11723049747887809,1,15,1,16
shortest_queue,120,0.11723049747887809,2,15,2,14
shortest_queue,120,0.11778164717138016,0,15,3,16
shortest_queue,120,0.11778164717138016,1,15,1,16
shortest_queue,120,0.11778164717138016,2,15,1,15
shortest_queue,120,0.11782618037430038,0,15,3,16
shortest_queue,120,0.11782618037430038,1,15,2,16
shortest_queue,120,0.11782618037430038,2,15,1,15
shortest_queue,120,0.11845130506874649,0,15,3,16
shortest_queue,120,0.11845130506874649,1,15,2,16
shortest_queue,120,0.11845130506874649,2,15,0,16
shortest_queue,120,0.11871471564782557,0,15,3,16
shortest_queue,120,0.11871471564782557,1,15,2,16
shortest_queue,120,0.11871471564782557,2,15,1,16
shortest_queue,120,0.11938048714574222,0,15,3,16
shortest_queue,120,0.11938048714574222,1,15,2,16
shortest_queue,120,0.11938048714574222,2,15,2,16
shortest_queue,120,0.12010754537134967,0,15,2,17
shortest_queue,120,0.12010754537134967,1,15,2,16
shortest_queue,120,0.12010754537134967,2,15,2,16
shortest_queue,120,0.12048768071877682,0,15,3,17
shortest_queue,120,0.12048768071877682,1,15,2,16
shortest_queue,120,0.12048768071877682,2,15,2,16
shortest_queue,120,0.12073265017393352,0,15,3,17
shortest_queue,120,0.12073265017393352,1,15,1,17
shortest_queue,120,0.12073265017393352,2,15,2,16
shortest_queue,120,0.12113940943260273,0,15,3,17
shortest_queue,120,0.12113940943260273,1,15,1,17
shortest_queue,120,0.12113940943260273,2,15,1,17
shortest_queue,120,0.12166252914672726,0,15,2,18
shortest_queue,120,0.12166252914672726,1,15,1,17
shortest_queue,120,0.12166252914672726,2,15,1,17
shortest_queue,120,0.12289691350870165,0,15,2,18
shortest_queue,120,0.12289691350870165,1,15,0,18
shortest_queue,120,0.12289691350870165,2,15,1,17
shortest_queue,120,0.12373166836081237,0,15,1,19
shortest_queue,120,0.12373166836081237,1,15,0,18
shortest_queue,120,0.12373166836081237,2,15,1,17
shortest_queue,120,0.12427013196070792,0,15,1,19
shortest_queue,120,0.12427013196070792,1,15,0,18
shortest_queue,120,0.12427013196070792,2,15,0,18
shortest_queue,120,0.12472668026042065,0,15,1,19
shortest_queue,120,0.12472668026042065,1,14,0,19
shortest_queue,120,0.12472668026042065,2,15,0,18
shortest_queue,120,0.12626996465720253,0,15,1,19
shortest_queue,120,0.12626996465720253,1,14,0,19
shortest_queue,120,0.12626996465720253,2,14,0,19
shortest_queue,120,0.12668978644471646,0,15,0,20
shortest_queue,120,0.12668978644471646,1,14,0,19
shortest_queue,120,0.12668978644471646,2,14,0,19
shortest_queue,120,0.1272062943792433,0,15,0,20
shortest_queue,120,0.1272062943792433,1,13,0,20
shortest_queue,120,0.1272062943792433,2,14,0,19
shortest_queue,120,0.12875693976390548,0,14,0,21
shortest_queue,120,0.12875693976390548,1,13,0,20
shortest_queue,120,0.12875693976390548,2,14,0,19
shortest_queue,120,0.13005719245911077,0,14,0,21
shortest_queue,120,0.13005719245911077,1,14,0,20
shortest_queue,120,0.13005719245911077,2,14,0,19
shortest_queue,120,0.13055141526095662,0,15,0,21
shortest_queue,120,0.13055141526095662,1,14,0,20
shortest_queue,120,0.13055141526095662,2,14,0,19
shortest_queue,120,0.13126066504462003,0,15,0,21
shortest_queue,120,0.13126066504462003,1,15,0,20
shortest_queue,120,0.13126066504462003,2,14,0,19
shortest_queue,120,0.13300155182606233,0,15,0,21
shortest_queue,120,0.13300155182606233,1,15,0,20
shortest_queue,120,0.13300155182606233,2,13,0,20
shortest_queue,120,0.13364096581545726,0,15,0,21
shortest_queue,120,0.13364096581545726,1,14,0,21
shortest_queue,120,0.13364096581545726,2,13,0,20
shortest_queue,120,0.13793874953205473,0,15,0,21
shortest_queue,120,0.13793874953205473,1,14,0,21
shortest_queue,120,0.13793874953205473,2,14,0,20
shortest_queue,120,0.1388889452495358,0,15,0,21
shortest_queue,120,0.1388889452495358,1,15,0,21
shortest_queue,120,0.1388889452495358,2,14,0,20
shortest_queue,120,0.1395856941201089,0,15,0,21
shortest_queue,120,0.1395856941201089,1,15,0,21
shortest_queue,120,0.1395856941201089,2,15,0,20
shortest_queue,120,0.14257092004771268,0,15,1,21
shortest_queue,120,0.14257092004771268,1,15,0,21
shortest_queue,120,0.14257092004771268,2,15,0,20
shortest_queue,120,0.1436061027237365,0,15,1,21
shortest_queue,120,0.1436061027237365,1,15,1,21
shortest_queue,120,0.1436061027237365,2,15,0,20
shortest_queue,120,0.14401814179254094,0,15,1,21
shortest_queue,120,0.14401814179254094,1,15,1,21
shortest_queue,120,0.14401814179254094,2,15,1,20
shortest_queue,120,0.14450246118705237,0,15,2,21
shortest_queue,120,0.14450246118705237,1,15,1,21
shortest_queue,120,0.14450246118705237,2,15,1,20
shortest_queue,120,0.14493964450558525,0,15,2,21
shortest_queue,120,0.14493964450558525,1,15,1,21
shortest_queue,120,0.14493964450558525,2,15,0,21
shortest_queue,120,0.14501238134956673,0,15,2,21
shortest_queue,120,0.14501238134956673,1,15,1,21
shortest_queue,120,0.14501238134956673,2,15,1,21
shortest_queue,120,0.1456047596260117,0,15,2,21
shortest_queue,120,0.1456047596260117,1,15,2,21
shortest_queue,120,0.1456047596260117,2,15,1,21
shortest_queue,120,0.14564628996212597,0,15,1,22
shortest_queue,120,0.14564628996212597,1,15,2,21
shortest_queue,120,0.14564628996212597,2,15,1,21
shortest_queue,120,0.14601137318113847,0,15,2,22
shortest_queue,120,0.14601137318113847,1,15,2,21
shortest_queue,120,0.14601137318113847,2,15,1,21
shortest_queue,120,0.1461405543606744,0,15,2,22
shortest_queue,120,0.1461405543606744,1,15,1,22
shortest_queue,120,0.1461405543606744,2,15,1,21
shortest_queue,120,0.14660137516191057,0,15,1,23
shortest_queue,120,0.14660137516191057,1,15,1,22
shortest_queue,120,0.14660137516191057,2,15,1,21
shortest_queue,120,0.14785343007162413,0,15,1,23
shortest_queue,120,0.14785343007162413,1,15,1,22
shortest_queue,120,0.14785343007162413,2,15,0,22
shortest_queue,120,0.148276903335267,0,15,1,23
shortest_queue,120,0.148276903335267,1,15,0,23
shortest_queue,120,0.148276903335267,2,15,0,22
shortest_queue,120,0.14883173230385371,0,15,1,23
shortest_queue,120,0.14883173230385371,1,15,0,23
shortest_queue,120,0.14883173230385371,2,14,0,23
shortest_queue,120,0.14948355973683078,0,15,1,23
shortest_queue,120,0.14948355973683078,1,15,0,23
shortest_queue,120,0.14948355973683078,2,15,0,23
shortest_queue,120,0.1497512190883198,0,15,0,24
shortest_queue,120,0.1497512190883198,1,15,0,23
shortest_queue,120,0.1497512190883198,2,15,0,23
shortest_queue,120,0.15000743291243918,0,15,1,24
shortest_queue,120,0.15000743291243918,1,15,0,23
shortest_queue,120,0.15000743291243918,2,15,0,23
shortest_queue,120,0.15026289374334723,0,15,0,25
shortest_queue,120,0.15026289374334723,1,15,0,23
shortest_queue,120,0.15026289374334723,2,15,0,23
shortest_queue,120,0.15088839832024095,0,15,0,25
shortest_queue,120,0.15088839832024095,1,14,0,24
shortest_queue,120,0.15088839832024095,2,15,0,23
shortest_queue,120,0.15132894388531032,0,15,0,25
shortest_queue,120,0.15132894388531032,1,13,0,25
shortest_queue,120,0.15132894388531032,2,15,0,23
shortest_queue,120,0.15192286266551397,0,14,0,26
shortest_queue,120,0.15192286266551397,1,13,0,25
shortest_queue,120,0.15192286266551397,2,15,0,23
shortest_queue,120,0.15241365219747946,0,14,0,26
shortest_queue,120,0.15241365219747946,1,14,0,25
shortest_queue,120,0.15241365219747946,2,15,0,23
shortest_queue,120,0.15250163345323192,0,14,0,26
shortest_queue,120,0.15250163345323192,1,14,0,25
shortest_queue,120,0.15250163345323192,2,14,0,24
shortest_queue,120,0.1529598862710242,0,13,0,27
shortest_queue,120,0.1529598862710242,1,14,0,25
shortest_queue,120,0.1529598862710242,2,14,0,24
shortest_queue,120,0.15342927349013719,0,14,0,27
shortest_queue,120,0.15342927349013719,1,14,0,25
shortest_queue,120,0.15342927349013719,2,14,0,24
shortest_queue,120,0.15358700100617245,0,14,0,27
shortest_queue,120,0.15358700100617245,1,13,0,26
shortest_queue,120,0.15358700100617245,2,14,0,24
shortest_queue,120,0.1540895412749244,0,14,0,27
shortest_queue,120,0.1540895412749244,1,14,0,26
shortest_queue,120,0.1540895412749244,2,14,0,24
shortest_queue,120,0.15436143552755155,0,14,0,27
shortest_queue,120,0.15436143552755155,1,14,0,26
shortest_queue,120,0.15436143552755155,2,13,0,25
shortest_queue,120,0.15449005574631128,0,14,0,27
shortest_queue,120,0.15449005574631128,1,14,0,26
shortest_queue,120,0.15449005574631128,2,14,0,25
shortest_queue,120,0.15524541091499822,0,14,0,27
shortest_queue,120,0.15524541091499822,1,14,0,26
shortest_queue,120,0.15524541091499822,2,13,0,26
shortest_queue,120,0.15589277297350124,0,13,0,28
shortest_queue,120,0.15589277297350124,1,14,0,26
shortest_queue,120,0.15589277297350124,2,13,0,26
shortest_queue,120,0.1566112283569737,0,13,0,28
shortest_queue,120,0.1566112283569737,1,13,0,27
shortest_queue,120,0.1566112283569737,2,13,0,26
shortest_queue,120,0.1570918449244445,0,13,0,28
shortest_queue,120,0.1570918449244445,1,13,0,27
shortest_queue,120,0.1570918449244445,2,12,0,27
shortest_queue,120,0.15781782466475563,0,12,0,29
shortest_queue,120,0.15781782466475563,1,13,0,27
shortest_queue,120,0.15781782466475563,2,12,0,27
shortest_queue,120,0.15826506761477607,0,12,0,29
shortest_queue,120,0.15826506761477607,1,12,0,28
shortest_queue,120,0.15826506761477607,2,12,0,27
shortest_queue,120,0.15900779636324447,0,12,0,29
shortest_queue,120,0.15900779636324447,1,12,0,28
shortest_queue,120,0.15900779636324447,2,11,0,28
shortest_queue,120,0.15945738480876204,0,11,0,30
shortest_queue,120,0.15945738480876204,1,12,0,28
shortest_queue,120,0.15945738480876204,2,11,0,28
shortest_queue,120,0.16034480137333462,0,11,0,30
shortest_queue,120,0.16034480137333462,1,11,0,29
shortest_queue,120,0.16034480137333462,2,11,0,28
shortest_queue,120,0.1608138986325663,0,11,0,30
shortest_queue,120,0.1608138986325663,1,11,0,29
shortest_queue,120,0.1608138986325663,2,10,0,29
shortest_queue,120,0.16592686898257028,0,10,0,31
shortest_queue,120,0.16592686898257028,1,11,0,29
shortest_queue,120,0.16592686898257028,2,10,0,29
shortest_queue,120,0.16676552532680283,0,10,0,31
shortest_queue,120,0.16676552532680283,1,10,0,30
shortest_queue,120,0.16676552532680283,2,10,0,29
shortest_queue,120,0.16723049747887808,0,10,0,31
shortest_queue,120,0.16723049747887808,1,9,0,31
shortest_queue,120,0.16723049747887808,2,10,0,29
shortest_queue,120,0.16778164717138017,0,10,0,31
shortest_queue,120,0.16778164717138017,1,9,0,31
shortest_queue,120,0.16778164717138017,2,9,0,30
shortest_queue,120,0.1684513050687465,0,10,0,31
shortest_queue,120,0.1684513050687465,1,9,0,31
shortest_queue,120,0.1684513050687465,2,8,0,31
shortest_queue,120,0.17010754537134967,0,9,0,32
shortest_queue,120,0.17010754537134967,1,9,0,31
shortest_queue,120,0.17010754537134967,2,8,0,31
shortest_queue,120,0.17073265017393352,0,9,0,32
shortest_queue,120,0.17073265017393352,1,8,0,32
shortest_queue,120,0.17073265017393352,2,8,0,31
shortest_queue,120,0.17113940943260275,0,9,0,32
shortest_queue,120,0.17113940943260275,1,8,0,32
shortest_queue,120,0.17113940943260275,2,7,0,32
shortest_queue,120,0.17166252914672725,0,8,0,33
shortest_queue,120,0.17166252914672725,1,8,0,32
shortest_queue,120,0.17166252914672725,2,7,0,32
shortest_queue,120,0.17289691350870165,0,8,0,33
shortest_queue,120,0.17289691350870165,1,7,0,33
shortest_queue,120,0.17289691350870165,2,7,0,32
shortest_queue,120,0.17373166836081239,0,7,0,34
shortest_queue,120,0.17373166836081239,1,7,0,33
shortest_queue,120,0.17373166836081239,2,7,0,32
shortest_queue,120,0.17427013196070792,0,7,0,34
shortest_queue,120,0.17427013196070792,1,7,0,33
shortest_queue,120,0.17427013196070792,2,6,0,33
shortest_queue,120,0.17668978644471645,0,6,0,35
shortest_queue,120,0.17668978644471645,1,7,0,33
shortest_queue,120,0.17668978644471645,2,6,0,33
shortest_queue,120,0.18005719245911078,0,6,0,35
shortest_queue,120,0.18005719245911078,1,6,0,34
shortest_queue,120,0.18005719245911078,2,6,0,33
shortest_queue,120,0.18055141526095664,0,5,0,36
shortest_queue,120,0.18055141526095664,1,6,0,34
shortest_queue,120,0.18055141526095664,2,6,0,33
shortest_queue,120,0.18126066504462002,0,5,0,36
shortest_queue,120,0.18126066504462002,1,5,0,35
shortest_queue,120,0.18126066504462002,2,6,0,33
shortest_queue,120,0.18793874953205475,0,5,0,36
shortest_queue,120,0.18793874953205475,1,5,0,35
shortest_queue,120,0.18793874953205475,2,5,0,34
shortest_queue,120,0.1888889452495358,0,5,0,36
shortest_queue,120,0.1888889452495358,1,4,0,36
shortest_queue,120,0.1888889452495358,2,5,0,34
shortest_queue,120,0.1895856941201089,0,5,0,36
shortest_queue,120,0.1895856941201089,1,4,0,36
shortest_queue,120,0.1895856941201089,2,4,0,35
shortest_queue,120,0.19493964450558526,0,5,0,36
shortest_queue,120,0.19493964450558526,1,4,0,36
shortest_queue,120,0.19493964450558526,2,3,0,36
shortest_queue,120,0.19564628996212596,0,4,0,37
shortest_queue,120,0.19564628996212596,1,4,0,36
shortest_queue,120,0.19564628996212596,2,3,0,36
shortest_queue,120,0.1961405543606744,0,4,0,37
shortest_queue,120,0.1961405543606744,1,3,0,37
shortest_queue,120,0.1961405543606744,2,3,0,36
shortest_queue,120,0.19660137516191056,0,3,0,38
shortest_queue,120,0.19660137516191056,1,3,0,37
shortest_queue,120,0.19660137516191056,2,3,0,36
shortest_queue,120,0.19785343007162415,0,3,0,38
shortest_queue,120,0.19785343007162415,1,3,0,37
shortest_queue,120,0.19785343007162415,2,2,0,37
shortest_queue,120,0.19827690333526699,0,3,0,38
shortest_queue,120,0.19827690333526699,1,2,0,38
shortest_queue,120,0.19827690333526699,2,2,0,37
shortest_queue,120,0.1994835597368308,0,3,0,38
shortest_queue,120,0.1994835597368308,1,2,0,38
shortest_queue,120,0.1994835597368308,2,1,0,38
shortest_queue,120,0.19975121908831978,0,2,0,39
shortest_queue,120,0.19975121908831978,1,2,0,38
shortest_queue,120,0.19975121908831978,2,1,0,38
shortest_queue,120,0.20026289374334721,0,1,0,40
shortest_queue,120,0.20026289374334721,1,2,0,38
shortest_queue,120,0.20026289374334721,2,1,0,38
shortest_queue,120,0.20241365219747948,0,1,0,40
shortest_queue,120,0.20241365219747948,1,1,0,39
shortest_queue,120,0.20241365219747948,2,1,0,38
shortest_queue,120,0.20342927349013717,0,0,0,41
shortest_queue,120,0.20342927349013717,1,1,0,39
shortest_queue,120,0.20342927349013717,2,1,0,38
shortest_queue,120,0.2040895412749244,0,0,0,41
shortest_queue,120,0.2040895412749244,1,0,0,40
shortest_queue,120,0.2040895412749244,2,1,0,38
shortest_queue,120,0.2044900557463113,0,0,0,41
shortest_queue,120,0.2044900557463113,1,0,0,40
shortest_queue,120,0.2044900557463113,2,0,0,39
