policy,burst_size,time,server_id,active,queue_length,completed,capacity,is_backup
random,30,0,0,0,0,0,15,false
random,30,0,1,0,0,0,15,false
random,30,0,2,0,0,0,15,false
random,30,0.004636155086810613,0,1,0,0,15,false
random,30,0.004636155086810613,1,0,0,0,15,false
random,30,0.004636155086810613,2,0,0,0,15,false
random,30,0.007564859049184251,0,2,0,0,15,false
random,30,0.007564859049184251,1,0,0,0,15,false
random,30,0.007564859049184251,2,0,0,0,15,false
random,30,0.008191790280174732,0,3,0,0,15,false
random,30,0.008191790280174732,1,0,0,0,15,false
random,30,0.008191790280174732,2,0,0,0,15,false
random,30,0.008768978582204785,0,3,0,0,15,false
random,30,0.008768978582204785,1,1,0,0,15,false
random,30,0.008768978582204785,2,0,0,0,15,false
random,30,0.009280248446355487,0,3,0,0,15,false
random,30,0.009280248446355487,1,1,0,0,15,false
random,30,0.009280248446355487,2,1,0,0,15,false
random,30,0.009684527011692165,0,3,0,0,15,false
random,30,0.009684527011692165,1,2,0,0,15,false
random,30,0.009684527011692165,2,1,0,0,15,false
random,30,0.010443219503615514,0,4,0,0,15,false
random,30,0.010443219503615514,1,2,0,0,15,false
random,30,0.010443219503615514,2,1,0,0,15,false
random,30,0.011278610831791982,0,4,0,0,15,false
random,30,0.011278610831791982,1,3,0,0,15,false
random,30,0.011278610831791982,2,1,0,0,15,false
random,30,0.011749823986470856,0,4,0,0,15,false
random,30,0.011749823986470856,1,3,0,0,15,false
random,30,0.011749823986470856,2,2,0,0,15,false
random,30,0.013282821652167254,0,4,0,0,15,false
random,30,0.013282821652167254,1,4,0,0,15,false
random,30,0.013282821652167254,2,2,0,0,15,false
random,30,0.013715245994971195,0,4,0,0,15,false
random,30,0.013715245994971195,1,4,0,0,15,false
random,30,0.013715245994971195,2,3,0,0,15,false
random,30,0.014162568653714949,0,4,0,0,15,false
random,30,0.014162568653714949,1,4,0,0,15,false
random,30,0.014162568653714949,2,4,0,0,15,false
random,30,0.014906678010040055,0,5,0,0,15,false
random,30,0.014906678010040055,1,4,0,0,15,false
random,30,0.014906678010040055,2,4,0,0,15,false
random,30,0.015422169959412818,0,5,0,0,15,false
random,30,0.015422169959412818,1,5,0,0,15,false
random,30,0.015422169959412818,2,4,0,0,15,false
random,30,0.01659678687535566,0,5,0,0,15,false
random,30,0.01659678687535566,1,5,0,0,15,false
random,30,0.01659678687535566,2,5,0,0,15,false
random,30,0.020787827987879766,0,6,0,0,15,false
random,30,0.020787827987879766,1,5,0,0,15,false
random,30,0.020787827987879766,2,5,0,0,15,false
random,30,0.021231167920090038,0,7,0,0,15,false
random,30,0.021231167920090038,1,5,0,0,15,false
random,30,0.021231167920090038,2,5,0,0,15,false
random,30,0.021670532197571323,0,7,0,0,15,false
random,30,0.021670532197571323,1,5,0,0,15,false
random,30,0.021670532197571323,2,6,0,0,15,false
random,30,0.02310093202275697,0,7,0,0,15,false
random,30,0.02310093202275697,1,5,0,0,15,false
random,30,0.02310093202275697,2,7,0,0,15,false
random,30,0.02383169234936098,0,7,0,0,15,false
random,30,0.02383169234936098,1,5,0,0,15,false
random,30,0.02383169234936098,2,8,0,0,15,false
random,30,0.02468372912730966,0,8,0,0,15,false
random,30,0.02468372912730966,1,5,0,0,15,false
random,30,0.02468372912730966,2,8,0,0,15,false
random,30,0.025206892791966178,0,8,0,0,15,false
random,30,0.025206892791966178,1,5,0,0,15,false
random,30,0.025206892791966178,2,9,0,0,15,false
random,30,0.025912158380795594,0,8,0,0,15,false
random,30,0.025912158380795594,1,6,0,0,15,false
random,30,0.025912158380795594,2,9,0,0,15,false
random,30,0.026600520226951814,0,9,0,0,15,false
random,30,0.026600520226951814,1,6,0,0,15,false
random,30,0.026600520226951814,2,9,0,0,15,false
random,30,0.027525472823812947,0,10,0,0,15,false
random,30,0.027525472823812947,1,6,0,0,15,false
random,30,0.027525472823812947,2,9,0,0,15,false
random,30,0.028396572818068268,0,10,0,0,15,false
random,30,0.028396572818068268,1,7,0,0,15,false
random,30,0.028396572818068268,2,9,0,0,15,false
random,30,0.02935027299001948,0,10,0,0,15,false
random,30,0.02935027299001948,1,8,0,0,15,false
random,30,0.02935027299001948,2,9,0,0,15,false
random,30,0.02978282349130135,0,10,0,0,15,false
random,30,0.02978282349130135,1,8,0,0,15,false
random,30,0.02978282349130135,2,10,0,0,15,false
random,30,0.030390609353419678,0,10,0,0,15,false
random,30,0.030390609353419678,1,9,0,0,15,false
random,30,0.030390609353419678,2,10,0,0,15,false
random,30,0.03085517224623099,0,10,0,0,15,false
random,30,0.03085517224623099,1,10,0,0,15,false
random,30,0.03085517224623099,2,10,0,0,15,false
random,30,0.05463615508681061,0,9,0,1,15,false
random,30,0.05463615508681061,1,10,0,0,15,false
random,30,0.05463615508681061,2,10,0,0,15,false
random,30,0.05756485904918425,0,8,0,2,15,false
random,30,0.05756485904918425,1,10,0,0,15,false
random,30,0.05756485904918425,2,10,0,0,15,false
random,30,0.05819179028017474,0,7,0,3,15,false
random,30,0.05819179028017474,1,10,0,0,15,false
random,30,0.05819179028017474,2,10,0,0,15,false
random,30,0.058768978582204784,0,7,0,3,15,false
random,30,0.058768978582204784,1,9,0,1,15,false
random,30,0.058768978582204784,2,10,0,0,15,false
random,30,0.05928024844635549,0,7,0,3,15,false
random,30,0.05928024844635549,1,9,0,1,15,false
random,30,0.05928024844635549,2,9,0,1,15,false
random,30,0.05968452701169217,0,7,0,3,15,false
random,30,0.05968452701169217,1,8,0,2,15,false
random,30,0.05968452701169217,2,9,0,1,15,false
random,30,0.06044321950361552,0,6,0,4,15,false
random,30,0.06044321950361552,1,8,0,2,15,false
random,30,0.06044321950361552,2,9,0,1,15,false
random,30,0.06127861083179199,0,6,0,4,15,false
random,30,0.06127861083179199,1,7,0,3,15,false
random,30,0.06127861083179199,2,9,0,1,15,false
random,30,0.06174982398647086,0,6,0,4,15,false
random,30,0.06174982398647086,1,7,0,3,15,false
random,30,0.06174982398647086,2,8,0,2,15,false
random,30,0.06328282165216725,0,6,0,4,15,false
random,30,0.06328282165216725,1,6,0,4,15,false
random,30,0.06328282165216725,2,8,0,2,15,false
random,30,0.06371524599497119,0,6,0,4,15,false
random,30,0.06371524599497119,1,6,0,4,15,false
random,30,0.06371524599497119,2,7,0,3,15,false
random,30,0.06416256865371495,0,6,0,4,15,false
random,30,0.06416256865371495,1,6,0,4,15,false
random,30,0.06416256865371495,2,6,0,4,15,false
random,30,0.06490667801004006,0,5,0,5,15,false
random,30,0.06490667801004006,1,6,0,4,15,false
random,30,0.06490667801004006,2,6,0,4,15,false
random,30,0.06542216995941282,0,5,0,5,15,false
random,30,0.06542216995941282,1,5,0,5,15,false
random,30,0.06542216995941282,2,6,0,4,15,false
random,30,0.06659678687535567,0,5,0,5,15,false
random,30,0.06659678687535567,1,5,0,5,15,false
random,30,0.06659678687535567,2,5,0,5,15,false
random,30,0.07078782798787978,0,4,0,6,15,false
random,30,0.07078782798787978,1,5,0,5,15,false
random,30,0.07078782798787978,2,5,0,5,15,false
random,30,0.07123116792009004,0,3,0,7,15,false
random,30,0.07123116792009004,1,5,0,5,15,false
random,30,0.07123116792009004,2,5,0,5,15,false
random,30,0.07167053219757133,0,3,0,7,15,false
random,30,0.07167053219757133,1,5,0,5,15,false
random,30,0.07167053219757133,2,4,0,6,15,false
random,30,0.07310093202275697,0,3,0,7,15,false
random,30,0.07310093202275697,1,5,0,5,15,false
random,30,0.07310093202275697,2,3,0,7,15,false
random,30,0.07383169234936099,0,3,0,7,15,false
random,30,0.07383169234936099,1,5,0,5,15,false
random,30,0.07383169234936099,2,2,0,8,15,false
random,30,0.07468372912730967,0,2,0,8,15,false
random,30,0.07468372912730967,1,5,0,5,15,false
random,30,0.07468372912730967,2,2,0,8,15,false
random,30,0.07520689279196618,0,2,0,8,15,false
random,30,0.07520689279196618,1,5,0,5,15,false
random,30,0.07520689279196618,2,1,0,9,15,false
random,30,0.0759121583807956,0,2,0,8,15,false
random,30,0.0759121583807956,1,4,0,6,15,false
random,30,0.0759121583807956,2,1,0,9,15,false
random,30,0.07660052022695182,0,1,0,9,15,false
random,30,0.07660052022695182,1,4,0,6,15,false
random,30,0.07660052022695182,2,1,0,9,15,false
random,30,0.07752547282381295,0,0,0,10,15,false
random,30,0.07752547282381295,1,4,0,6,15,false
random,30,0.07752547282381295,2,1,0,9,15,false
random,30,0.07839657281806828,0,0,0,10,15,false
random,30,0.07839657281806828,1,3,0,7,15,false
random,30,0.07839657281806828,2,1,0,9,15,false
random,30,0.07935027299001948,0,0,0,10,15,false
random,30,0.07935027299001948,1,2,0,8,15,false
random,30,0.07935027299001948,2,1,0,9,15,false
random,30,0.07978282349130135,0,0,0,10,15,false
random,30,0.07978282349130135,1,2,0,8,15,false
random,30,0.07978282349130135,2,0,0,10,15,false
random,30,0.08039060935341968,0,0,0,10,15,false
random,30,0.08039060935341968,1,1,0,9,15,false
random,30,0.08039060935341968,2,0,0,10,15,false
random,30,0.080855172246231,0,0,0,10,15,false
random,30,0.080855172246231,1,0,0,10,15,false
random,30,0.080855172246231,2,0,0,10,15,false
random,30,200,0,0,0,10,15,false
random,30,200,1,0,0,10,15,false
random,30,200,2,0,0,10,15,false
random,60,0,0,0,0,0,15,false
random,60,0,1,0,0,0,15,false
random,60,0,2,0,0,0,15,false
random,60,0.0004964913519798167,0,0,0,0,15,false
random,60,0.0004964913519798167,1,1,0,0,15,false
random,60,0.0004964913519798167,2,0,0,0,15,false
random,60,0.0009645077411900601,0,1,0,0,15,false
random,60,0.0009645077411900601,1,1,0,0,15,false
random,60,0.0009645077411900601,2,0,0,0,15,false
random,60,0.0014580243684267952,0,1,0,0,15,false
random,60,0.0014580243684267952,1,2,0,0,15,false
random,60,0.0014580243684267952,2,0,0,0,15,false
random,60,0.0021672558556195703,0,1,0,0,15,false
random,60,0.0021672558556195703,1,2,0,0,15,false
random,60,0.0021672558556195703,2,1,0,0,15,false
random,60,0.00288455421297257,0,2,0,0,15,false
random,60,0.00288455421297257,1,2,0,0,15,false
random,60,0.00288455421297257,2,1,0,0,15,false
random,60,0.003429495964180211,0,2,0,0,15,false
random,60,0.003429495964180211,1,3,0,0,15,false
random,60,0.003429495964180211,2,1,0,0,15,false
random,60,0.006138902744001272,0,2,0,0,15,false
random,60,0.006138902744001272,1,4,0,0,15,false
random,60,0.006138902744001272,2,1,0,0,15,false
random,60,0.006706855672946239,0,3,0,0,15,false
random,60,0.006706855672946239,1,4,0,0,15,false
random,60,0.006706855672946239,2,1,0,0,15,false
random,60,0.0071228254016580846,0,4,0,0,15,false
random,60,0.0071228254016580846,1,4,0,0,15,false
random,60,0.0071228254016580846,2,1,0,0,15,false
random,60,0.007543473263527911,0,5,0,0,15,false
random,60,0.007543473263527911,1,4,0,0,15,false
random,60,0.007543473263527911,2,1,0,0,15,false
random,60,0.01262202826533108,0,6,0,0,15,false
random,60,0.01262202826533108,1,4,0,0,15,false
random,60,0.01262202826533108,2,1,0,0,15,false
random,60,0.013023480333990364,0,6,0,0,15,false
random,60,0.013023480333990364,1,5,0,0,15,false
random,60,0.013023480333990364,2,1,0,0,15,false
random,60,0.013688914340630628,0,6,0,0,15,false
random,60,0.013688914340630628,1,5,0,0,15,false
random,60,0.013688914340630628,2,2,0,0,15,false
random,60,0.014829554901722343,0,6,0,0,15,false
random,60,0.014829554901722343,1,6,0,0,15,false
random,60,0.014829554901722343,2,2,0,0,15,false
random,60,0.01625210266805664,0,7,0,0,15,false
random,60,0.01625210266805664,1,6,0,0,15,false
random,60,0.01625210266805664,2,2,0,0,15,false
random,60,0.016835881181326177,0,7,0,0,15,false
random,60,0.016835881181326177,1,7,0,0,15,false
random,60,0.016835881181326177,2,2,0,0,15,false
random,60,0.017540329701922097,0,7,0,0,15,false
random,60,0.017540329701922097,1,8,0,0,15,false
random,60,0.017540329701922097,2,2,0,0,15,false
random,60,0.01966040569603291,0,8,0,0,15,false
random,60,0.01966040569603291,1,8,0,0,15,false
random,60,0.01966040569603291,2,2,0,0,15,false
random,60,0.020144187197198835,0,9,0,0,15,false
random,60,0.020144187197198835,1,8,0,0,15,false
random,60,0.020144187197198835,2,2,0,0,15,false
random,60,0.02098016590433126,0,9,0,0,15,false
random,60,0.02098016590433126,1,8,0,0,15,false
random,60,0.02098016590433126,2,3,0,0,15,false
random,60,0.022015411450078175,0,9,0,0,15,false
random,60,0.022015411450078175,1,8,0,0,15,false
random,60,0.022015411450078175,2,4,0,0,15,false
random,60,0.022520067805473713,0,10,0,0,15,false
random,60,0.022520067805473713,1,8,0,0,15,false
random,60,0.022520067805473713,2,4,0,0,15,false
random,60,0.023332222296603613,0,10,0,0,15,false
random,60,0.023332222296603613,1,8,0,0,15,false
random,60,0.023332222296603613,2,5,0,0,15,false
random,60,0.025806359081456544,0,10,0,0,15,false
random,60,0.025806359081456544,1,8,0,0,15,false
random,60,0.025806359081456544,2,6,0,0,15,false
random,60,0.026552092039246168,0,11,0,0,15,false
random,60,0.026552092039246168,1,8,0,0,15,false
random,60,0.026552092039246168,2,6,0,0,15,false
random,60,0.02709409049963421,0,11,0,0,15,false
random,60,0.02709409049963421,1,8,0,0,15,false
random,60,0.02709409049963421,2,7,0,0,15,false
random,60,0.02772256457129854,0,11,0,0,15,false
random,60,0.02772256457129854,1,9,0,0,15,false
random,60,0.02772256457129854,2,7,0,0,15,false
random,60,0.028285371003472354,0,12,0,0,15,false
random,60,0.028285371003472354,1,9,0,0,15,false
random,60,0.028285371003472354,2,7,0,0,15,false
random,60,0.028933888720371673,0,12,0,0,15,false
random,60,0.028933888720371673,1,10,0,0,15,false
random,60,0.028933888720371673,2,7,0,0,15,false
random,60,0.02944290108880226,0,13,0,0,15,false
random,60,0.02944290108880226,1,10,0,0,15,false
random,60,0.02944290108880226,2,7,0,0,15,false
random,60,0.029971099699879433,0,14,0,0,15,false
random,60,0.029971099699879433,1,10,0,0,15,false
random,60,0.029971099699879433,2,7,0,0,15,false
random,60,0.03129200087951551,0,14,0,0,15,false
random,60,0.03129200087951551,1,10,0,0,15,false
random,60,0.03129200087951551,2,8,0,0,15,false
random,60,0.031730282170685145,0,14,0,0,15,false
random,60,0.031730282170685145,1,11,0,0,15,false
random,60,0.031730282170685145,2,8,0,0,15,false
random,60,0.032508212275739135,0,14,0,0,15,false
random,60,0.032508212275739135,1,11,0,0,15,false
random,60,0.032508212275739135,2,9,0,0,15,false
random,60,0.033100986485135285,0,14,0,0,15,false
random,60,0.033100986485135285,1,11,0,0,15,false
random,60,0.033100986485135285,2,10,0,0,15,false
random,60,0.03374824099175133,0,14,0,0,15,false
random,60,0.03374824099175133,1,11,0,0,15,false
random,60,0.03374824099175133,2,11,0,0,15,false
random,60,0.03417959549483518,0,14,0,0,15,false
random,60,0.03417959549483518,1,12,0,0,15,false
random,60,0.03417959549483518,2,11,0,0,15,false
random,60,0.03466479030935086,0,14,0,0,15,false
random,60,0.03466479030935086,1,12,0,0,15,false
random,60,0.03466479030935086,2,12,0,0,15,false
random,60,0.03518031573797538,0,15,0,0,15,false
random,60,0.03518031573797538,1,12,0,0,15,false
random,60,0.03518031573797538,2,12,0,0,15,false
random,60,0.03650940525294607,0,15,1,0,15,false
random,60,0.03650940525294607,1,12,0,0,15,false
random,60,0.03650940525294607,2,12,0,0,15,false
random,60,0.037006161019584774,0,15,2,0,15,false
random,60,0.037006161019584774,1,12,0,0,15,false
random,60,0.037006161019584774,2,12,0,0,15,false
random,60,0.049609264399657675,0,15,2,0,15,false
random,60,0.049609264399657675,1,13,0,0,15,false
random,60,0.049609264399657675,2,12,0,0,15,false
random,60,0.05045341705300733,0,15,2,0,15,false
random,60,0.05045341705300733,1,13,0,0,15,false
random,60,0.05045341705300733,2,13,0,0,15,false
random,60,0.05049649135197982,0,15,2,0,15,false
random,60,0.05049649135197982,1,12,0,1,15,false
random,60,0.05049649135197982,2,13,0,0,15,false
random,60,0.05086656805282424,0,15,2,0,15,false
random,60,0.05086656805282424,1,13,0,1,15,false
random,60,0.05086656805282424,2,13,0,0,15,false
random,60,0.05096450774119006,0,15,1,1,15,false
random,60,0.05096450774119006,1,13,0,1,15,false
random,60,0.05096450774119006,2,13,0,0,15,false
random,60,0.0514580243684268,0,15,1,1,15,false
random,60,0.0514580243684268,1,12,0,2,15,false
random,60,0.0514580243684268,2,13,0,0,15,false
random,60,0.05184927558719655,0,15,1,1,15,false
random,60,0.05184927558719655,1,13,0,2,15,false
random,60,0.05184927558719655,2,13,0,0,15,false
random,60,0.05216725585561957,0,15,1,1,15,false
random,60,0.05216725585561957,1,13,0,2,15,false
random,60,0.05216725585561957,2,12,0,1,15,false
random,60,0.05240849707584102,0,15,1,1,15,false
random,60,0.05240849707584102,1,14,0,2,15,false
random,60,0.05240849707584102,2,12,0,1,15,false
random,60,0.05288455421297257,0,15,0,2,15,false
random,60,0.05288455421297257,1,14,0,2,15,false
random,60,0.05288455421297257,2,12,0,1,15,false
random,60,0.052948458450443825,0,15,1,2,15,false
random,60,0.052948458450443825,1,14,0,2,15,false
random,60,0.052948458450443825,2,12,0,1,15,false
random,60,0.053429495964180215,0,15,1,2,15,false
random,60,0.053429495964180215,1,13,0,3,15,false
random,60,0.053429495964180215,2,12,0,1,15,false
random,60,0.05459232553440012,0,15,2,2,15,false
random,60,0.05459232553440012,1,13,0,3,15,false
random,60,0.05459232553440012,2,12,0,1,15,false
random,60,0.055049982056066975,0,15,3,2,15,false
random,60,0.055049982056066975,1,13,0,3,15,false
random,60,0.055049982056066975,2,12,0,1,15,false
random,60,0.055457025472683795,0,15,4,2,15,false
random,60,0.055457025472683795,1,13,0,3,15,false
random,60,0.055457025472683795,2,12,0,1,15,false
random,60,0.056033282838097206,0,15,4,2,15,false
random,60,0.056033282838097206,1,14,0,3,15,false
random,60,0.056033282838097206,2,12,0,1,15,false
random,60,0.056138902744001275,0,15,4,2,15,false
random,60,0.056138902744001275,1,13,0,4,15,false
random,60,0.056138902744001275,2,12,0,1,15,false
random,60,0.05643387896634853,0,15,4,2,15,false
random,60,0.05643387896634853,1,14,0,4,15,false
random,60,0.05643387896634853,2,12,0,1,15,false
random,60,0.05670685567294624,0,15,3,3,15,false
random,60,0.05670685567294624,1,14,0,4,15,false
random,60,0.05670685567294624,2,12,0,1,15,false
random,60,0.057085850411245545,0,15,3,3,15,false
random,60,0.057085850411245545,1,14,0,4,15,false
random,60,0.057085850411245545,2,13,0,1,15,false
random,60,0.057122825401658084,0,15,2,4,15,false
random,60,0.057122825401658084,1,14,0,4,15,false
random,60,0.057122825401658084,2,13,0,1,15,false
random,60,0.05754347326352791,0,15,1,5,15,false
random,60,0.05754347326352791,1,14,0,4,15,false
random,60,0.05754347326352791,2,13,0,1,15,false
random,60,0.05872185895697923,0,15,2,5,15,false
random,60,0.05872185895697923,1,14,0,4,15,false
random,60,0.05872185895697923,2,13,0,1,15,false
random,60,0.05953448176825256,0,15,2,5,15,false
random,60,0.05953448176825256,1,15,0,4,15,false
random,60,0.05953448176825256,2,13,0,1,15,false
random,60,0.060086135463429814,0,15,3,5,15,false
random,60,0.060086135463429814,1,15,0,4,15,false
random,60,0.060086135463429814,2,13,0,1,15,false
random,60,0.06136978151237948,0,15,3,5,15,false
random,60,0.06136978151237948,1,15,1,4,15,false
random,60,0.06136978151237948,2,13,0,1,15,false
random,60,0.06183709725723405,0,15,3,5,15,false
random,60,0.06183709725723405,1,15,2,4,15,false
random,60,0.06183709725723405,2,13,0,1,15,false
random,60,0.06262202826533109,0,15,2,6,15,false
random,60,0.06262202826533109,1,15,2,4,15,false
random,60,0.06262202826533109,2,13,0,1,15,false
random,60,0.06302348033399037,0,15,2,6,15,false
random,60,0.06302348033399037,1,15,1,5,15,false
random,60,0.06302348033399037,2,13,0,1,15,false
random,60,0.06306986717059807,0,15,2,6,15,false
random,60,0.06306986717059807,1,15,1,5,15,false
random,60,0.06306986717059807,2,14,0,1,15,false
random,60,0.06368891434063063,0,15,2,6,15,false
random,60,0.06368891434063063,1,15,1,5,15,false
random,60,0.06368891434063063,2,13,0,2,15,false
random,60,0.06404656382367016,0,15,3,6,15,false
random,60,0.06404656382367016,1,15,1,5,15,false
random,60,0.06404656382367016,2,13,0,2,15,false
random,60,0.06482955490172235,0,15,3,6,15,false
random,60,0.06482955490172235,1,15,0,6,15,false
random,60,0.06482955490172235,2,13,0,2,15,false
random,60,0.06625210266805664,0,15,2,7,15,false
random,60,0.06625210266805664,1,15,0,6,15,false
random,60,0.06625210266805664,2,13,0,2,15,false
random,60,0.06683588118132618,0,15,2,7,15,false
random,60,0.06683588118132618,1,14,0,7,15,false
random,60,0.06683588118132618,2,13,0,2,15,false
random,60,0.0675403297019221,0,15,2,7,15,false
random,60,0.0675403297019221,1,13,0,8,15,false
random,60,0.0675403297019221,2,13,0,2,15,false
random,60,0.0696604056960329,0,15,1,8,15,false
random,60,0.0696604056960329,1,13,0,8,15,false
random,60,0.0696604056960329,2,13,0,2,15,false
random,60,0.07014418719719884,0,15,0,9,15,false
random,60,0.07014418719719884,1,13,0,8,15,false
random,60,0.07014418719719884,2,13,0,2,15,false
random,60,0.07098016590433126,0,15,0,9,15,false
random,60,0.07098016590433126,1,13,0,8,15,false
random,60,0.07098016590433126,2,12,0,3,15,false
random,60,0.07201541145007817,0,15,0,9,15,false
random,60,0.07201541145007817,1,13,0,8,15,false
random,60,0.07201541145007817,2,11,0,4,15,false
random,60,0.07252006780547371,0,14,0,10,15,false
random,60,0.07252006780547371,1,13,0,8,15,false
random,60,0.07252006780547371,2,11,0,4,15,false
random,60,0.07333222229660362,0,14,0,10,15,false
random,60,0.07333222229660362,1,13,0,8,15,false
random,60,0.07333222229660362,2,10,0,5,15,false
random,60,0.07580635908145655,0,14,0,10,15,false
random,60,0.07580635908145655,1,13,0,8,15,false
random,60,0.07580635908145655,2,9,0,6,15,false
random,60,0.07655209203924618,0,13,0,11,15,false
random,60,0.07655209203924618,1,13,0,8,15,false
random,60,0.07655209203924618,2,9,0,6,15,false
random,60,0.07709409049963421,0,13,0,11,15,false
random,60,0.07709409049963421,1,13,0,8,15,false
random,60,0.07709409049963421,2,8,0,7,15,false
random,60,0.07772256457129854,0,13,0,11,15,false
random,60,0.07772256457129854,1,12,0,9,15,false
random,60,0.07772256457129854,2,8,0,7,15,false
random,60,0.07828537100347235,0,12,0,12,15,false
random,60,0.07828537100347235,1,12,0,9,15,false
random,60,0.07828537100347235,2,8,0,7,15,false
random,60,0.07893388872037167,0,12,0,12,15,false
random,60,0.07893388872037167,1,11,0,10,15,false
random,60,0.07893388872037167,2,8,0,7,15,false
random,60,0.07944290108880227,0,11,0,13,15,false
random,60,0.07944290108880227,1,11,0,10,15,false
random,60,0.07944290108880227,2,8,0,7,15,false
random,60,0.07997109969987944,0,10,0,14,15,false
random,60,0.07997109969987944,1,11,0,10,15,false
random,60,0.07997109969987944,2,8,0,7,15,false
random,60,0.08129200087951552,0,10,0,14,15,false
random,60,0.08129200087951552,1,11,0,10,15,false
random,60,0.08129200087951552,2,7,0,8,15,false
random,60,0.08173028217068515,0,10,0,14,15,false
random,60,0.08173028217068515,1,10,0,11,15,false
random,60,0.08173028217068515,2,7,0,8,15,false
random,60,0.08250821227573914,0,10,0,14,15,false
random,60,0.08250821227573914,1,10,0,11,15,false
random,60,0.08250821227573914,2,6,0,9,15,false
random,60,0.08310098648513528,0,10,0,14,15,false
random,60,0.08310098648513528,1,10,0,11,15,false
random,60,0.08310098648513528,2,5,0,10,15,false
random,60,0.08374824099175134,0,10,0,14,15,false
random,60,0.08374824099175134,1,10,0,11,15,false
random,60,0.08374824099175134,2,4,0,11,15,false
random,60,0.08417959549483518,0,10,0,14,15,false
random,60,0.08417959549483518,1,9,0,12,15,false
random,60,0.08417959549483518,2,4,0,11,15,false
random,60,0.08466479030935087,0,10,0,14,15,false
random,60,0.08466479030935087,1,9,0,12,15,false
random,60,0.08466479030935087,2,3,0,12,15,false
random,60,0.08518031573797538,0,9,0,15,15,false
random,60,0.08518031573797538,1,9,0,12,15,false
random,60,0.08518031573797538,2,3,0,12,15,false
random,60,0.09960926439965767,0,9,0,15,15,false
random,60,0.09960926439965767,1,8,0,13,15,false
random,60,0.09960926439965767,2,3,0,12,15,false
random,60,0.10045341705300734,0,9,0,15,15,false
random,60,0.10045341705300734,1,8,0,13,15,false
random,60,0.10045341705300734,2,2,0,13,15,false
random,60,0.10086656805282423,0,9,0,15,15,false
random,60,0.10086656805282423,1,7,0,14,15,false
random,60,0.10086656805282423,2,2,0,13,15,false
random,60,0.10096450774119006,0,8,0,16,15,false
random,60,0.10096450774119006,1,7,0,14,15,false
random,60,0.10096450774119006,2,2,0,13,15,false
random,60,0.10184927558719656,0,8,0,16,15,false
random,60,0.10184927558719656,1,6,0,15,15,false
random,60,0.10184927558719656,2,2,0,13,15,false
random,60,0.10240849707584102,0,8,0,16,15,false
random,60,0.10240849707584102,1,5,0,16,15,false
random,60,0.10240849707584102,2,2,0,13,15,false
random,60,0.10288455421297257,0,7,0,17,15,false
random,60,0.10288455421297257,1,5,0,16,15,false
random,60,0.10288455421297257,2,2,0,13,15,false
random,60,0.10603328283809721,0,7,0,17,15,false
random,60,0.10603328283809721,1,4,0,17,15,false
random,60,0.10603328283809721,2,2,0,13,15,false
random,60,0.10643387896634854,0,7,0,17,15,false
random,60,0.10643387896634854,1,3,0,18,15,false
random,60,0.10643387896634854,2,2,0,13,15,false
random,60,0.10670685567294624,0,6,0,18,15,false
random,60,0.10670685567294624,1,3,0,18,15,false
random,60,0.10670685567294624,2,2,0,13,15,false
random,60,0.10708585041124555,0,6,0,18,15,false
random,60,0.10708585041124555,1,3,0,18,15,false
random,60,0.10708585041124555,2,1,0,14,15,false
random,60,0.10712282540165809,0,5,0,19,15,false
random,60,0.10712282540165809,1,3,0,18,15,false
random,60,0.10712282540165809,2,1,0,14,15,false
random,60,0.10754347326352792,0,4,0,20,15,false
random,60,0.10754347326352792,1,3,0,18,15,false
random,60,0.10754347326352792,2,1,0,14,15,false
random,60,0.10953448176825256,0,4,0,20,15,false
random,60,0.10953448176825256,1,2,0,19,15,false
random,60,0.10953448176825256,2,1,0,14,15,false
random,60,0.11262202826533109,0,3,0,21,15,false
random,60,0.11262202826533109,1,2,0,19,15,false
random,60,0.11262202826533109,2,1,0,14,15,false
random,60,0.11302348033399037,0,3,0,21,15,false
random,60,0.11302348033399037,1,1,0,20,15,false
random,60,0.11302348033399037,2,1,0,14,15,false
random,60,0.11306986717059807,0,3,0,21,15,false
random,60,0.11306986717059807,1,1,0,20,15,false
random,60,0.11306986717059807,2,0,0,15,15,false
random,60,0.11482955490172235,0,3,0,21,15,false
random,60,0.11482955490172235,1,0,0,21,15,false
random,60,0.11482955490172235,2,0,0,15,15,false
random,60,0.11625210266805665,0,2,0,22,15,false
random,60,0.11625210266805665,1,0,0,21,15,false
random,60,0.11625210266805665,2,0,0,15,15,false
random,60,0.11966040569603291,0,1,0,23,15,false
random,60,0.11966040569603291,1,0,0,21,15,false
random,60,0.11966040569603291,2,0,0,15,15,false
random,60,0.12014418719719884,0,0,0,24,15,false
random,60,0.12014418719719884,1,0,0,21,15,false
random,60,0.12014418719719884,2,0,0,15,15,false
random,60,200,0,0,0,24,15,false
random,60,200,1,0,0,21,15,false
random,60,200,2,0,0,15,15,false
random,90,0,0,0,0,0,15,false
random,90,0,1,0,0,0,15,false
random,90,0,2,0,0,0,15,false
random,90,0.0004720400863396188,0,0,0,0,15,false
random,90,0.0004720400863396188,1,1,0,0,15,false
random,90,0.0004720400863396188,2,0,0,0,15,false
random,90,0.0009489610360988819,0,1,0,0,15,false
random,90,0.0009489610360988819,1,1,0,0,15,false
random,90,0.0009489610360988819,2,0,0,0,15,false
random,90,0.002058446412919172,0,2,0,0,15,false
random,90,0.002058446412919172,1,1,0,0,15,false
random,90,0.002058446412919172,2,0,0,0,15,false
random,90,0.002461833162249221,0,2,0,0,15,false
random,90,0.002461833162249221,1,1,0,0,15,false
random,90,0.002461833162249221,2,1,0,0,15,false
random,90,0.0031421582253755645,0,3,0,0,15,false
random,90,0.0031421582253755645,1,1,0,0,15,false
random,90,0.0031421582253755645,2,1,0,0,15,false
random,90,0.003618254853230527,0,3,0,0,15,false
random,90,0.003618254853230527,1,2,0,0,15,false
random,90,0.003618254853230527,2,1,0,0,15,false
random,90,0.004138518768691407,0,3,0,0,15,false
random,90,0.004138518768691407,1,3,0,0,15,false
random,90,0.004138518768691407,2,1,0,0,15,false
random,90,0.004828354704266692,0,3,0,0,15,false
random,90,0.004828354704266692,1,4,0,0,15,false
random,90,0.004828354704266692,2,1,0,0,15,false
random,90,0.005330477690046183,0,3,0,0,15,false
random,90,0.005330477690046183,1,4,0,0,15,false
random,90,0.005330477690046183,2,2,0,0,15,false
random,90,0.006166934581921543,0,4,0,0,15,false
random,90,0.006166934581921543,1,4,0,0,15,false
random,90,0.006166934581921543,2,2,0,0,15,false
random,90,0.007389053698219523,0,4,0,0,15,false
random,90,0.007389053698219523,1,5,0,0,15,false
random,90,0.007389053698219523,2,2,0,0,15,false
random,90,0.00782803699678924,0,4,0,0,15,false
random,90,0.00782803699678924,1,6,0,0,15,false
random,90,0.00782803699678924,2,2,0,0,15,false
random,90,0.009842412597612225,0,5,0,0,15,false
random,90,0.009842412597612225,1,6,0,0,15,false
random,90,0.009842412597612225,2,2,0,0,15,false
random,90,0.010250543058593312,0,5,0,0,15,false
random,90,0.010250543058593312,1,6,0,0,15,false
random,90,0.010250543058593312,2,3,0,0,15,false
random,90,0.01881325496210705,0,6,0,0,15,false
random,90,0.01881325496210705,1,6,0,0,15,false
random,90,0.01881325496210705,2,3,0,0,15,false
random,90,0.019250784355976037,0,6,0,0,15,false
random,90,0.019250784355976037,1,7,0,0,15,false
random,90,0.019250784355976037,2,3,0,0,15,false
random,90,0.01977208319402006,0,6,0,0,15,false
random,90,0.01977208319402006,1,8,0,0,15,false
random,90,0.01977208319402006,2,3,0,0,15,false
random,90,0.02033145692015823,0,6,0,0,15,false
random,90,0.02033145692015823,1,9,0,0,15,false
random,90,0.02033145692015823,2,3,0,0,15,false
random,90,0.021071690371393437,0,6,0,0,15,false
random,90,0.021071690371393437,1,9,0,0,15,false
random,90,0.021071690371393437,2,4,0,0,15,false
random,90,0.02175673903196321,0,6,0,0,15,false
random,90,0.02175673903196321,1,10,0,0,15,false
random,90,0.02175673903196321,2,4,0,0,15,false
random,90,0.02627292834540239,0,6,0,0,15,false
random,90,0.02627292834540239,1,11,0,0,15,false
random,90,0.02627292834540239,2,4,0,0,15,false
random,90,0.02702915574297771,0,6,0,0,15,false
random,90,0.02702915574297771,1,11,0,0,15,false
random,90,0.02702915574297771,2,5,0,0,15,false
random,90,0.02750072347989605,0,7,0,0,15,false
random,90,0.02750072347989605,1,11,0,0,15,false
random,90,0.02750072347989605,2,5,0,0,15,false
random,90,0.02815205012578113,0,7,0,0,15,false
random,90,0.02815205012578113,1,11,0,0,15,false
random,90,0.02815205012578113,2,6,0,0,15,false
random,90,0.02862121386642398,0,7,0,0,15,false
random,90,0.02862121386642398,1,11,0,0,15,false
random,90,0.02862121386642398,2,7,0,0,15,false
random,90,0.029155524224648736,0,7,0,0,15,false
random,90,0.029155524224648736,1,12,0,0,15,false
random,90,0.029155524224648736,2,7,0,0,15,false
random,90,0.02970207632208409,0,7,0,0,15,false
random,90,0.02970207632208409,1,13,0,0,15,false
random,90,0.02970207632208409,2,7,0,0,15,false
random,90,0.03609443560488969,0,7,0,0,15,false
random,90,0.03609443560488969,1,13,0,0,15,false
random,90,0.03609443560488969,2,8,0,0,15,false
random,90,0.03665128511473371,0,7,0,0,15,false
random,90,0.03665128511473371,1,13,0,0,15,false
random,90,0.03665128511473371,2,9,0,0,15,false
random,90,0.03725695974190424,0,7,0,0,15,false
random,90,0.03725695974190424,1,13,0,0,15,false
random,90,0.03725695974190424,2,10,0,0,15,false
random,90,0.03775691710548414,0,8,0,0,15,false
random,90,0.03775691710548414,1,13,0,0,15,false
random,90,0.03775691710548414,2,10,0,0,15,false
random,90,0.039852147616336465,0,8,0,0,15,false
random,90,0.039852147616336465,1,13,0,0,15,false
random,90,0.039852147616336465,2,11,0,0,15,false
random,90,0.040258526641990776,0,8,0,0,15,false
random,90,0.040258526641990776,1,13,0,0,15,false
random,90,0.040258526641990776,2,12,0,0,15,false
random,90,0.040987164505972014,0,8,0,0,15,false
random,90,0.040987164505972014,1,13,0,0,15,false
random,90,0.040987164505972014,2,13,0,0,15,false
random,90,0.04167042473113335,0,9,0,0,15,false
random,90,0.04167042473113335,1,13,0,0,15,false
random,90,0.04167042473113335,2,13,0,0,15,false
random,90,0.04210859736796124,0,9,0,0,15,false
random,90,0.04210859736796124,1,13,0,0,15,false
random,90,0.04210859736796124,2,14,0,0,15,false
random,90,0.04475810784248901,0,9,0,0,15,false
random,90,0.04475810784248901,1,13,0,0,15,false
random,90,0.04475810784248901,2,15,0,0,15,false
random,90,0.045539049448726665,0,9,0,0,15,false
random,90,0.045539049448726665,1,13,0,0,15,false
random,90,0.045539049448726665,2,15,1,0,15,false
random,90,0.046324006242297974,0,9,0,0,15,false
random,90,0.046324006242297974,1,13,0,0,15,false
random,90,0.046324006242297974,2,15,2,0,15,false
random,90,0.046812229164769646,0,9,0,0,15,false
random,90,0.046812229164769646,1,13,0,0,15,false
random,90,0.046812229164769646,2,15,3,0,15,false
random,90,0.04753014510077719,0,9,0,0,15,false
random,90,0.04753014510077719,1,14,0,0,15,false
random,90,0.04753014510077719,2,15,3,0,15,false
random,90,0.05047204008633962,0,9,0,0,15,false
random,90,0.05047204008633962,1,13,0,1,15,false
random,90,0.05047204008633962,2,15,3,0,15,false
random,90,0.05094896103609888,0,8,0,1,15,false
random,90,0.05094896103609888,1,13,0,1,15,false
random,90,0.05094896103609888,2,15,3,0,15,false
random,90,0.051623604775569806,0,8,0,1,15,false
random,90,0.051623604775569806,1,14,0,1,15,false
random,90,0.051623604775569806,2,15,3,0,15,false
random,90,0.05205844641291917,0,7,0,2,15,false
random,90,0.05205844641291917,1,14,0,1,15,false
random,90,0.05205844641291917,2,15,3,0,15,false
random,90,0.05246183316224923,0,7,0,2,15,false
random,90,0.05246183316224923,1,14,0,1,15,false
random,90,0.05246183316224923,2,15,2,1,15,false
random,90,0.05314215822537557,0,6,0,3,15,false
random,90,0.05314215822537557,1,14,0,1,15,false
random,90,0.05314215822537557,2,15,2,1,15,false
random,90,0.05361825485323053,0,6,0,3,15,false
random,90,0.05361825485323053,1,13,0,2,15,false
random,90,0.05361825485323053,2,15,2,1,15,false
random,90,0.05413851876869141,0,6,0,3,15,false
random,90,0.05413851876869141,1,12,0,3,15,false
random,90,0.05413851876869141,2,15,2,1,15,false
random,90,0.054828354704266696,0,6,0,3,15,false
random,90,0.054828354704266696,1,11,0,4,15,false
random,90,0.054828354704266696,2,15,2,1,15,false
random,90,0.05533047769004618,0,6,0,3,15,false
random,90,0.05533047769004618,1,11,0,4,15,false
random,90,0.05533047769004618,2,15,1,2,15,false
random,90,0.05616693458192155,0,5,0,4,15,false
random,90,0.05616693458192155,1,11,0,4,15,false
random,90,0.05616693458192155,2,15,1,2,15,false
random,90,0.057389053698219526,0,5,0,4,15,false
random,90,0.057389053698219526,1,10,0,5,15,false
random,90,0.057389053698219526,2,15,1,2,15,false
random,90,0.05782803699678924,0,5,0,4,15,false
random,90,0.05782803699678924,1,9,0,6,15,false
random,90,0.05782803699678924,2,15,1,2,15,false
random,90,0.05984241259761223,0,4,0,5,15,false
random,90,0.05984241259761223,1,9,0,6,15,false
random,90,0.05984241259761223,2,15,1,2,15,false
random,90,0.060250543058593314,0,4,0,5,15,false
random,90,0.060250543058593314,1,9,0,6,15,false
random,90,0.060250543058593314,2,15,0,3,15,false
random,90,0.06881325496210705,0,3,0,6,15,false
random,90,0.06881325496210705,1,9,0,6,15,false
random,90,0.06881325496210705,2,15,0,3,15,false
random,90,0.06925078435597604,0,3,0,6,15,false
random,90,0.06925078435597604,1,8,0,7,15,false
random,90,0.06925078435597604,2,15,0,3,15,false
random,90,0.06977208319402006,0,3,0,6,15,false
random,90,0.06977208319402006,1,7,0,8,15,false
random,90,0.06977208319402006,2,15,0,3,15,false
random,90,0.07033145692015823,0,3,0,6,15,false
random,90,0.07033145692015823,1,6,0,9,15,false
random,90,0.07033145692015823,2,15,0,3,15,false
random,90,0.07107169037139344,0,3,0,6,15,false
random,90,0.07107169037139344,1,6,0,9,15,false
random,90,0.07107169037139344,2,14,0,4,15,false
random,90,0.07175673903196321,0,3,0,6,15,false
random,90,0.07175673903196321,1,5,0,10,15,false
random,90,0.07175673903196321,2,14,0,4,15,false
random,90,0.07627292834540239,0,3,0,6,15,false
random,90,0.07627292834540239,1,4,0,11,15,false
random,90,0.07627292834540239,2,14,0,4,15,false
random,90,0.07702915574297771,0,3,0,6,15,false
random,90,0.07702915574297771,1,4,0,11,15,false
random,90,0.07702915574297771,2,13,0,5,15,false
random,90,0.07750072347989606,0,2,0,7,15,false
random,90,0.07750072347989606,1,4,0,11,15,false
random,90,0.07750072347989606,2,13,0,5,15,false
random,90,0.07815205012578114,0,2,0,7,15,false
random,90,0.07815205012578114,1,4,0,11,15,false
random,90,0.07815205012578114,2,12,0,6,15,false
random,90,0.07862121386642398,0,2,0,7,15,false
random,90,0.07862121386642398,1,4,0,11,15,false
random,90,0.07862121386642398,2,11,0,7,15,false
random,90,0.07915552422464874,0,2,0,7,15,false
random,90,0.07915552422464874,1,3,0,12,15,false
random,90,0.07915552422464874,2,11,0,7,15,false
random,90,0.07970207632208409,0,2,0,7,15,false
random,90,0.07970207632208409,1,2,0,13,15,false
random,90,0.07970207632208409,2,11,0,7,15,false
random,90,0.08236241747383458,0,2,0,7,15,false
random,90,0.08236241747383458,1,2,0,13,15,false
random,90,0.08236241747383458,2,12,0,7,15,false
random,90,0.0831038794774183,0,2,0,7,15,false
random,90,0.0831038794774183,1,2,0,13,15,false
random,90,0.0831038794774183,2,13,0,7,15,false
random,90,0.08371493324989604,0,2,0,7,15,false
random,90,0.08371493324989604,1,2,0,13,15,false
random,90,0.08371493324989604,2,14,0,7,15,false
random,90,0.0842004363399385,0,2,0,7,15,false
random,90,0.0842004363399385,1,2,0,13,15,false
random,90,0.0842004363399385,2,15,0,7,15,false
random,90,0.08488636695598221,0,3,0,7,15,false
random,90,0.08488636695598221,1,2,0,13,15,false
random,90,0.08488636695598221,2,15,0,7,15,false
random,90,0.08536293756115683,0,3,0,7,15,false
random,90,0.08536293756115683,1,2,0,13,15,false
random,90,0.08536293756115683,2,15,1,7,15,false
random,90,0.08609443560488969,0,3,0,7,15,false
random,90,0.08609443560488969,1,2,0,13,15,false
random,90,0.08609443560488969,2,15,0,8,15,false
random,90,0.08665128511473372,0,3,0,7,15,false
random,90,0.08665128511473372,1,2,0,13,15,false
random,90,0.08665128511473372,2,14,0,9,15,false
random,90,0.08713329968186864,0,3,0,7,15,false
random,90,0.08713329968186864,1,3,0,13,15,false
random,90,0.08713329968186864,2,14,0,9,15,false
random,90,0.08725695974190424,0,3,0,7,15,false
random,90,0.08725695974190424,1,3,0,13,15,false
random,90,0.08725695974190424,2,13,0,10,15,false
random,90,0.08775691710548414,0,2,0,8,15,false
random,90,0.08775691710548414,1,3,0,13,15,false
random,90,0.08775691710548414,2,13,0,10,15,false
random,90,0.08808306826329959,0,2,0,8,15,false
random,90,0.08808306826329959,1,3,0,13,15,false
random,90,0.08808306826329959,2,14,0,10,15,false
random,90,0.08855074277320008,0,3,0,8,15,false
random,90,0.08855074277320008,1,3,0,13,15,false
random,90,0.08855074277320008,2,14,0,10,15,false
random,90,0.0891439746185532,0,4,0,8,15,false
random,90,0.0891439746185532,1,3,0,13,15,false
random,90,0.0891439746185532,2,14,0,10,15,false
random,90,0.08955050111275918,0,4,0,8,15,false
random,90,0.08955050111275918,1,3,0,13,15,false
random,90,0.08955050111275918,2,15,0,10,15,false
random,90,0.08985214761633648,0,4,0,8,15,false
random,90,0.08985214761633648,1,3,0,13,15,false
random,90,0.08985214761633648,2,14,0,11,15,false
random,90,0.09025852664199077,0,4,0,8,15,false
random,90,0.09025852664199077,1,3,0,13,15,false
random,90,0.09025852664199077,2,13,0,12,15,false
random,90,0.09098716450597202,0,4,0,8,15,false
random,90,0.09098716450597202,1,3,0,13,15,false
random,90,0.09098716450597202,2,12,0,13,15,false
random,90,0.09167042473113335,0,3,0,9,15,false
random,90,0.09167042473113335,1,3,0,13,15,false
random,90,0.09167042473113335,2,12,0,13,15,false
random,90,0.09210859736796125,0,3,0,9,15,false
random,90,0.09210859736796125,1,3,0,13,15,false
random,90,0.09210859736796125,2,11,0,14,15,false
random,90,0.094758107842489,0,3,0,9,15,false
random,90,0.094758107842489,1,3,0,13,15,false
random,90,0.094758107842489,2,10,0,15,15,false
random,90,0.09742004116107439,0,3,0,9,15,false
random,90,0.09742004116107439,1,3,0,13,15,false
random,90,0.09742004116107439,2,11,0,15,15,false
random,90,0.09753014510077719,0,3,0,9,15,false
random,90,0.09753014510077719,1,2,0,14,15,false
random,90,0.09753014510077719,2,11,0,15,15,false
random,90,0.09790688930628971,0,4,0,9,15,false
random,90,0.09790688930628971,1,2,0,14,15,false
random,90,0.09790688930628971,2,11,0,15,15,false
random,90,0.09980846648142742,0,4,0,9,15,false
random,90,0.09980846648142742,1,3,0,14,15,false
random,90,0.09980846648142742,2,11,0,15,15,false
random,90,0.100320424725145,0,5,0,9,15,false
random,90,0.100320424725145,1,3,0,14,15,false
random,90,0.100320424725145,2,11,0,15,15,false
random,90,0.10088189606635722,0,6,0,9,15,false
random,90,0.10088189606635722,1,3,0,14,15,false
random,90,0.10088189606635722,2,11,0,15,15,false
random,90,0.10160629255238987,0,6,0,9,15,false
random,90,0.10160629255238987,1,3,0,14,15,false
random,90,0.10160629255238987,2,12,0,15,15,false
random,90,0.10162360477556981,0,6,0,9,15,false
random,90,0.10162360477556981,1,2,0,15,15,false
random,90,0.10162360477556981,2,12,0,15,15,false
random,90,0.10246183316224923,0,6,0,9,15,false
random,90,0.10246183316224923,1,2,0,15,15,false
random,90,0.10246183316224923,2,11,0,16,15,false
random,90,0.10533047769004619,0,6,0,9,15,false
random,90,0.10533047769004619,1,2,0,15,15,false
random,90,0.10533047769004619,2,10,0,17,15,false
random,90,0.10547770102712489,0,7,0,9,15,false
random,90,0.10547770102712489,1,2,0,15,15,false
random,90,0.10547770102712489,2,10,0,17,15,false
random,90,0.10674978762630802,0,7,0,9,15,false
random,90,0.10674978762630802,1,2,0,15,15,false
random,90,0.10674978762630802,2,11,0,17,15,false
random,90,0.10724574383561536,0,8,0,9,15,false
random,90,0.10724574383561536,1,2,0,15,15,false
random,90,0.10724574383561536,2,11,0,17,15,false
random,90,0.10807498690626416,0,8,0,9,15,false
random,90,0.10807498690626416,1,3,0,15,15,false
random,90,0.10807498690626416,2,11,0,17,15,false
random,90,0.10848190324213305,0,8,0,9,15,false
random,90,0.10848190324213305,1,4,0,15,15,false
random,90,0.10848190324213305,2,11,0,17,15,false
random,90,0.1097829312489965,0,8,0,9,15,false
random,90,0.1097829312489965,1,4,0,15,15,false
random,90,0.1097829312489965,2,12,0,17,15,false
random,90,0.11025054305859332,0,8,0,9,15,false
random,90,0.11025054305859332,1,4,0,15,15,false
random,90,0.11025054305859332,2,11,0,18,15,false
random,90,0.11079176230370928,0,8,0,9,15,false
random,90,0.11079176230370928,1,5,0,15,15,false
random,90,0.11079176230370928,2,11,0,18,15,false
random,90,0.1122521153487674,0,8,0,9,15,false
random,90,0.1122521153487674,1,6,0,15,15,false
random,90,0.1122521153487674,2,11,0,18,15,false
random,90,0.11332959659633177,0,9,0,9,15,false
random,90,0.11332959659633177,1,6,0,15,15,false
random,90,0.11332959659633177,2,11,0,18,15,false
random,90,0.1144065588841019,0,10,0,9,15,false
random,90,0.1144065588841019,1,6,0,15,15,false
random,90,0.1144065588841019,2,11,0,18,15,false
random,90,0.1151602833045611,0,11,0,9,15,false
random,90,0.1151602833045611,1,6,0,15,15,false
random,90,0.1151602833045611,2,11,0,18,15,false
random,90,0.11588836179096806,0,11,0,9,15,false
random,90,0.11588836179096806,1,7,0,15,15,false
random,90,0.11588836179096806,2,11,0,18,15,false
random,90,0.1176330669047695,0,12,0,9,15,false
random,90,0.1176330669047695,1,7,0,15,15,false
random,90,0.1176330669047695,2,11,0,18,15,false
random,90,0.11836592521525058,0,13,0,9,15,false
random,90,0.11836592521525058,1,7,0,15,15,false
random,90,0.11836592521525058,2,11,0,18,15,false
random,90,0.11898793231197911,0,13,0,9,15,false
random,90,0.11898793231197911,1,8,0,15,15,false
random,90,0.11898793231197911,2,11,0,18,15,false
random,90,0.11947751517193296,0,13,0,9,15,false
random,90,0.11947751517193296,1,8,0,15,15,false
random,90,0.11947751517193296,2,12,0,18,15,false
random,90,0.119947321437296,0,13,0,9,15,false
random,90,0.119947321437296,1,9,0,15,15,false
random,90,0.119947321437296,2,12,0,18,15,false
random,90,0.12120408977410417,0,13,0,9,15,false
random,90,0.12120408977410417,1,9,0,15,15,false
random,90,0.12120408977410417,2,13,0,18,15,false
random,90,0.12318498309929045,0,14,0,9,15,false
random,90,0.12318498309929045,1,9,0,15,15,false
random,90,0.12318498309929045,2,13,0,18,15,false
random,90,0.12431663513190072,0,15,0,9,15,false
random,90,0.12431663513190072,1,9,0,15,15,false
random,90,0.12431663513190072,2,13,0,18,15,false
random,90,0.1253463323883462,0,15,0,9,15,false
random,90,0.1253463323883462,1,9,0,15,15,false
random,90,0.1253463323883462,2,14,0,18,15,false
random,90,0.12617283506242966,0,15,1,9,15,false
random,90,0.12617283506242966,1,9,0,15,15,false
random,90,0.12617283506242966,2,14,0,18,15,false
random,90,0.12697331899917966,0,15,1,9,15,false
random,90,0.12697331899917966,1,9,0,15,15,false
random,90,0.12697331899917966,2,15,0,18,15,false
random,90,0.12748777972110564,0,15,2,9,15,false
random,90,0.12748777972110564,1,9,0,15,15,false
random,90,0.12748777972110564,2,15,0,18,15,false
random,90,0.12832317703189508,0,15,3,9,15,false
random,90,0.12832317703189508,1,9,0,15,15,false
random,90,0.12832317703189508,2,15,0,18,15,false
random,90,0.1323624174738346,0,15,3,9,15,false
random,90,0.1323624174738346,1,9,0,15,15,false
random,90,0.1323624174738346,2,14,0,19,15,false
random,90,0.1331038794774183,0,15,3,9,15,false
random,90,0.1331038794774183,1,9,0,15,15,false
random,90,0.1331038794774183,2,13,0,20,15,false
random,90,0.13371493324989603,0,15,3,9,15,false
random,90,0.13371493324989603,1,9,0,15,15,false
random,90,0.13371493324989603,2,12,0,21,15,false
random,90,0.1342004363399385,0,15,3,9,15,false
random,90,0.1342004363399385,1,9,0,15,15,false
random,90,0.1342004363399385,2,11,0,22,15,false
random,90,0.13488636695598222,0,15,2,10,15,false
random,90,0.13488636695598222,1,9,0,15,15,false
random,90,0.13488636695598222,2,11,0,22,15,false
random,90,0.1360944356048897,0,15,2,10,15,false
random,90,0.1360944356048897,1,9,0,15,15,false
random,90,0.1360944356048897,2,10,0,23,15,false
random,90,0.13713329968186866,0,15,2,10,15,false
random,90,0.13713329968186866,1,8,0,16,15,false
random,90,0.13713329968186866,2,10,0,23,15,false
random,90,0.13808306826329958,0,15,2,10,15,false
random,90,0.13808306826329958,1,8,0,16,15,false
random,90,0.13808306826329958,2,9,0,24,15,false
random,90,0.13855074277320006,0,15,1,11,15,false
random,90,0.13855074277320006,1,8,0,16,15,false
random,90,0.13855074277320006,2,9,0,24,15,false
random,90,0.1391439746185532,0,15,0,12,15,false
random,90,0.1391439746185532,1,8,0,16,15,false
random,90,0.1391439746185532,2,9,0,24,15,false
random,90,0.13955050111275918,0,15,0,12,15,false
random,90,0.13955050111275918,1,8,0,16,15,false
random,90,0.13955050111275918,2,8,0,25,15,false
random,90,0.14662199834337486,0,15,0,12,15,false
random,90,0.14662199834337486,1,9,0,16,15,false
random,90,0.14662199834337486,2,8,0,25,15,false
random,90,0.14742004116107438,0,15,0,12,15,false
random,90,0.14742004116107438,1,9,0,16,15,false
random,90,0.14742004116107438,2,7,0,26,15,false
random,90,0.1479068893062897,0,14,0,13,15,false
random,90,0.1479068893062897,1,9,0,16,15,false
random,90,0.1479068893062897,2,7,0,26,15,false
random,90,0.14980846648142743,0,14,0,13,15,false
random,90,0.14980846648142743,1,8,0,17,15,false
random,90,0.14980846648142743,2,7,0,26,15,false
random,90,0.150320424725145,0,13,0,14,15,false
random,90,0.150320424725145,1,8,0,17,15,false
random,90,0.150320424725145,2,7,0,26,15,false
random,90,0.1508818960663572,0,12,0,15,15,false
random,90,0.1508818960663572,1,8,0,17,15,false
random,90,0.1508818960663572,2,7,0,26,15,false
random,90,0.15095740858938705,0,13,0,15,15,false
random,90,0.15095740858938705,1,8,0,17,15,false
random,90,0.15095740858938705,2,7,0,26,15,false
random,90,0.1516062925523899,0,13,0,15,15,false
random,90,0.1516062925523899,1,8,0,17,15,false
random,90,0.1516062925523899,2,6,0,27,15,false
random,90,0.15506280166972064,0,13,0,15,15,false
random,90,0.15506280166972064,1,9,0,17,15,false
random,90,0.15506280166972064,2,6,0,27,15,false
random,90,0.15547770102712488,0,12,0,16,15,false
random,90,0.15547770102712488,1,9,0,17,15,false
random,90,0.15547770102712488,2,6,0,27,15,false
random,90,0.15565360130296033,0,12,0,16,15,false
random,90,0.15565360130296033,1,10,0,17,15,false
random,90,0.15565360130296033,2,6,0,27,15,false
random,90,0.15674978762630803,0,12,0,16,15,false
random,90,0.15674978762630803,1,10,0,17,15,false
random,90,0.15674978762630803,2,5,0,28,15,false
random,90,0.15724574383561535,0,11,0,17,15,false
random,90,0.15724574383561535,1,10,0,17,15,false
random,90,0.15724574383561535,2,5,0,28,15,false
random,90,0.15807498690626415,0,11,0,17,15,false
random,90,0.15807498690626415,1,9,0,18,15,false
random,90,0.15807498690626415,2,5,0,28,15,false
random,90,0.15848190324213307,0,11,0,17,15,false
random,90,0.15848190324213307,1,8,0,19,15,false
random,90,0.15848190324213307,2,5,0,28,15,false
random,90,0.1597829312489965,0,11,0,17,15,false
random,90,0.1597829312489965,1,8,0,19,15,false
random,90,0.1597829312489965,2,4,0,29,15,false
random,90,0.16074126424023416,0,12,0,17,15,false
random,90,0.16074126424023416,1,8,0,19,15,false
random,90,0.16074126424023416,2,4,0,29,15,false
random,90,0.16079176230370928,0,12,0,17,15,false
random,90,0.16079176230370928,1,7,0,20,15,false
random,90,0.16079176230370928,2,4,0,29,15,false
random,90,0.16114348041645923,0,12,0,17,15,false
random,90,0.16114348041645923,1,8,0,20,15,false
random,90,0.16114348041645923,2,4,0,29,15,false
random,90,0.1622521153487674,0,12,0,17,15,false
random,90,0.1622521153487674,1,7,0,21,15,false
random,90,0.1622521153487674,2,4,0,29,15,false
random,90,0.16332959659633178,0,11,0,18,15,false
random,90,0.16332959659633178,1,7,0,21,15,false
random,90,0.16332959659633178,2,4,0,29,15,false
random,90,0.16440655888410188,0,10,0,19,15,false
random,90,0.16440655888410188,1,7,0,21,15,false
random,90,0.16440655888410188,2,4,0,29,15,false
random,90,0.16516028330456112,0,9,0,20,15,false
random,90,0.16516028330456112,1,7,0,21,15,false
random,90,0.16516028330456112,2,4,0,29,15,false
random,90,0.16588836179096805,0,9,0,20,15,false
random,90,0.16588836179096805,1,6,0,22,15,false
random,90,0.16588836179096805,2,4,0,29,15,false
random,90,0.1676330669047695,0,8,0,21,15,false
random,90,0.1676330669047695,1,6,0,22,15,false
random,90,0.1676330669047695,2,4,0,29,15,false
random,90,0.16836592521525057,0,7,0,22,15,false
random,90,0.16836592521525057,1,6,0,22,15,false
random,90,0.16836592521525057,2,4,0,29,15,false
random,90,0.16898793231197912,0,7,0,22,15,false
random,90,0.16898793231197912,1,5,0,23,15,false
random,90,0.16898793231197912,2,4,0,29,15,false
random,90,0.16947751517193296,0,7,0,22,15,false
random,90,0.16947751517193296,1,5,0,23,15,false
random,90,0.16947751517193296,2,3,0,30,15,false
random,90,0.16994732143729602,0,7,0,22,15,false
random,90,0.16994732143729602,1,4,0,24,15,false
random,90,0.16994732143729602,2,3,0,30,15,false
random,90,0.17120408977410417,0,7,0,22,15,false
random,90,0.17120408977410417,1,4,0,24,15,false
random,90,0.17120408977410417,2,2,0,31,15,false
random,90,0.17318498309929045,0,6,0,23,15,false
random,90,0.17318498309929045,1,4,0,24,15,false
random,90,0.17318498309929045,2,2,0,31,15,false
random,90,0.1743166351319007,0,5,0,24,15,false
random,90,0.1743166351319007,1,4,0,24,15,false
random,90,0.1743166351319007,2,2,0,31,15,false
random,90,0.17534633238834618,0,5,0,24,15,false
random,90,0.17534633238834618,1,4,0,24,15,false
random,90,0.17534633238834618,2,1,0,32,15,false
random,90,0.17697331899917967,0,5,0,24,15,false
random,90,0.17697331899917967,1,4,0,24,15,false
random,90,0.17697331899917967,2,0,0,33,15,false
random,90,0.1848863669559822,0,4,0,25,15,false
random,90,0.1848863669559822,1,4,0,24,15,false
random,90,0.1848863669559822,2,0,0,33,15,false
random,90,0.18855074277320005,0,3,0,26,15,false
random,90,0.18855074277320005,1,4,0,24,15,false
random,90,0.18855074277320005,2,0,0,33,15,false
random,90,0.1891439746185532,0,2,0,27,15,false
random,90,0.1891439746185532,1,4,0,24,15,false
random,90,0.1891439746185532,2,0,0,33,15,false
random,90,0.19662199834337485,0,2,0,27,15,false
random,90,0.19662199834337485,1,3,0,25,15,false
random,90,0.19662199834337485,2,0,0,33,15,false
random,90,0.20095740858938704,0,1,0,28,15,false
random,90,0.20095740858938704,1,3,0,25,15,false
random,90,0.20095740858938704,2,0,0,33,15,false
random,90,0.20506280166972063,0,1,0,28,15,false
random,90,0.20506280166972063,1,2,0,26,15,false
random,90,0.20506280166972063,2,0,0,33,15,false
random,90,0.20565360130296034,0,1,0,28,15,false
random,90,0.20565360130296034,1,1,0,27,15,false
random,90,0.20565360130296034,2,0,0,33,15,false
random,90,0.21074126424023415,0,0,0,29,15,false
random,90,0.21074126424023415,1,1,0,27,15,false
random,90,0.21074126424023415,2,0,0,33,15,false
random,90,0.21114348041645925,0,0,0,29,15,false
random,90,0.21114348041645925,1,0,0,28,15,false
random,90,0.21114348041645925,2,0,0,33,15,false
random,90,200,0,0,0,29,15,false
random,90,200,1,0,0,28,15,false
random,90,200,2,0,0,33,15,false
random,120,0,0,0,0,0,15,false
random,120,0,1,0,0,0,15,false
random,120,0,2,0,0,0,15,false
random,120,0.00047560221570713156,0,0,0,0,15,false
random,120,0.00047560221570713156,1,1,0,0,15,false
random,120,0.00047560221570713156,2,0,0,0,15,false
random,120,0.0008902427749516396,0,0,0,0,15,false
random,120,0.0008902427749516396,1,2,0,0,15,false
random,120,0.0008902427749516396,2,0,0,0,15,false
random,120,0.0013722074854747184,0,0,0,0,15,false
random,120,0.0013722074854747184,1,3,0,0,15,false
random,120,0.0013722074854747184,2,0,0,0,15,false
random,120,0.0017782751330687216,0,0,0,0,15,false
random,120,0.0017782751330687216,1,4,0,0,15,false
random,120,0.0017782751330687216,2,0,0,0,15,false
random,120,0.003214286128703037,0,0,0,0,15,false
random,120,0.003214286128703037,1,5,0,0,15,false
random,120,0.003214286128703037,2,0,0,0,15,false
random,120,0.005260618493134087,0,0,0,0,15,false
random,120,0.005260618493134087,1,6,0,0,15,false
random,120,0.005260618493134087,2,0,0,0,15,false
random,120,0.010651850288263225,0,0,0,0,15,false
random,120,0.010651850288263225,1,7,0,0,15,false
random,120,0.010651850288263225,2,0,0,0,15,false
random,120,0.01155386339501664,0,1,0,0,15,false
random,120,0.01155386339501664,1,7,0,0,15,false
random,120,0.01155386339501664,2,0,0,0,15,false
random,120,0.01199460060990481,0,1,0,0,15,false
random,120,0.01199460060990481,1,8,0,0,15,false
random,120,0.01199460060990481,2,0,0,0,15,false
random,120,0.012749264169679694,0,1,0,0,15,false
random,120,0.012749264169679694,1,9,0,0,15,false
random,120,0.012749264169679694,2,0,0,0,15,false
random,120,0.013394580853196766,0,2,0,0,15,false
random,120,0.013394580853196766,1,9,0,0,15,false
random,120,0.013394580853196766,2,0,0,0,15,false
random,120,0.01431948133422595,0,3,0,0,15,false
random,120,0.01431948133422595,1,9,0,0,15,false
random,120,0.01431948133422595,2,0,0,0,15,false
random,120,0.014786596736160703,0,3,0,0,15,false
random,120,0.014786596736160703,1,10,0,0,15,false
random,120,0.014786596736160703,2,0,0,0,15,false
random,120,0.01525819780879265,0,3,0,0,15,false
random,120,0.01525819780879265,1,10,0,0,15,false
random,120,0.01525819780879265,2,1,0,0,15,false
random,120,0.015736757832716684,0,3,0,0,15,false
random,120,0.015736757832716684,1,11,0,0,15,false
random,120,0.015736757832716684,2,1,0,0,15,false
random,120,0.018201794392802277,0,3,0,0,15,false
random,120,0.018201794392802277,1,12,0,0,15,false
random,120,0.018201794392802277,2,1,0,0,15,false
random,120,0.018832388565872497,0,3,0,0,15,false
random,120,0.018832388565872497,1,13,0,0,15,false
random,120,0.018832388565872497,2,1,0,0,15,false
random,120,0.021310737174254895,0,3,0,0,15,false
random,120,0.021310737174254895,1,14,0,0,15,false
random,120,0.021310737174254895,2,1,0,0,15,false
random,120,0.021826769192502406,0,4,0,0,15,false
random,120,0.021826769192502406,1,14,0,0,15,false
random,120,0.021826769192502406,2,1,0,0,15,false
random,120,0.02297929492186218,0,5,0,0,15,false
random,120,0.02297929492186218,1,14,0,0,15,false
random,120,0.02297929492186218,2,1,0,0,15,false
random,120,0.023416254191839687,0,5,0,0,15,false
random,120,0.023416254191839687,1,14,0,0,15,false
random,120,0.023416254191839687,2,2,0,0,15,false
random,120,0.02444234738395824,0,5,0,0,15,false
random,120,0.02444234738395824,1,15,0,0,15,false
random,120,0.02444234738395824,2,2,0,0,15,false
random,120,0.025232240282239044,0,5,0,0,15,false
random,120,0.025232240282239044,1,15,1,0,15,false
random,120,0.025232240282239044,2,2,0,0,15,false
random,120,0.02818950751284326,0,5,0,0,15,false
random,120,0.02818950751284326,1,15,2,0,15,false
random,120,0.02818950751284326,2,2,0,0,15,false
random,120,0.028781443727169634,0,5,0,0,15,false
random,120,0.028781443727169634,1,15,3,0,15,false
random,120,0.028781443727169634,2,2,0,0,15,false
random,120,0.030947751623535316,0,5,0,0,15,false
random,120,0.030947751623535316,1,15,3,0,15,false
random,120,0.030947751623535316,2,3,0,0,15,false
random,120,0.03174922174626459,0,5,0,0,15,false
random,120,0.03174922174626459,1,15,3,0,15,false
random,120,0.03174922174626459,2,4,0,0,15,false
random,120,0.03221762698880368,0,5,0,0,15,false
random,120,0.03221762698880368,1,15,4,0,15,false
random,120,0.03221762698880368,2,4,0,0,15,false
random,120,0.032836425858379065,0,5,0,0,15,false
random,120,0.032836425858379065,1,15,4,0,15,false
random,120,0.032836425858379065,2,5,0,0,15,false
random,120,0.03326024506189888,0,5,0,0,15,false
random,120,0.03326024506189888,1,15,4,0,15,false
random,120,0.03326024506189888,2,6,0,0,15,false
random,120,0.034540544190313355,0,5,0,0,15,false
random,120,0.034540544190313355,1,15,4,0,15,false
random,120,0.034540544190313355,2,7,0,0,15,false
random,120,0.03513681438693138,0,6,0,0,15,false
random,120,0.03513681438693138,1,15,4,0,15,false
random,120,0.03513681438693138,2,7,0,0,15,false
random,120,0.035641835318051936,0,6,0,0,15,false
random,120,0.035641835318051936,1,15,5,0,15,false
random,120,0.035641835318051936,2,7,0,0,15,false
random,120,0.03662978830951366,0,6,0,0,15,false
random,120,0.03662978830951366,1,15,5,0,15,false
random,120,0.03662978830951366,2,8,0,0,15,false
random,120,0.03760079910383589,0,6,0,0,15,false
random,120,0.03760079910383589,1,15,6,0,15,false
random,120,0.03760079910383589,2,8,0,0,15,false
random,120,0.03853183822154585,0,6,0,0,15,false
random,120,0.03853183822154585,1,15,6,0,15,false
random,120,0.03853183822154585,2,9,0,0,15,false
random,120,0.039864328821396906,0,6,0,0,15,false
random,120,0.039864328821396906,1,15,6,0,15,false
random,120,0.039864328821396906,2,10,0,0,15,false
random,120,0.040449490583286424,0,7,0,0,15,false
random,120,0.040449490583286424,1,15,6,0,15,false
random,120,0.040449490583286424,2,10,0,0,15,false
random,120,0.041013210010879986,0,7,0,0,15,false
random,120,0.041013210010879986,1,15,6,0,15,false
random,120,0.041013210010879986,2,11,0,0,15,false
random,120,0.041556294717882046,0,7,0,0,15,false
random,120,0.041556294717882046,1,15,7,0,15,false
random,120,0.041556294717882046,2,11,0,0,15,false
random,120,0.04260791229707535,0,7,0,0,15,false
random,120,0.04260791229707535,1,15,8,0,15,false
random,120,0.04260791229707535,2,11,0,0,15,false
random,120,0.04329335430153252,0,8,0,0,15,false
random,120,0.04329335430153252,1,15,8,0,15,false
random,120,0.04329335430153252,2,11,0,0,15,false
random,120,0.044133159931770014,0,9,0,0,15,false
random,120,0.044133159931770014,1,15,8,0,15,false
random,120,0.044133159931770014,2,11,0,0,15,false
random,120,0.04468520310943064,0,9,0,0,15,false
random,120,0.04468520310943064,1,15,9,0,15,false
random,120,0.04468520310943064,2,11,0,0,15,false
random,120,0.04537031555832504,0,9,0,0,15,false
random,120,0.04537031555832504,1,15,10,0,15,false
random,120,0.04537031555832504,2,11,0,0,15,false
random,120,0.045777526872492855,0,10,0,0,15,false
random,120,0.045777526872492855,1,15,10,0,15,false
random,120,0.045777526872492855,2,11,0,0,15,false
random,120,0.046250614263669644,0,10,0,0,15,false
random,120,0.046250614263669644,1,15,10,0,15,false
random,120,0.046250614263669644,2,12,0,0,15,false
random,120,0.04725380676489505,0,10,0,0,15,false
random,120,0.04725380676489505,1,15,11,0,15,false
random,120,0.04725380676489505,2,12,0,0,15,false
random,120,0.04793619946445053,0,11,0,0,15,false
random,120,0.04793619946445053,1,15,11,0,15,false
random,120,0.04793619946445053,2,12,0,0,15,false
random,120,0.04849007582124022,0,12,0,0,15,false
random,120,0.04849007582124022,1,15,11,0,15,false
random,120,0.04849007582124022,2,12,0,0,15,false
random,120,0.050475602215707134,0,12,0,0,15,false
random,120,0.050475602215707134,1,15,10,1,15,false
random,120,0.050475602215707134,2,12,0,0,15,false
random,120,0.05089024277495164,0,12,0,0,15,false
random,120,0.05089024277495164,1,15,9,2,15,false
random,120,0.05089024277495164,2,12,0,0,15,false
random,120,0.05094320770347008,0,13,0,0,15,false
random,120,0.05094320770347008,1,15,9,2,15,false
random,120,0.05094320770347008,2,12,0,0,15,false
random,120,0.05137220748547472,0,13,0,0,15,false
random,120,0.05137220748547472,1,15,8,3,15,false
random,120,0.05137220748547472,2,12,0,0,15,false
random,120,0.05177827513306872,0,13,0,0,15,false
random,120,0.05177827513306872,1,15,7,4,15,false
random,120,0.05177827513306872,2,12,0,0,15,false
random,120,0.05182321212133679,0,13,0,0,15,false
random,120,0.05182321212133679,1,15,8,4,15,false
random,120,0.05182321212133679,2,12,0,0,15,false
random,120,0.05237604674988619,0,13,0,0,15,false
random,120,0.05237604674988619,1,15,9,4,15,false
random,120,0.05237604674988619,2,12,0,0,15,false
random,120,0.052903365088782676,0,13,0,0,15,false
random,120,0.052903365088782676,1,15,10,4,15,false
random,120,0.052903365088782676,2,12,0,0,15,false
random,120,0.05321428612870304,0,13,0,0,15,false
random,120,0.05321428612870304,1,15,9,5,15,false
random,120,0.05321428612870304,2,12,0,0,15,false
random,120,0.05331170011012059,0,13,0,0,15,false
random,120,0.05331170011012059,1,15,10,5,15,false
random,120,0.05331170011012059,2,12,0,0,15,false
random,120,0.053807780203692195,0,14,0,0,15,false
random,120,0.053807780203692195,1,15,10,5,15,false
random,120,0.053807780203692195,2,12,0,0,15,false
random,120,0.05450050879276619,0,14,0,0,15,false
random,120,0.05450050879276619,1,15,11,5,15,false
random,120,0.05450050879276619,2,12,0,0,15,false
random,120,0.055137775446666995,0,14,0,0,15,false
random,120,0.055137775446666995,1,15,12,5,15,false
random,120,0.055137775446666995,2,12,0,0,15,false
random,120,0.05526061849313409,0,14,0,0,15,false
random,120,0.05526061849313409,1,15,11,6,15,false
random,120,0.05526061849313409,2,12,0,0,15,false
random,120,0.055853725034559314,0,14,0,0,15,false
random,120,0.055853725034559314,1,15,11,6,15,false
random,120,0.055853725034559314,2,13,0,0,15,false
random,120,0.05723807364168335,0,15,0,0,15,false
random,120,0.05723807364168335,1,15,11,6,15,false
random,120,0.05723807364168335,2,13,0,0,15,false
random,120,0.057741844980607394,0,15,1,0,15,false
random,120,0.057741844980607394,1,15,11,6,15,false
random,120,0.057741844980607394,2,13,0,0,15,false
random,120,0.05818217358087175,0,15,2,0,15,false
random,120,0.05818217358087175,1,15,11,6,15,false
random,120,0.05818217358087175,2,13,0,0,15,false
random,120,0.05878613882616086,0,15,2,0,15,false
random,120,0.05878613882616086,1,15,11,6,15,false
random,120,0.05878613882616086,2,14,0,0,15,false
random,120,0.059873495173939126,0,15,2,0,15,false
random,120,0.059873495173939126,1,15,12,6,15,false
random,120,0.059873495173939126,2,14,0,0,15,false
random,120,0.060323222912319514,0,15,2,0,15,false
random,120,0.060323222912319514,1,15,12,6,15,false
random,120,0.060323222912319514,2,15,0,0,15,false
random,120,0.060651850288263226,0,15,2,0,15,false
random,120,0.060651850288263226,1,15,11,7,15,false
random,120,0.060651850288263226,2,15,0,0,15,false
random,120,0.061553863395016645,0,15,1,1,15,false
random,120,0.061553863395016645,1,15,11,7,15,false
random,120,0.061553863395016645,2,15,0,0,15,false
random,120,0.061909133410924626,0,15,1,1,15,false
random,120,0.061909133410924626,1,15,12,7,15,false
random,120,0.061909133410924626,2,15,0,0,15,false
random,120,0.06199460060990481,0,15,1,1,15,false
random,120,0.06199460060990481,1,15,11,8,15,false
random,120,0.06199460060990481,2,15,0,0,15,false
random,120,0.062358918166867644,0,15,2,1,15,false
random,120,0.062358918166867644,1,15,11,8,15,false
random,120,0.062358918166867644,2,15,0,0,15,false
random,120,0.0627492641696797,0,15,2,1,15,false
random,120,0.0627492641696797,1,15,10,9,15,false
random,120,0.0627492641696797,2,15,0,0,15,false
random,120,0.06311085003903763,0,15,3,1,15,false
random,120,0.06311085003903763,1,15,10,9,15,false
random,120,0.06311085003903763,2,15,0,0,15,false
random,120,0.06339458085319677,0,15,2,2,15,false
random,120,0.06339458085319677,1,15,10,9,15,false
random,120,0.06339458085319677,2,15,0,0,15,false
random,120,0.06362917762523174,0,15,3,2,15,false
random,120,0.06362917762523174,1,15,10,9,15,false
random,120,0.06362917762523174,2,15,0,0,15,false
random,120,0.06411013084570018,0,15,3,2,15,false
random,120,0.06411013084570018,1,15,10,9,15,false
random,120,0.06411013084570018,2,15,1,0,15,false
random,120,0.06431948133422595,0,15,2,3,15,false
random,120,0.06431948133422595,1,15,10,9,15,false
random,120,0.06431948133422595,2,15,1,0,15,false
random,120,0.0647865967361607,0,15,2,3,15,false
random,120,0.0647865967361607,1,15,9,10,15,false
random,120,0.0647865967361607,2,15,1,0,15,false
random,120,0.06498729265634762,0,15,3,3,15,false
random,120,0.06498729265634762,1,15,9,10,15,false
random,120,0.06498729265634762,2,15,1,0,15,false
random,120,0.06525819780879265,0,15,3,3,15,false
random,120,0.06525819780879265,1,15,9,10,15,false
random,120,0.06525819780879265,2,15,0,1,15,false
random,120,0.06554010167316834,0,15,3,3,15,false
random,120,0.06554010167316834,1,15,10,10,15,false
random,120,0.06554010167316834,2,15,0,1,15,false
random,120,0.06573675783271668,0,15,3,3,15,false
random,120,0.06573675783271668,1,15,9,11,15,false
random,120,0.06573675783271668,2,15,0,1,15,false
random,120,0.06602304079701234,0,15,3,3,15,false
random,120,0.06602304079701234,1,15,9,11,15,false
random,120,0.06602304079701234,2,15,1,1,15,false
random,120,0.06657965880459253,0,15,4,3,15,false
random,120,0.06657965880459253,1,15,9,11,15,false
random,120,0.06657965880459253,2,15,1,1,15,false
random,120,0.06726940393752101,0,15,5,3,15,false
random,120,0.06726940393752101,1,15,9,11,15,false
random,120,0.06726940393752101,2,15,1,1,15,false
random,120,0.06820179439280227,0,15,5,3,15,false
random,120,0.06820179439280227,1,15,8,12,15,false
random,120,0.06820179439280227,2,15,1,1,15,false
random,120,0.06822637613526433,0,15,5,3,15,false
random,120,0.06822637613526433,1,15,8,12,15,false
random,120,0.06822637613526433,2,15,2,1,15,false
random,120,0.0688323885658725,0,15,5,3,15,false
random,120,0.0688323885658725,1,15,7,13,15,false
random,120,0.0688323885658725,2,15,2,1,15,false
random,120,0.06889609127499059,0,15,5,3,15,false
random,120,0.06889609127499059,1,15,8,13,15,false
random,120,0.06889609127499059,2,15,2,1,15,false
random,120,0.070355376299605,0,15,5,3,15,false
random,120,0.070355376299605,1,15,8,13,15,false
random,120,0.070355376299605,2,15,3,1,15,false
random,120,0.07094136033109713,0,15,6,3,15,false
random,120,0.07094136033109713,1,15,8,13,15,false
random,120,0.07094136033109713,2,15,3,1,15,false
random,120,0.0713107371742549,0,15,6,3,15,false
random,120,0.0713107371742549,1,15,7,14,15,false
random,120,0.0713107371742549,2,15,3,1,15,false
random,120,0.07145849819864279,0,15,6,3,15,false
random,120,0.07145849819864279,1,15,8,14,15,false
random,120,0.07145849819864279,2,15,3,1,15,false
random,120,0.07182676919250242,0,15,5,4,15,false
random,120,0.07182676919250242,1,15,8,14,15,false
random,120,0.07182676919250242,2,15,3,1,15,false
random,120,0.07197245359602389,0,15,6,4,15,false
random,120,0.07197245359602389,1,15,8,14,15,false
random,120,0.07197245359602389,2,15,3,1,15,false
random,120,0.07297929492186218,0,15,5,5,15,false
random,120,0.07297929492186218,1,15,8,14,15,false
random,120,0.07297929492186218,2,15,3,1,15,false
random,120,0.0734162541918397,0,15,5,5,15,false
random,120,0.0734162541918397,1,15,8,14,15,false
random,120,0.0734162541918397,2,15,2,2,15,false
random,120,0.07444234738395825,0,15,5,5,15,false
random,120,0.07444234738395825,1,15,7,15,15,false
random,120,0.07444234738395825,2,15,2,2,15,false
random,120,0.07507370230644443,0,15,5,5,15,false
random,120,0.07507370230644443,1,15,8,15,15,false
random,120,0.07507370230644443,2,15,2,2,15,false
random,120,0.07547742555088753,0,15,5,5,15,false
random,120,0.07547742555088753,1,15,9,15,15,false
random,120,0.07547742555088753,2,15,2,2,15,false
random,120,0.07609649816266857,0,15,5,5,15,false
random,120,0.07609649816266857,1,15,10,15,15,false
random,120,0.07609649816266857,2,15,2,2,15,false
random,120,0.08094775162353532,0,15,5,5,15,false
random,120,0.08094775162353532,1,15,10,15,15,false
random,120,0.08094775162353532,2,15,1,3,15,false
random,120,0.08174922174626459,0,15,5,5,15,false
random,120,0.08174922174626459,1,15,10,15,15,false
random,120,0.08174922174626459,2,15,0,4,15,false
random,120,0.08283642585837907,0,15,5,5,15,false
random,120,0.08283642585837907,1,15,10,15,15,false
random,120,0.08283642585837907,2,14,0,5,15,false
random,120,0.08326024506189889,0,15,5,5,15,false
random,120,0.08326024506189889,1,15,10,15,15,false
random,120,0.08326024506189889,2,13,0,6,15,false
random,120,0.08454054419031336,0,15,5,5,15,false
random,120,0.08454054419031336,1,15,10,15,15,false
random,120,0.08454054419031336,2,12,0,7,15,false
random,120,0.08513681438693138,0,15,4,6,15,false
random,120,0.08513681438693138,1,15,10,15,15,false
random,120,0.08513681438693138,2,12,0,7,15,false
random,120,0.08637485037404338,0,15,4,6,15,false
random,120,0.08637485037404338,1,15,11,15,15,false
random,120,0.08637485037404338,2,12,0,7,15,false
random,120,0.08662978830951366,0,15,4,6,15,false
random,120,0.08662978830951366,1,15,11,15,15,false
random,120,0.08662978830951366,2,11,0,8,15,false
random,120,0.08732372910698645,0,15,5,6,15,false
random,120,0.08732372910698645,1,15,11,15,15,false
random,120,0.08732372910698645,2,11,0,8,15,false
random,120,0.08853183822154585,0,15,5,6,15,false
random,120,0.08853183822154585,1,15,11,15,15,false
random,120,0.08853183822154585,2,10,0,9,15,false
random,120,0.08862266493570733,0,15,6,6,15,false
random,120,0.08862266493570733,1,15,11,15,15,false
random,120,0.08862266493570733,2,10,0,9,15,false
random,120,0.08913921796567303,0,15,7,6,15,false
random,120,0.08913921796567303,1,15,11,15,15,false
random,120,0.08913921796567303,2,10,0,9,15,false
random,120,0.08986432882139692,0,15,7,6,15,false
random,120,0.08986432882139692,1,15,11,15,15,false
random,120,0.08986432882139692,2,9,0,10,15,false
random,120,0.09043937324137225,0,15,7,6,15,false
random,120,0.09043937324137225,1,15,12,15,15,false
random,120,0.09043937324137225,2,9,0,10,15,false
random,120,0.09044949058328643,0,15,6,7,15,false
random,120,0.09044949058328643,1,15,12,15,15,false
random,120,0.09044949058328643,2,9,0,10,15,false
random,120,0.09097096557742064,0,15,6,7,15,false
random,120,0.09097096557742064,1,15,12,15,15,false
random,120,0.09097096557742064,2,10,0,10,15,false
random,120,0.09101321001087999,0,15,6,7,15,false
random,120,0.09101321001087999,1,15,12,15,15,false
random,120,0.09101321001087999,2,9,0,11,15,false
random,120,0.09150229948040252,0,15,7,7,15,false
random,120,0.09150229948040252,1,15,12,15,15,false
random,120,0.09150229948040252,2,9,0,11,15,false
random,120,0.09329335430153252,0,15,6,8,15,false
random,120,0.09329335430153252,1,15,12,15,15,false
random,120,0.09329335430153252,2,9,0,11,15,false
random,120,0.09349883388372372,0,15,6,8,15,false
random,120,0.09349883388372372,1,15,13,15,15,false
random,120,0.09349883388372372,2,9,0,11,15,false
random,120,0.09394608792258285,0,15,7,8,15,false
random,120,0.09394608792258285,1,15,13,15,15,false
random,120,0.09394608792258285,2,9,0,11,15,false
random,120,0.09413315993177002,0,15,6,9,15,false
random,120,0.09413315993177002,1,15,13,15,15,false
random,120,0.09413315993177002,2,9,0,11,15,false
random,120,0.09446614807596758,0,15,6,9,15,false
random,120,0.09446614807596758,1,15,13,15,15,false
random,120,0.09446614807596758,2,10,0,11,15,false
random,120,0.09577752687249286,0,15,5,10,15,false
random,120,0.09577752687249286,1,15,13,15,15,false
random,120,0.09577752687249286,2,10,0,11,15,false
random,120,0.09625061426366965,0,15,5,10,15,false
random,120,0.09625061426366965,1,15,13,15,15,false
random,120,0.09625061426366965,2,9,0,12,15,false
random,120,0.09793619946445054,0,15,4,11,15,false
random,120,0.09793619946445054,1,15,13,15,15,false
random,120,0.09793619946445054,2,9,0,12,15,false
random,120,0.09849007582124022,0,15,3,12,15,false
random,120,0.09849007582124022,1,15,13,15,15,false
random,120,0.09849007582124022,2,9,0,12,15,false
random,120,0.10047560221570714,0,15,3,12,15,false
random,120,0.10047560221570714,1,15,12,16,15,false
random,120,0.10047560221570714,2,9,0,12,15,false
random,120,0.10089024277495165,0,15,3,12,15,false
random,120,0.10089024277495165,1,15,11,17,15,false
random,120,0.10089024277495165,2,9,0,12,15,false
random,120,0.10094320770347008,0,15,2,13,15,false
random,120,0.10094320770347008,1,15,11,17,15,false
random,120,0.10094320770347008,2,9,0,12,15,false
random,120,0.10137220748547472,0,15,2,13,15,false
random,120,0.10137220748547472,1,15,10,18,15,false
random,120,0.10137220748547472,2,9,0,12,15,false
random,120,0.10177827513306872,0,15,2,13,15,false
random,120,0.10177827513306872,1,15,9,19,15,false
random,120,0.10177827513306872,2,9,0,12,15,false
random,120,0.10321428612870304,0,15,2,13,15,false
random,120,0.10321428612870304,1,15,8,20,15,false
random,120,0.10321428612870304,2,9,0,12,15,false
random,120,0.10380778020369219,0,15,1,14,15,false
random,120,0.10380778020369219,1,15,8,20,15,false
random,120,0.10380778020369219,2,9,0,12,15,false
random,120,0.10526061849313409,0,15,1,14,15,false
random,120,0.10526061849313409,1,15,7,21,15,false
random,120,0.10526061849313409,2,9,0,12,15,false
random,120,0.105763115385583,0,15,2,14,15,false
random,120,0.105763115385583,1,15,7,21,15,false
random,120,0.105763115385583,2,9,0,12,15,false
random,120,0.10585372503455931,0,15,2,14,15,false
random,120,0.10585372503455931,1,15,7,21,15,false
random,120,0.10585372503455931,2,8,0,13,15,false
random,120,0.10624639754007474,0,15,2,14,15,false
random,120,0.10624639754007474,1,15,7,21,15,false
random,120,0.10624639754007474,2,9,0,13,15,false
random,120,0.10664769853196561,0,15,2,14,15,false
random,120,0.10664769853196561,1,15,8,21,15,false
random,120,0.10664769853196561,2,9,0,13,15,false
random,120,0.10723807364168336,0,15,1,15,15,false
random,120,0.10723807364168336,1,15,8,21,15,false
random,120,0.10723807364168336,2,9,0,13,15,false
random,120,0.10878613882616087,0,15,1,15,15,false
random,120,0.10878613882616087,1,15,8,21,15,false
random,120,0.10878613882616087,2,8,0,14,15,false
random,120,0.11000378087662906,0,15,2,15,15,false
random,120,0.11000378087662906,1,15,8,21,15,false
random,120,0.11000378087662906,2,8,0,14,15,false
random,120,0.11032322291231952,0,15,2,15,15,false
random,120,0.11032322291231952,1,15,8,21,15,false
random,120,0.11032322291231952,2,7,0,15,15,false
random,120,0.11045690261230888,0,15,3,15,15,false
random,120,0.11045690261230888,1,15,8,21,15,false
random,120,0.11045690261230888,2,7,0,15,15,false
random,120,0.11065185028826323,0,15,3,15,15,false
random,120,0.11065185028826323,1,15,7,22,15,false
random,120,0.11065185028826323,2,7,0,15,15,false
random,120,0.11155386339501665,0,15,2,16,15,false
random,120,0.11155386339501665,1,15,7,22,15,false
random,120,0.11155386339501665,2,7,0,15,15,false
random,120,0.11199460060990482,0,15,2,16,15,false
random,120,0.11199460060990482,1,15,6,23,15,false
random,120,0.11199460060990482,2,7,0,15,15,false
random,120,0.1127492641696797,0,15,2,16,15,false
random,120,0.1127492641696797,1,15,5,24,15,false
random,120,0.1127492641696797,2,7,0,15,15,false
random,120,0.11292019665445283,0,15,3,16,15,false
random,120,0.11292019665445283,1,15,5,24,15,false
random,120,0.11292019665445283,2,7,0,15,15,false
random,120,0.11339458085319677,0,15,2,17,15,false
random,120,0.11339458085319677,1,15,5,24,15,false
random,120,0.11339458085319677,2,7,0,15,15,false
random,120,0.11431948133422595,0,15,1,18,15,false
random,120,0.11431948133422595,1,15,5,24,15,false
random,120,0.11431948133422595,2,7,0,15,15,false
random,120,0.1147865967361607,0,15,1,18,15,false
random,120,0.1147865967361607,1,15,4,25,15,false
random,120,0.1147865967361607,2,7,0,15,15,false
random,120,0.11525819780879265,0,15,1,18,15,false
random,120,0.11525819780879265,1,15,4,25,15,false
random,120,0.11525819780879265,2,6,0,16,15,false
random,120,0.11573675783271668,0,15,1,18,15,false
random,120,0.11573675783271668,1,15,3,26,15,false
random,120,0.11573675783271668,2,6,0,16,15,false
random,120,0.11820179439280228,0,15,1,18,15,false
random,120,0.11820179439280228,1,15,2,27,15,false
random,120,0.11820179439280228,2,6,0,16,15,false
random,120,0.11838675543673033,0,15,2,18,15,false
random,120,0.11838675543673033,1,15,2,27,15,false
random,120,0.11838675543673033,2,6,0,16,15,false
random,120,0.1188323885658725,0,15,2,18,15,false
random,120,0.1188323885658725,1,15,1,28,15,false
random,120,0.1188323885658725,2,6,0,16,15,false
random,120,0.11910871680568669,0,15,2,18,15,false
random,120,0.11910871680568669,1,15,2,28,15,false
random,120,0.11910871680568669,2,6,0,16,15,false
random,120,0.11968490136945226,0,15,2,18,15,false
random,120,0.11968490136945226,1,15,2,28,15,false
random,120,0.11968490136945226,2,7,0,16,15,false
random,120,0.12092864114272762,0,15,2,18,15,false
random,120,0.12092864114272762,1,15,3,28,15,false
random,120,0.12092864114272762,2,7,0,16,15,false
random,120,0.1213107371742549,0,15,2,18,15,false
random,120,0.1213107371742549,1,15,2,29,15,false
random,120,0.1213107371742549,2,7,0,16,15,false
random,120,0.12182676919250242,0,15,1,19,15,false
random,120,0.12182676919250242,1,15,2,29,15,false
random,120,0.12182676919250242,2,7,0,16,15,false
random,120,0.12297929492186219,0,15,0,20,15,false
random,120,0.12297929492186219,1,15,2,29,15,false
random,120,0.12297929492186219,2,7,0,16,15,false
random,120,0.1234162541918397,0,15,0,20,15,false
random,120,0.1234162541918397,1,15,2,29,15,false
random,120,0.1234162541918397,2,6,0,17,15,false
random,120,0.12424896751278554,0,15,0,20,15,false
random,120,0.12424896751278554,1,15,3,29,15,false
random,120,0.12424896751278554,2,6,0,17,15,false
random,120,0.12444234738395825,0,15,0,20,15,false
random,120,0.12444234738395825,1,15,2,30,15,false
random,120,0.12444234738395825,2,6,0,17,15,false
random,120,0.12470651196118596,0,15,0,20,15,false
random,120,0.12470651196118596,1,15,3,30,15,false
random,120,0.12470651196118596,2,6,0,17,15,false
random,120,0.1252646151798518,0,15,0,20,15,false
random,120,0.1252646151798518,1,15,4,30,15,false
random,120,0.1252646151798518,2,6,0,17,15,false
random,120,0.12570241438892735,0,15,1,20,15,false
random,120,0.12570241438892735,1,15,4,30,15,false
random,120,0.12570241438892735,2,6,0,17,15,false
random,120,0.12894085327481442,0,15,2,20,15,false
random,120,0.12894085327481442,1,15,4,30,15,false
random,120,0.12894085327481442,2,6,0,17,15,false
random,120,0.1294609373269934,0,15,3,20,15,false
random,120,0.1294609373269934,1,15,4,30,15,false
random,120,0.1294609373269934,2,6,0,17,15,false
random,120,0.13004135914744488,0,15,3,20,15,false
random,120,0.13004135914744488,1,15,4,30,15,false
random,120,0.13004135914744488,2,7,0,17,15,false
random,120,0.13094775162353534,0,15,3,20,15,false
random,120,0.13094775162353534,1,15,4,30,15,false
random,120,0.13094775162353534,2,6,0,18,15,false
random,120,0.13174922174626458,0,15,3,20,15,false
random,120,0.13174922174626458,1,15,4,30,15,false
random,120,0.13174922174626458,2,5,0,19,15,false
random,120,0.13244016344686127,0,15,3,20,15,false
random,120,0.13244016344686127,1,15,5,30,15,false
random,120,0.13244016344686127,2,5,0,19,15,false
random,120,0.1330174591641171,0,15,3,20,15,false
random,120,0.1330174591641171,1,15,5,30,15,false
random,120,0.1330174591641171,2,6,0,19,15,false
random,120,0.13380083515614485,0,15,4,20,15,false
random,120,0.13380083515614485,1,15,5,30,15,false
random,120,0.13380083515614485,2,6,0,19,15,false
random,120,0.13448973211511323,0,15,5,20,15,false
random,120,0.13448973211511323,1,15,5,30,15,false
random,120,0.13448973211511323,2,6,0,19,15,false
random,120,0.13513681438693137,0,15,4,21,15,false
random,120,0.13513681438693137,1,15,5,30,15,false
random,120,0.13513681438693137,2,6,0,19,15,false
random,120,0.13911854286666442,0,15,4,21,15,false
random,120,0.13911854286666442,1,15,6,30,15,false
random,120,0.13911854286666442,2,6,0,19,15,false
random,120,0.13954486071031647,0,15,4,21,15,false
random,120,0.13954486071031647,1,15,7,30,15,false
random,120,0.13954486071031647,2,6,0,19,15,false
random,120,0.14044949058328643,0,15,3,22,15,false
random,120,0.14044949058328643,1,15,7,30,15,false
random,120,0.14044949058328643,2,6,0,19,15,false
random,120,0.14061886943545096,0,15,4,22,15,false
random,120,0.14061886943545096,1,15,7,30,15,false
random,120,0.14061886943545096,2,6,0,19,15,false
random,120,0.14097096557742064,0,15,4,22,15,false
random,120,0.14097096557742064,1,15,7,30,15,false
random,120,0.14097096557742064,2,5,0,20,15,false
random,120,0.1411413094703914,0,15,4,22,15,false
random,120,0.1411413094703914,1,15,8,30,15,false
random,120,0.1411413094703914,2,5,0,20,15,false
random,120,0.1432933543015325,0,15,3,23,15,false
random,120,0.1432933543015325,1,15,8,30,15,false
random,120,0.1432933543015325,2,5,0,20,15,false
random,120,0.14341043888971647,0,15,3,23,15,false
random,120,0.14341043888971647,1,15,8,30,15,false
random,120,0.14341043888971647,2,6,0,20,15,false
random,120,0.14413315993177,0,15,2,24,15,false
random,120,0.14413315993177,1,15,8,30,15,false
random,120,0.14413315993177,2,6,0,20,15,false
random,120,0.14446614807596758,0,15,2,24,15,false
random,120,0.14446614807596758,1,15,8,30,15,false
random,120,0.14446614807596758,2,5,0,21,15,false
random,120,0.14577752687249285,0,15,1,25,15,false
random,120,0.14577752687249285,1,15,8,30,15,false
random,120,0.14577752687249285,2,5,0,21,15,false
random,120,0.14793619946445052,0,15,0,26,15,false
random,120,0.14793619946445052,1,15,8,30,15,false
random,120,0.14793619946445052,2,5,0,21,15,false
random,120,0.14849007582124024,0,14,0,27,15,false
random,120,0.14849007582124024,1,15,8,30,15,false
random,120,0.14849007582124024,2,5,0,21,15,false
random,120,0.15047560221570716,0,14,0,27,15,false
random,120,0.15047560221570716,1,15,7,31,15,false
random,120,0.15047560221570716,2,5,0,21,15,false
random,120,0.15089024277495167,0,14,0,27,15,false
random,120,0.15089024277495167,1,15,6,32,15,false
random,120,0.15089024277495167,2,5,0,21,15,false
random,120,0.15094320770347008,0,13,0,28,15,false
random,120,0.15094320770347008,1,15,6,32,15,false
random,120,0.15094320770347008,2,5,0,21,15,false
random,120,0.15137220748547472,0,13,0,28,15,false
random,120,0.15137220748547472,1,15,5,33,15,false
random,120,0.15137220748547472,2,5,0,21,15,false
random,120,0.15177827513306874,0,13,0,28,15,false
random,120,0.15177827513306874,1,15,4,34,15,false
random,120,0.15177827513306874,2,5,0,21,15,false
random,120,0.15321428612870303,0,13,0,28,15,false
random,120,0.15321428612870303,1,15,3,35,15,false
random,120,0.15321428612870303,2,5,0,21,15,false
random,120,0.15380778020369218,0,12,0,29,15,false
random,120,0.15380778020369218,1,15,3,35,15,false
random,120,0.15380778020369218,2,5,0,21,15,false
random,120,0.1552606184931341,0,12,0,29,15,false
random,120,0.1552606184931341,1,15,2,36,15,false
random,120,0.1552606184931341,2,5,0,21,15,false
random,120,0.15624639754007474,0,12,0,29,15,false
random,120,0.15624639754007474,1,15,2,36,15,false
random,120,0.15624639754007474,2,4,0,22,15,false
random,120,0.15723807364168335,0,11,0,30,15,false
random,120,0.15723807364168335,1,15,2,36,15,false
random,120,0.15723807364168335,2,4,0,22,15,false
random,120,0.16065185028826323,0,11,0,30,15,false
random,120,0.16065185028826323,1,15,1,37,15,false
random,120,0.16065185028826323,2,4,0,22,15,false
random,120,0.16155386339501665,0,10,0,31,15,false
random,120,0.16155386339501665,1,15,1,37,15,false
random,120,0.16155386339501665,2,4,0,22,15,false
random,120,0.16199460060990484,0,10,0,31,15,false
random,120,0.16199460060990484,1,15,0,38,15,false
random,120,0.16199460060990484,2,4,0,22,15,false
random,120,0.16274926416967972,0,10,0,31,15,false
random,120,0.16274926416967972,1,14,0,39,15,false
random,120,0.16274926416967972,2,4,0,22,15,false
random,120,0.16339458085319677,0,9,0,32,15,false
random,120,0.16339458085319677,1,14,0,39,15,false
random,120,0.16339458085319677,2,4,0,22,15,false
random,120,0.16431948133422597,0,8,0,33,15,false
random,120,0.16431948133422597,1,14,0,39,15,false
random,120,0.16431948133422597,2,4,0,22,15,false
random,120,0.1647865967361607,0,8,0,33,15,false
random,120,0.1647865967361607,1,13,0,40,15,false
random,120,0.1647865967361607,2,4,0,22,15,false
random,120,0.16573675783271669,0,8,0,33,15,false
random,120,0.16573675783271669,1,12,0,41,15,false
random,120,0.16573675783271669,2,4,0,22,15,false
random,120,0.16820179439280228,0,8,0,33,15,false
random,120,0.16820179439280228,1,11,0,42,15,false
random,120,0.16820179439280228,2,4,0,22,15,false
random,120,0.16883238856587252,0,8,0,33,15,false
random,120,0.16883238856587252,1,10,0,43,15,false
random,120,0.16883238856587252,2,4,0,22,15,false
random,120,0.16968490136945225,0,8,0,33,15,false
random,120,0.16968490136945225,1,10,0,43,15,false
random,120,0.16968490136945225,2,3,0,23,15,false
random,120,0.1713107371742549,0,8,0,33,15,false
random,120,0.1713107371742549,1,9,0,44,15,false
random,120,0.1713107371742549,2,3,0,23,15,false
random,120,0.17182676919250242,0,7,0,34,15,false
random,120,0.17182676919250242,1,9,0,44,15,false
random,120,0.17182676919250242,2,3,0,23,15,false
random,120,0.1729792949218622,0,6,0,35,15,false
random,120,0.1729792949218622,1,9,0,44,15,false
random,120,0.1729792949218622,2,3,0,23,15,false
random,120,0.17444234738395825,0,6,0,35,15,false
random,120,0.17444234738395825,1,8,0,45,15,false
random,120,0.17444234738395825,2,3,0,23,15,false
random,120,0.1800413591474449,0,6,0,35,15,false
random,120,0.1800413591474449,1,8,0,45,15,false
random,120,0.1800413591474449,2,2,0,24,15,false
random,120,0.1830174591641171,0,6,0,35,15,false
random,120,0.1830174591641171,1,8,0,45,15,false
random,120,0.1830174591641171,2,1,0,25,15,false
random,120,0.18513681438693136,0,5,0,36,15,false
random,120,0.18513681438693136,1,8,0,45,15,false
random,120,0.18513681438693136,2,1,0,25,15,false
random,120,0.19044949058328642,0,4,0,37,15,false
random,120,0.19044949058328642,1,8,0,45,15,false
random,120,0.19044949058328642,2,1,0,25,15,false
random,120,0.1932933543015325,0,3,0,38,15,false
random,120,0.1932933543015325,1,8,0,45,15,false
random,120,0.1932933543015325,2,1,0,25,15,false
random,120,0.19341043888971649,0,3,0,38,15,false
random,120,0.19341043888971649,1,8,0,45,15,false
random,120,0.19341043888971649,2,0,0,26,15,false
random,120,0.19413315993177,0,2,0,39,15,false
random,120,0.19413315993177,1,8,0,45,15,false
random,120,0.19413315993177,2,0,0,26,15,false
random,120,0.19577752687249284,0,1,0,40,15,false
random,120,0.19577752687249284,1,8,0,45,15,false
random,120,0.19577752687249284,2,0,0,26,15,false
random,120,0.1979361994644505,0,0,0,41,15,false
random,120,0.1979361994644505,1,8,0,45,15,false
random,120,0.1979361994644505,2,0,0,26,15,false
random,120,0.20047560221570715,0,0,0,41,15,false
random,120,0.20047560221570715,1,7,0,46,15,false
random,120,0.20047560221570715,2,0,0,26,15,false
random,120,0.20089024277495166,0,0,0,41,15,false
random,120,0.20089024277495166,1,6,0,47,15,false
random,120,0.20089024277495166,2,0,0,26,15,false
random,120,0.20137220748547474,0,0,0,41,15,false
random,120,0.20137220748547474,1,5,0,48,15,false
random,120,0.20137220748547474,2,0,0,26,15,false
random,120,0.20177827513306873,0,0,0,41,15,false
random,120,0.20177827513306873,1,4,0,49,15,false
random,120,0.20177827513306873,2,0,0,26,15,false
random,120,0.20321428612870301,0,0,0,41,15,false
random,120,0.20321428612870301,1,3,0,50,15,false
random,120,0.20321428612870301,2,0,0,26,15,false
random,120,0.2052606184931341,0,0,0,41,15,false
random,120,0.2052606184931341,1,2,0,51,15,false
random,120,0.2052606184931341,2,0,0,26,15,false
random,120,0.21065185028826322,0,0,0,41,15,false
random,120,0.21065185028826322,1,1,0,52,15,false
random,120,0.21065185028826322,2,0,0,26,15,false
random,120,0.21199460060990483,0,0,0,41,15,false
random,120,0.21199460060990483,1,0,0,53,15,false
random,120,0.21199460060990483,2,0,0,26,15,false
random,120,200,0,0,0,41,15,false
random,120,200,1,0,0,53,15,false
random,120,200,2,0,0,26,15,false
round_robin,30,0,0,0,0,0,15,false
round_robin,30,0,1,0,0,0,15,false
round_robin,30,0,2,0,0,0,15,false
round_robin,30,0.004636155086810613,0,1,0,0,15,false
round_robin,30,0.004636155086810613,1,0,0,0,15,false
round_robin,30,0.004636155086810613,2,0,0,0,15,false
round_robin,30,0.007564859049184251,0,1,0,0,15,false
round_robin,30,0.007564859049184251,1,1,0,0,15,false
round_robin,30,0.007564859049184251,2,0,0,0,15,false
round_robin,30,0.008191790280174732,0,1,0,0,15,false
round_robin,30,0.008191790280174732,1,1,0,0,15,false
round_robin,30,0.008191790280174732,2,1,0,0,15,false
round_robin,30,0.008768978582204785,0,2,0,0,15,false
round_robin,30,0.008768978582204785,1,1,0,0,15,false
round_robin,30,0.008768978582204785,2,1,0,0,15,false
round_robin,30,0.009280248446355487,0,2,0,0,15,false
round_robin,30,0.009280248446355487,1,2,0,0,15,false
round_robin,30,0.009280248446355487,2,1,0,0,15,false
round_robin,30,0.009684527011692165,0,2,0,0,15,false
round_robin,30,0.009684527011692165,1,2,0,0,15,false
round_robin,30,0.009684527011692165,2,2,0,0,15,false
round_robin,30,0.010443219503615514,0,3,0,0,15,false
round_robin,30,0.010443219503615514,1,2,0,0,15,false
round_robin,30,0.010443219503615514,2,2,0,0,15,false
round_robin,30,0.011278610831791982,0,3,0,0,15,false
round_robin,30,0.011278610831791982,1,3,0,0,15,false
round_robin,30,0.011278610831791982,2,2,0,0,15,false
round_robin,30,0.011749823986470856,0,3,0,0,15,false
round_robin,30,0.011749823986470856,1,3,0,0,15,false
round_robin,30,0.011749823986470856,2,3,0,0,15,false
round_robin,30,0.013282821652167254,0,4,0,0,15,false
round_robin,30,0.013282821652167254,1,3,0,0,15,false
round_robin,30,0.013282821652167254,2,3,0,0,15,false
round_robin,30,0.013715245994971195,0,4,0,0,15,false
round_robin,30,0.013715245994971195,1,4,0,0,15,false
round_robin,30,0.013715245994971195,2,3,0,0,15,false
round_robin,30,0.014162568653714949,0,4,0,0,15,false
round_robin,30,0.014162568653714949,1,4,0,0,15,false
round_robin,30,0.014162568653714949,2,4,0,0,15,false
round_robin,30,0.014906678010040055,0,5,0,0,15,false
round_robin,30,0.014906678010040055,1,4,0,0,15,false
round_robin,30,0.014906678010040055,2,4,0,0,15,false
round_robin,30,0.015422169959412818,0,5,0,0,15,false
round_robin,30,0.015422169959412818,1,5,0,0,15,false
round_robin,30,0.015422169959412818,2,4,0,0,15,false
round_robin,30,0.01659678687535566,0,5,0,0,15,false
round_robin,30,0.01659678687535566,1,5,0,0,15,false
round_robin,30,0.01659678687535566,2,5,0,0,15,false
round_robin,30,0.020787827987879766,0,6,0,0,15,false
round_robin,30,0.020787827987879766,1,5,0,0,15,false
round_robin,30,0.020787827987879766,2,5,0,0,15,false
round_robin,30,0.021231167920090038,0,6,0,0,15,false
round_robin,30,0.021231167920090038,1,6,0,0,15,false
round_robin,30,0.021231167920090038,2,5,0,0,15,false
round_robin,30,0.021670532197571323,0,6,0,0,15,false
round_robin,30,0.021670532197571323,1,6,0,0,15,false
round_robin,30,0.021670532197571323,2,6,0,0,15,false
round_robin,30,0.02310093202275697,0,7,0,0,15,false
round_robin,30,0.02310093202275697,1,6,0,0,15,false
round_robin,30,0.02310093202275697,2,6,0,0,15,false
round_robin,30,0.02383169234936098,0,7,0,0,15,false
round_robin,30,0.02383169234936098,1,7,0,0,15,false
round_robin,30,0.02383169234936098,2,6,0,0,15,false
round_robin,30,0.02468372912730966,0,7,0,0,15,false
round_robin,30,0.02468372912730966,1,7,0,0,15,false
round_robin,30,0.02468372912730966,2,7,0,0,15,false
round_robin,30,0.025206892791966178,0,8,0,0,15,false
round_robin,30,0.025206892791966178,1,7,0,0,15,false
round_robin,30,0.025206892791966178,2,7,0,0,15,false
round_robin,30,0.025912158380795594,0,8,0,0,15,false
round_robin,30,0.025912158380795594,1,8,0,0,15,false
round_robin,30,0.025912158380795594,2,7,0,0,15,false
round_robin,30,0.026600520226951814,0,8,0,0,15,false
round_robin,30,0.026600520226951814,1,8,0,0,15,false
round_robin,30,0.026600520226951814,2,8,0,0,15,false
round_robin,30,0.027525472823812947,0,9,0,0,15,false
round_robin,30,0.027525472823812947,1,8,0,0,15,false
round_robin,30,0.027525472823812947,2,8,0,0,15,false
round_robin,30,0.028396572818068268,0,9,0,0,15,false
round_robin,30,0.028396572818068268,1,9,0,0,15,false
round_robin,30,0.028396572818068268,2,8,0,0,15,false
round_robin,30,0.02935027299001948,0,9,0,0,15,false
round_robin,30,0.02935027299001948,1,9,0,0,15,false
round_robin,30,0.02935027299001948,2,9,0,0,15,false
round_robin,30,0.02978282349130135,0,10,0,0,15,false
round_robin,30,0.02978282349130135,1,9,0,0,15,false
round_robin,30,0.02978282349130135,2,9,0,0,15,false
round_robin,30,0.030390609353419678,0,10,0,0,15,false
round_robin,30,0.030390609353419678,1,10,0,0,15,false
round_robin,30,0.030390609353419678,2,9,0,0,15,false
round_robin,30,0.03085517224623099,0,10,0,0,15,false
round_robin,30,0.03085517224623099,1,10,0,0,15,false
round_robin,30,0.03085517224623099,2,10,0,0,15,false
round_robin,30,0.05463615508681061,0,9,0,1,15,false
round_robin,30,0.05463615508681061,1,10,0,0,15,false
round_robin,30,0.05463615508681061,2,10,0,0,15,false
round_robin,30,0.05756485904918425,0,9,0,1,15,false
round_robin,30,0.05756485904918425,1,9,0,1,15,false
round_robin,30,0.05756485904918425,2,10,0,0,15,false
round_robin,30,0.05819179028017474,0,9,0,1,15,false
round_robin,30,0.05819179028017474,1,9,0,1,15,false
round_robin,30,0.05819179028017474,2,9,0,1,15,false
round_robin,30,0.058768978582204784,0,8,0,2,15,false
round_robin,30,0.058768978582204784,1,9,0,1,15,false
round_robin,30,0.058768978582204784,2,9,0,1,15,false
round_robin,30,0.05928024844635549,0,8,0,2,15,false
round_robin,30,0.05928024844635549,1,8,0,2,15,false
round_robin,30,0.05928024844635549,2,9,0,1,15,false
round_robin,30,0.05968452701169217,0,8,0,2,15,false
round_robin,30,0.05968452701169217,1,8,0,2,15,false
round_robin,30,0.05968452701169217,2,8,0,2,15,false
round_robin,30,0.06044321950361552,0,7,0,3,15,false
round_robin,30,0.06044321950361552,1,8,0,2,15,false
round_robin,30,0.06044321950361552,2,8,0,2,15,false
round_robin,30,0.06127861083179199,0,7,0,3,15,false
round_robin,30,0.06127861083179199,1,7,0,3,15,false
round_robin,30,0.06127861083179199,2,8,0,2,15,false
round_robin,30,0.06174982398647086,0,7,0,3,15,false
round_robin,30,0.06174982398647086,1,7,0,3,15,false
round_robin,30,0.06174982398647086,2,7,0,3,15,false
round_robin,30,0.06328282165216725,0,6,0,4,15,false
round_robin,30,0.06328282165216725,1,7,0,3,15,false
round_robin,30,0.06328282165216725,2,7,0,3,15,false
round_robin,30,0.06371524599497119,0,6,0,4,15,false
round_robin,30,0.06371524599497119,1,6,0,4,15,false
round_robin,30,0.06371524599497119,2,7,0,3,15,false
round_robin,30,0.06416256865371495,0,6,0,4,15,false
round_robin,30,0.06416256865371495,1,6,0,4,15,false
round_robin,30,0.06416256865371495,2,6,0,4,15,false
round_robin,30,0.06490667801004006,0,5,0,5,15,false
round_robin,30,0.06490667801004006,1,6,0,4,15,false
round_robin,30,0.06490667801004006,2,6,0,4,15,false
round_robin,30,0.06542216995941282,0,5,0,5,15,false
round_robin,30,0.06542216995941282,1,5,0,5,15,false
round_robin,30,0.06542216995941282,2,6,0,4,15,false
round_robin,30,0.06659678687535567,0,5,0,5,15,false
round_robin,30,0.06659678687535567,1,5,0,5,15,false
round_robin,30,0.06659678687535567,2,5,0,5,15,false
round_robin,30,0.07078782798787978,0,4,0,6,15,false
round_robin,30,0.07078782798787978,1,5,0,5,15,false
round_robin,30,0.07078782798787978,2,5,0,5,15,false
round_robin,30,0.07123116792009004,0,4,0,6,15,false
round_robin,30,0.07123116792009004,1,4,0,6,15,false
round_robin,30,0.07123116792009004,2,5,0,5,15,false
round_robin,30,0.07167053219757133,0,4,0,6,15,false
round_robin,30,0.07167053219757133,1,4,0,6,15,false
round_robin,30,0.07167053219757133,2,4,0,6,15,false
round_robin,30,0.07310093202275697,0,3,0,7,15,false
round_robin,30,0.07310093202275697,1,4,0,6,15,false
round_robin,30,0.07310093202275697,2,4,0,6,15,false
round_robin,30,0.07383169234936099,0,3,0,7,15,false
round_robin,30,0.07383169234936099,1,3,0,7,15,false
round_robin,30,0.07383169234936099,2,4,0,6,15,false
round_robin,30,0.07468372912730967,0,3,0,7,15,false
round_robin,30,0.07468372912730967,1,3,0,7,15,false
round_robin,30,0.07468372912730967,2,3,0,7,15,false
round_robin,30,0.07520689279196618,0,2,0,8,15,false
round_robin,30,0.07520689279196618,1,3,0,7,15,false
round_robin,30,0.07520689279196618,2,3,0,7,15,false
round_robin,30,0.0759121583807956,0,2,0,8,15,false
round_robin,30,0.0759121583807956,1,2,0,8,15,false
round_robin,30,0.0759121583807956,2,3,0,7,15,false
round_robin,30,0.07660052022695182,0,2,0,8,15,false
round_robin,30,0.07660052022695182,1,2,0,8,15,false
round_robin,30,0.07660052022695182,2,2,0,8,15,false
round_robin,30,0.07752547282381295,0,1,0,9,15,false
round_robin,30,0.07752547282381295,1,2,0,8,15,false
round_robin,30,0.07752547282381295,2,2,0,8,15,false
round_robin,30,0.07839657281806828,0,1,0,9,15,false
round_robin,30,0.07839657281806828,1,1,0,9,15,false
round_robin,30,0.07839657281806828,2,2,0,8,15,false
round_robin,30,0.07935027299001948,0,1,0,9,15,false
round_robin,30,0.07935027299001948,1,1,0,9,15,false
round_robin,30,0.07935027299001948,2,1,0,9,15,false
round_robin,30,0.07978282349130135,0,0,0,10,15,false
round_robin,30,0.07978282349130135,1,1,0,9,15,false
round_robin,30,0.07978282349130135,2,1,0,9,15,false
round_robin,30,0.08039060935341968,0,0,0,10,15,false
round_robin,30,0.08039060935341968,1,0,0,10,15,false
round_robin,30,0.08039060935341968,2,1,0,9,15,false
round_robin,30,0.080855172246231,0,0,0,10,15,false
round_robin,30,0.080855172246231,1,0,0,10,15,false
round_robin,30,0.080855172246231,2,0,0,10,15,false
round_robin,30,200,0,0,0,10,15,false
round_robin,30,200,1,0,0,10,15,false
round_robin,30,200,2,0,0,10,15,false
round_robin,60,0,0,0,0,0,15,false
round_robin,60,0,1,0,0,0,15,false
round_robin,60,0,2,0,0,0,15,false
round_robin,60,0.0004964913519798167,0,1,0,0,15,false
round_robin,60,0.0004964913519798167,1,0,0,0,15,false
round_robin,60,0.0004964913519798167,2,0,0,0,15,false
round_robin,60,0.0009645077411900601,0,1,0,0,15,false
round_robin,60,0.0009645077411900601,1,1,0,0,15,false
round_robin,60,0.0009645077411900601,2,0,0,0,15,false
round_robin,60,0.0014580243684267952,0,1,0,0,15,false
round_robin,60,0.0014580243684267952,1,1,0,0,15,false
round_robin,60,0.0014580243684267952,2,1,0,0,15,false
round_robin,60,0.0021672558556195703,0,2,0,0,15,false
round_robin,60,0.0021672558556195703,1,1,0,0,15,false
round_robin,60,0.0021672558556195703,2,1,0,0,15,false
round_robin,60,0.00288455421297257,0,2,0,0,15,false
round_robin,60,0.00288455421297257,1,2,0,0,15,false
round_robin,60,0.00288455421297257,2,1,0,0,15,false
round_robin,60,0.003429495964180211,0,2,0,0,15,false
round_robin,60,0.003429495964180211,1,2,0,0,15,false
round_robin,60,0.003429495964180211,2,2,0,0,15,false
round_robin,60,0.006138902744001272,0,3,0,0,15,false
round_robin,60,0.006138902744001272,1,2,0,0,15,false
round_robin,60,0.006138902744001272,2,2,0,0,15,false
round_robin,60,0.006706855672946239,0,3,0,0,15,false
round_robin,60,0.006706855672946239,1,3,0,0,15,false
round_robin,60,0.006706855672946239,2,2,0,0,15,false
round_robin,60,0.0071228254016580846,0,3,0,0,15,false
round_robin,60,0.0071228254016580846,1,3,0,0,15,false
round_robin,60,0.0071228254016580846,2,3,0,0,15,false
round_robin,60,0.007543473263527911,0,4,0,0,15,false
round_robin,60,0.007543473263527911,1,3,0,0,15,false
round_robin,60,0.007543473263527911,2,3,0,0,15,false
round_robin,60,0.01262202826533108,0,4,0,0,15,false
round_robin,60,0.01262202826533108,1,4,0,0,15,false
round_robin,60,0.01262202826533108,2,3,0,0,15,false
round_robin,60,0.013023480333990364,0,4,0,0,15,false
round_robin,60,0.013023480333990364,1,4,0,0,15,false
round_robin,60,0.013023480333990364,2,4,0,0,15,false
round_robin,60,0.013688914340630628,0,5,0,0,15,false
round_robin,60,0.013688914340630628,1,4,0,0,15,false
round_robin,60,0.013688914340630628,2,4,0,0,15,false
round_robin,60,0.014829554901722343,0,5,0,0,15,false
round_robin,60,0.014829554901722343,1,5,0,0,15,false
round_robin,60,0.014829554901722343,2,4,0,0,15,false
round_robin,60,0.01625210266805664,0,5,0,0,15,false
round_robin,60,0.01625210266805664,1,5,0,0,15,false
round_robin,60,0.01625210266805664,2,5,0,0,15,false
round_robin,60,0.016835881181326177,0,6,0,0,15,false
round_robin,60,0.016835881181326177,1,5,0,0,15,false
round_robin,60,0.016835881181326177,2,5,0,0,15,false
round_robin,60,0.017540329701922097,0,6,0,0,15,false
round_robin,60,0.017540329701922097,1,6,0,0,15,false
round_robin,60,0.017540329701922097,2,5,0,0,15,false
round_robin,60,0.01966040569603291,0,6,0,0,15,false
round_robin,60,0.01966040569603291,1,6,0,0,15,false
round_robin,60,0.01966040569603291,2,6,0,0,15,false
round_robin,60,0.020144187197198835,0,7,0,0,15,false
round_robin,60,0.020144187197198835,1,6,0,0,15,false
round_robin,60,0.020144187197198835,2,6,0,0,15,false
round_robin,60,0.02098016590433126,0,7,0,0,15,false
round_robin,60,0.02098016590433126,1,7,0,0,15,false
round_robin,60,0.02098016590433126,2,6,0,0,15,false
round_robin,60,0.022015411450078175,0,7,0,0,15,false
round_robin,60,0.022015411450078175,1,7,0,0,15,false
round_robin,60,0.022015411450078175,2,7,0,0,15,false
round_robin,60,0.022520067805473713,0,8,0,0,15,false
round_robin,60,0.022520067805473713,1,7,0,0,15,false
round_robin,60,0.022520067805473713,2,7,0,0,15,false
round_robin,60,0.023332222296603613,0,8,0,0,15,false
round_robin,60,0.023332222296603613,1,8,0,0,15,false
round_robin,60,0.023332222296603613,2,7,0,0,15,false
round_robin,60,0.025806359081456544,0,8,0,0,15,false
round_robin,60,0.025806359081456544,1,8,0,0,15,false
round_robin,60,0.025806359081456544,2,8,0,0,15,false
round_robin,60,0.026552092039246168,0,9,0,0,15,false
round_robin,60,0.026552092039246168,1,8,0,0,15,false
round_robin,60,0.026552092039246168,2,8,0,0,15,false
round_robin,60,0.02709409049963421,0,9,0,0,15,false
round_robin,60,0.02709409049963421,1,9,0,0,15,false
round_robin,60,0.02709409049963421,2,8,0,0,15,false
round_robin,60,0.02772256457129854,0,9,0,0,15,false
round_robin,60,0.02772256457129854,1,9,0,0,15,false
round_robin,60,0.02772256457129854,2,9,0,0,15,false
round_robin,60,0.028285371003472354,0,10,0,0,15,false
round_robin,60,0.028285371003472354,1,9,0,0,15,false
round_robin,60,0.028285371003472354,2,9,0,0,15,false
round_robin,60,0.028933888720371673,0,10,0,0,15,false
round_robin,60,0.028933888720371673,1,10,0,0,15,false
round_robin,60,0.028933888720371673,2,9,0,0,15,false
round_robin,60,0.02944290108880226,0,10,0,0,15,false
round_robin,60,0.02944290108880226,1,10,0,0,15,false
round_robin,60,0.02944290108880226,2,10,0,0,15,false
round_robin,60,0.029971099699879433,0,11,0,0,15,false
round_robin,60,0.029971099699879433,1,10,0,0,15,false
round_robin,60,0.029971099699879433,2,10,0,0,15,false
round_robin,60,0.03129200087951551,0,11,0,0,15,false
round_robin,60,0.03129200087951551,1,11,0,0,15,false
round_robin,60,0.03129200087951551,2,10,0,0,15,false
round_robin,60,0.031730282170685145,0,11,0,0,15,false
round_robin,60,0.031730282170685145,1,11,0,0,15,false
round_robin,60,0.031730282170685145,2,11,0,0,15,false
round_robin,60,0.032508212275739135,0,12,0,0,15,false
round_robin,60,0.032508212275739135,1,11,0,0,15,false
round_robin,60,0.032508212275739135,2,11,0,0,15,false
round_robin,60,0.033100986485135285,0,12,0,0,15,false
round_robin,60,0.033100986485135285,1,12,0,0,15,false
round_robin,60,0.033100986485135285,2,11,0,0,15,false
round_robin,60,0.03374824099175133,0,12,0,0,15,false
round_robin,60,0.03374824099175133,1,12,0,0,15,false
round_robin,60,0.03374824099175133,2,12,0,0,15,false
round_robin,60,0.03417959549483518,0,13,0,0,15,false
round_robin,60,0.03417959549483518,1,12,0,0,15,false
round_robin,60,0.03417959549483518,2,12,0,0,15,false
round_robin,60,0.03466479030935086,0,13,0,0,15,false
round_robin,60,0.03466479030935086,1,13,0,0,15,false
round_robin,60,0.03466479030935086,2,12,0,0,15,false
round_robin,60,0.03518031573797538,0,13,0,0,15,false
round_robin,60,0.03518031573797538,1,13,0,0,15,false
round_robin,60,0.03518031573797538,2,13,0,0,15,false
round_robin,60,0.03650940525294607,0,14,0,0,15,false
round_robin,60,0.03650940525294607,1,13,0,0,15,false
round_robin,60,0.03650940525294607,2,13,0,0,15,false
round_robin,60,0.037006161019584774,0,14,0,0,15,false
round_robin,60,0.037006161019584774,1,14,0,0,15,false
round_robin,60,0.037006161019584774,2,13,0,0,15,false
round_robin,60,0.049609264399657675,0,14,0,0,15,false
round_robin,60,0.049609264399657675,1,14,0,0,15,false
round_robin,60,0.049609264399657675,2,14,0,0,15,false
round_robin,60,0.05045341705300733,0,15,0,0,15,false
round_robin,60,0.05045341705300733,1,14,0,0,15,false
round_robin,60,0.05045341705300733,2,14,0,0,15,false
round_robin,60,0.05049649135197982,0,14,0,1,15,false
round_robin,60,0.05049649135197982,1,14,0,0,15,false
round_robin,60,0.05049649135197982,2,14,0,0,15,false
round_robin,60,0.05086656805282424,0,14,0,1,15,false
round_robin,60,0.05086656805282424,1,15,0,0,15,false
round_robin,60,0.05086656805282424,2,14,0,0,15,false
round_robin,60,0.05096450774119006,0,14,0,1,15,false
round_robin,60,0.05096450774119006,1,14,0,1,15,false
round_robin,60,0.05096450774119006,2,14,0,0,15,false
round_robin,60,0.0514580243684268,0,14,0,1,15,false
round_robin,60,0.0514580243684268,1,14,0,1,15,false
round_robin,60,0.0514580243684268,2,13,0,1,15,false
round_robin,60,0.05184927558719655,0,14,0,1,15,false
round_robin,60,0.05184927558719655,1,14,0,1,15,false
round_robin,60,0.05184927558719655,2,14,0,1,15,false
round_robin,60,0.05216725585561957,0,13,0,2,15,false
round_robin,60,0.05216725585561957,1,14,0,1,15,false
round_robin,60,0.05216725585561957,2,14,0,1,15,false
round_robin,60,0.05240849707584102,0,14,0,2,15,false
round_robin,60,0.05240849707584102,1,14,0,1,15,false
round_robin,60,0.05240849707584102,2,14,0,1,15,false
round_robin,60,0.05288455421297257,0,14,0,2,15,false
round_robin,60,0.05288455421297257,1,13,0,2,15,false
round_robin,60,0.05288455421297257,2,14,0,1,15,false
round_robin,60,0.052948458450443825,0,14,0,2,15,false
round_robin,60,0.052948458450443825,1,14,0,2,15,false
round_robin,60,0.052948458450443825,2,14,0,1,15,false
round_robin,60,0.053429495964180215,0,14,0,2,15,false
round_robin,60,0.053429495964180215,1,14,0,2,15,false
round_robin,60,0.053429495964180215,2,13,0,2,15,false
round_robin,60,0.05459232553440012,0,14,0,2,15,false
round_robin,60,0.05459232553440012,1,14,0,2,15,false
round_robin,60,0.05459232553440012,2,14,0,2,15,false
round_robin,60,0.055049982056066975,0,15,0,2,15,false
round_robin,60,0.055049982056066975,1,14,0,2,15,false
round_robin,60,0.055049982056066975,2,14,0,2,15,false
round_robin,60,0.055457025472683795,0,15,0,2,15,false
round_robin,60,0.055457025472683795,1,15,0,2,15,false
round_robin,60,0.055457025472683795,2,14,0,2,15,false
round_robin,60,0.056033282838097206,0,15,0,2,15,false
round_robin,60,0.056033282838097206,1,15,0,2,15,false
round_robin,60,0.056033282838097206,2,15,0,2,15,false
round_robin,60,0.056138902744001275,0,14,0,3,15,false
round_robin,60,0.056138902744001275,1,15,0,2,15,false
round_robin,60,0.056138902744001275,2,15,0,2,15,false
round_robin,60,0.05643387896634853,0,15,0,3,15,false
round_robin,60,0.05643387896634853,1,15,0,2,15,false
round_robin,60,0.05643387896634853,2,15,0,2,15,false
round_robin,60,0.05670685567294624,0,15,0,3,15,false
round_robin,60,0.05670685567294624,1,14,0,3,15,false
round_robin,60,0.05670685567294624,2,15,0,2,15,false
round_robin,60,0.057085850411245545,0,15,0,3,15,false
round_robin,60,0.057085850411245545,1,15,0,3,15,false
round_robin,60,0.057085850411245545,2,15,0,2,15,false
round_robin,60,0.057122825401658084,0,15,0,3,15,false
round_robin,60,0.057122825401658084,1,15,0,3,15,false
round_robin,60,0.057122825401658084,2,14,0,3,15,false
round_robin,60,0.05754347326352791,0,14,0,4,15,false
round_robin,60,0.05754347326352791,1,15,0,3,15,false
round_robin,60,0.05754347326352791,2,14,0,3,15,false
round_robin,60,0.05872185895697923,0,14,0,4,15,false
round_robin,60,0.05872185895697923,1,15,0,3,15,false
round_robin,60,0.05872185895697923,2,15,0,3,15,false
round_robin,60,0.05953448176825256,0,15,0,4,15,false
round_robin,60,0.05953448176825256,1,15,0,3,15,false
round_robin,60,0.05953448176825256,2,15,0,3,15,false
round_robin,60,0.060086135463429814,0,15,0,4,15,false
round_robin,60,0.060086135463429814,1,15,1,3,15,false
round_robin,60,0.060086135463429814,2,15,0,3,15,false
round_robin,60,0.06136978151237948,0,15,0,4,15,false
round_robin,60,0.06136978151237948,1,15,1,3,15,false
round_robin,60,0.06136978151237948,2,15,1,3,15,false
round_robin,60,0.06183709725723405,0,15,1,4,15,false
round_robin,60,0.06183709725723405,1,15,1,3,15,false
round_robin,60,0.06183709725723405,2,15,1,3,15,false
round_robin,60,0.06262202826533109,0,15,1,4,15,false
round_robin,60,0.06262202826533109,1,15,0,4,15,false
round_robin,60,0.06262202826533109,2,15,1,3,15,false
round_robin,60,0.06302348033399037,0,15,1,4,15,false
round_robin,60,0.06302348033399037,1,15,0,4,15,false
round_robin,60,0.06302348033399037,2,15,0,4,15,false
round_robin,60,0.06306986717059807,0,15,1,4,15,false
round_robin,60,0.06306986717059807,1,15,1,4,15,false
round_robin,60,0.06306986717059807,2,15,0,4,15,false
round_robin,60,0.06368891434063063,0,15,0,5,15,false
round_robin,60,0.06368891434063063,1,15,1,4,15,false
round_robin,60,0.06368891434063063,2,15,0,4,15,false
round_robin,60,0.06404656382367016,0,15,0,5,15,false
round_robin,60,0.06404656382367016,1,15,1,4,15,false
round_robin,60,0.06404656382367016,2,15,1,4,15,false
round_robin,60,0.06482955490172235,0,15,0,5,15,false
round_robin,60,0.06482955490172235,1,15,0,5,15,false
round_robin,60,0.06482955490172235,2,15,1,4,15,false
round_robin,60,0.06625210266805664,0,15,0,5,15,false
round_robin,60,0.06625210266805664,1,15,0,5,15,false
round_robin,60,0.06625210266805664,2,15,0,5,15,false
round_robin,60,0.06683588118132618,0,14,0,6,15,false
round_robin,60,0.06683588118132618,1,15,0,5,15,false
round_robin,60,0.06683588118132618,2,15,0,5,15,false
round_robin,60,0.0675403297019221,0,14,0,6,15,false
round_robin,60,0.0675403297019221,1,14,0,6,15,false
round_robin,60,0.0675403297019221,2,15,0,5,15,false
round_robin,60,0.0696604056960329,0,14,0,6,15,false
round_robin,60,0.0696604056960329,1,14,0,6,15,false
round_robin,60,0.0696604056960329,2,14,0,6,15,false
round_robin,60,0.07014418719719884,0,13,0,7,15,false
round_robin,60,0.07014418719719884,1,14,0,6,15,false
round_robin,60,0.07014418719719884,2,14,0,6,15,false
round_robin,60,0.07098016590433126,0,13,0,7,15,false
round_robin,60,0.07098016590433126,1,13,0,7,15,false
round_robin,60,0.07098016590433126,2,14,0,6,15,false
round_robin,60,0.07201541145007817,0,13,0,7,15,false
round_robin,60,0.07201541145007817,1,13,0,7,15,false
round_robin,60,0.07201541145007817,2,13,0,7,15,false
round_robin,60,0.07252006780547371,0,12,0,8,15,false
round_robin,60,0.07252006780547371,1,13,0,7,15,false
round_robin,60,0.07252006780547371,2,13,0,7,15,false
round_robin,60,0.07333222229660362,0,12,0,8,15,false
round_robin,60,0.07333222229660362,1,12,0,8,15,false
round_robin,60,0.07333222229660362,2,13,0,7,15,false
round_robin,60,0.07580635908145655,0,12,0,8,15,false
round_robin,60,0.07580635908145655,1,12,0,8,15,false
round_robin,60,0.07580635908145655,2,12,0,8,15,false
round_robin,60,0.07655209203924618,0,11,0,9,15,false
round_robin,60,0.07655209203924618,1,12,0,8,15,false
round_robin,60,0.07655209203924618,2,12,0,8,15,false
round_robin,60,0.07709409049963421,0,11,0,9,15,false
round_robin,60,0.07709409049963421,1,11,0,9,15,false
round_robin,60,0.07709409049963421,2,12,0,8,15,false
round_robin,60,0.07772256457129854,0,11,0,9,15,false
round_robin,60,0.07772256457129854,1,11,0,9,15,false
round_robin,60,0.07772256457129854,2,11,0,9,15,false
round_robin,60,0.07828537100347235,0,10,0,10,15,false
round_robin,60,0.07828537100347235,1,11,0,9,15,false
round_robin,60,0.07828537100347235,2,11,0,9,15,false
round_robin,60,0.07893388872037167,0,10,0,10,15,false
round_robin,60,0.07893388872037167,1,10,0,10,15,false
round_robin,60,0.07893388872037167,2,11,0,9,15,false
round_robin,60,0.07944290108880227,0,10,0,10,15,false
round_robin,60,0.07944290108880227,1,10,0,10,15,false
round_robin,60,0.07944290108880227,2,10,0,10,15,false
round_robin,60,0.07997109969987944,0,9,0,11,15,false
round_robin,60,0.07997109969987944,1,10,0,10,15,false
round_robin,60,0.07997109969987944,2,10,0,10,15,false
round_robin,60,0.08129200087951552,0,9,0,11,15,false
round_robin,60,0.08129200087951552,1,9,0,11,15,false
round_robin,60,0.08129200087951552,2,10,0,10,15,false
round_robin,60,0.08173028217068515,0,9,0,11,15,false
round_robin,60,0.08173028217068515,1,9,0,11,15,false
round_robin,60,0.08173028217068515,2,9,0,11,15,false
round_robin,60,0.08250821227573914,0,8,0,12,15,false
round_robin,60,0.08250821227573914,1,9,0,11,15,false
round_robin,60,0.08250821227573914,2,9,0,11,15,false
round_robin,60,0.08310098648513528,0,8,0,12,15,false
round_robin,60,0.08310098648513528,1,8,0,12,15,false
round_robin,60,0.08310098648513528,2,9,0,11,15,false
round_robin,60,0.08374824099175134,0,8,0,12,15,false
round_robin,60,0.08374824099175134,1,8,0,12,15,false
round_robin,60,0.08374824099175134,2,8,0,12,15,false
round_robin,60,0.08417959549483518,0,7,0,13,15,false
round_robin,60,0.08417959549483518,1,8,0,12,15,false
round_robin,60,0.08417959549483518,2,8,0,12,15,false
round_robin,60,0.08466479030935087,0,7,0,13,15,false
round_robin,60,0.08466479030935087,1,7,0,13,15,false
round_robin,60,0.08466479030935087,2,8,0,12,15,false
round_robin,60,0.08518031573797538,0,7,0,13,15,false
round_robin,60,0.08518031573797538,1,7,0,13,15,false
round_robin,60,0.08518031573797538,2,7,0,13,15,false
round_robin,60,0.08650940525294606,0,6,0,14,15,false
round_robin,60,0.08650940525294606,1,7,0,13,15,false
round_robin,60,0.08650940525294606,2,7,0,13,15,false
round_robin,60,0.08700616101958478,0,6,0,14,15,false
round_robin,60,0.08700616101958478,1,6,0,14,15,false
round_robin,60,0.08700616101958478,2,7,0,13,15,false
round_robin,60,0.09960926439965767,0,6,0,14,15,false
round_robin,60,0.09960926439965767,1,6,0,14,15,false
round_robin,60,0.09960926439965767,2,6,0,14,15,false
round_robin,60,0.10045341705300734,0,5,0,15,15,false
round_robin,60,0.10045341705300734,1,6,0,14,15,false
round_robin,60,0.10045341705300734,2,6,0,14,15,false
round_robin,60,0.10086656805282423,0,5,0,15,15,false
round_robin,60,0.10086656805282423,1,5,0,15,15,false
round_robin,60,0.10086656805282423,2,6,0,14,15,false
round_robin,60,0.10184927558719656,0,5,0,15,15,false
round_robin,60,0.10184927558719656,1,5,0,15,15,false
round_robin,60,0.10184927558719656,2,5,0,15,15,false
round_robin,60,0.10240849707584102,0,4,0,16,15,false
round_robin,60,0.10240849707584102,1,5,0,15,15,false
round_robin,60,0.10240849707584102,2,5,0,15,15,false
round_robin,60,0.10294845845044383,0,4,0,16,15,false
round_robin,60,0.10294845845044383,1,4,0,16,15,false
round_robin,60,0.10294845845044383,2,5,0,15,15,false
round_robin,60,0.10459232553440012,0,4,0,16,15,false
round_robin,60,0.10459232553440012,1,4,0,16,15,false
round_robin,60,0.10459232553440012,2,4,0,16,15,false
round_robin,60,0.10504998205606697,0,3,0,17,15,false
round_robin,60,0.10504998205606697,1,4,0,16,15,false
round_robin,60,0.10504998205606697,2,4,0,16,15,false
round_robin,60,0.10545702547268379,0,3,0,17,15,false
round_robin,60,0.10545702547268379,1,3,0,17,15,false
round_robin,60,0.10545702547268379,2,4,0,16,15,false
round_robin,60,0.10603328283809721,0,3,0,17,15,false
round_robin,60,0.10603328283809721,1,3,0,17,15,false
round_robin,60,0.10603328283809721,2,3,0,17,15,false
round_robin,60,0.10643387896634854,0,2,0,18,15,false
round_robin,60,0.10643387896634854,1,3,0,17,15,false
round_robin,60,0.10643387896634854,2,3,0,17,15,false
round_robin,60,0.10708585041124555,0,2,0,18,15,false
round_robin,60,0.10708585041124555,1,2,0,18,15,false
round_robin,60,0.10708585041124555,2,3,0,17,15,false
round_robin,60,0.10872185895697922,0,2,0,18,15,false
round_robin,60,0.10872185895697922,1,2,0,18,15,false
round_robin,60,0.10872185895697922,2,2,0,18,15,false
round_robin,60,0.10953448176825256,0,1,0,19,15,false
round_robin,60,0.10953448176825256,1,2,0,18,15,false
round_robin,60,0.10953448176825256,2,2,0,18,15,false
round_robin,60,0.11262202826533109,0,1,0,19,15,false
round_robin,60,0.11262202826533109,1,1,0,19,15,false
round_robin,60,0.11262202826533109,2,2,0,18,15,false
round_robin,60,0.11302348033399037,0,1,0,19,15,false
round_robin,60,0.11302348033399037,1,1,0,19,15,false
round_robin,60,0.11302348033399037,2,1,0,19,15,false
round_robin,60,0.11368891434063064,0,0,0,20,15,false
round_robin,60,0.11368891434063064,1,1,0,19,15,false
round_robin,60,0.11368891434063064,2,1,0,19,15,false
round_robin,60,0.11482955490172235,0,0,0,20,15,false
round_robin,60,0.11482955490172235,1,0,0,20,15,false
round_robin,60,0.11482955490172235,2,1,0,19,15,false
round_robin,60,0.11625210266805665,0,0,0,20,15,false
round_robin,60,0.11625210266805665,1,0,0,20,15,false
round_robin,60,0.11625210266805665,2,0,0,20,15,false
round_robin,60,200,0,0,0,20,15,false
round_robin,60,200,1,0,0,20,15,false
round_robin,60,200,2,0,0,20,15,false
round_robin,90,0,0,0,0,0,15,false
round_robin,90,0,1,0,0,0,15,false
round_robin,90,0,2,0,0,0,15,false
round_robin,90,0.0004720400863396188,0,1,0,0,15,false
round_robin,90,0.0004720400863396188,1,0,0,0,15,false
round_robin,90,0.0004720400863396188,2,0,0,0,15,false
round_robin,90,0.0009489610360988819,0,1,0,0,15,false
round_robin,90,0.0009489610360988819,1,1,0,0,15,false
round_robin,90,0.0009489610360988819,2,0,0,0,15,false
round_robin,90,0.002058446412919172,0,1,0,0,15,false
round_robin,90,0.002058446412919172,1,1,0,0,15,false
round_robin,90,0.002058446412919172,2,1,0,0,15,false
round_robin,90,0.002461833162249221,0,2,0,0,15,false
round_robin,90,0.002461833162249221,1,1,0,0,15,false
round_robin,90,0.002461833162249221,2,1,0,0,15,false
round_robin,90,0.0031421582253755645,0,2,0,0,15,false
round_robin,90,0.0031421582253755645,1,2,0,0,15,false
round_robin,90,0.0031421582253755645,2,1,0,0,15,false
round_robin,90,0.003618254853230527,0,2,0,0,15,false
round_robin,90,0.003618254853230527,1,2,0,0,15,false
round_robin,90,0.003618254853230527,2,2,0,0,15,false
round_robin,90,0.004138518768691407,0,3,0,0,15,false
round_robin,90,0.004138518768691407,1,2,0,0,15,false
round_robin,90,0.004138518768691407,2,2,0,0,15,false
round_robin,90,0.004828354704266692,0,3,0,0,15,false
round_robin,90,0.004828354704266692,1,3,0,0,15,false
round_robin,90,0.004828354704266692,2,2,0,0,15,false
round_robin,90,0.005330477690046183,0,3,0,0,15,false
round_robin,90,0.005330477690046183,1,3,0,0,15,false
round_robin,90,0.005330477690046183,2,3,0,0,15,false
round_robin,90,0.006166934581921543,0,4,0,0,15,false
round_robin,90,0.006166934581921543,1,3,0,0,15,false
round_robin,90,0.006166934581921543,2,3,0,0,15,false
round_robin,90,0.007389053698219523,0,4,0,0,15,false
round_robin,90,0.007389053698219523,1,4,0,0,15,false
round_robin,90,0.007389053698219523,2,3,0,0,15,false
round_robin,90,0.00782803699678924,0,4,0,0,15,false
round_robin,90,0.00782803699678924,1,4,0,0,15,false
round_robin,90,0.00782803699678924,2,4,0,0,15,false
round_robin,90,0.009842412597612225,0,5,0,0,15,false
round_robin,90,0.009842412597612225,1,4,0,0,15,false
round_robin,90,0.009842412597612225,2,4,0,0,15,false
round_robin,90,0.010250543058593312,0,5,0,0,15,false
round_robin,90,0.010250543058593312,1,5,0,0,15,false
round_robin,90,0.010250543058593312,2,4,0,0,15,false
round_robin,90,0.01881325496210705,0,5,0,0,15,false
round_robin,90,0.01881325496210705,1,5,0,0,15,false
round_robin,90,0.01881325496210705,2,5,0,0,15,false
round_robin,90,0.019250784355976037,0,6,0,0,15,false
round_robin,90,0.019250784355976037,1,5,0,0,15,false
round_robin,90,0.019250784355976037,2,5,0,0,15,false
round_robin,90,0.01977208319402006,0,6,0,0,15,false
round_robin,90,0.01977208319402006,1,6,0,0,15,false
round_robin,90,0.01977208319402006,2,5,0,0,15,false
round_robin,90,0.02033145692015823,0,6,0,0,15,false
round_robin,90,0.02033145692015823,1,6,0,0,15,false
round_robin,90,0.02033145692015823,2,6,0,0,15,false
round_robin,90,0.021071690371393437,0,7,0,0,15,false
round_robin,90,0.021071690371393437,1,6,0,0,15,false
round_robin,90,0.021071690371393437,2,6,0,0,15,false
round_robin,90,0.02175673903196321,0,7,0,0,15,false
round_robin,90,0.02175673903196321,1,7,0,0,15,false
round_robin,90,0.02175673903196321,2,6,0,0,15,false
round_robin,90,0.02627292834540239,0,7,0,0,15,false
round_robin,90,0.02627292834540239,1,7,0,0,15,false
round_robin,90,0.02627292834540239,2,7,0,0,15,false
round_robin,90,0.02702915574297771,0,8,0,0,15,false
round_robin,90,0.02702915574297771,1,7,0,0,15,false
round_robin,90,0.02702915574297771,2,7,0,0,15,false
round_robin,90,0.02750072347989605,0,8,0,0,15,false
round_robin,90,0.02750072347989605,1,8,0,0,15,false
round_robin,90,0.02750072347989605,2,7,0,0,15,false
round_robin,90,0.02815205012578113,0,8,0,0,15,false
round_robin,90,0.02815205012578113,1,8,0,0,15,false
round_robin,90,0.02815205012578113,2,8,0,0,15,false
round_robin,90,0.02862121386642398,0,9,0,0,15,false
round_robin,90,0.02862121386642398,1,8,0,0,15,false
round_robin,90,0.02862121386642398,2,8,0,0,15,false
round_robin,90,0.029155524224648736,0,9,0,0,15,false
round_robin,90,0.029155524224648736,1,9,0,0,15,false
round_robin,90,0.029155524224648736,2,8,0,0,15,false
round_robin,90,0.02970207632208409,0,9,0,0,15,false
round_robin,90,0.02970207632208409,1,9,0,0,15,false
round_robin,90,0.02970207632208409,2,9,0,0,15,false
round_robin,90,0.03609443560488969,0,10,0,0,15,false
round_robin,90,0.03609443560488969,1,9,0,0,15,false
round_robin,90,0.03609443560488969,2,9,0,0,15,false
round_robin,90,0.03665128511473371,0,10,0,0,15,false
round_robin,90,0.03665128511473371,1,10,0,0,15,false
round_robin,90,0.03665128511473371,2,9,0,0,15,false
round_robin,90,0.03725695974190424,0,10,0,0,15,false
round_robin,90,0.03725695974190424,1,10,0,0,15,false
round_robin,90,0.03725695974190424,2,10,0,0,15,false
round_robin,90,0.03775691710548414,0,11,0,0,15,false
round_robin,90,0.03775691710548414,1,10,0,0,15,false
round_robin,90,0.03775691710548414,2,10,0,0,15,false
round_robin,90,0.039852147616336465,0,11,0,0,15,false
round_robin,90,0.039852147616336465,1,11,0,0,15,false
round_robin,90,0.039852147616336465,2,10,0,0,15,false
round_robin,90,0.040258526641990776,0,11,0,0,15,false
round_robin,90,0.040258526641990776,1,11,0,0,15,false
round_robin,90,0.040258526641990776,2,11,0,0,15,false
round_robin,90,0.040987164505972014,0,12,0,0,15,false
round_robin,90,0.040987164505972014,1,11,0,0,15,false
round_robin,90,0.040987164505972014,2,11,0,0,15,false
round_robin,90,0.04167042473113335,0,12,0,0,15,false
round_robin,90,0.04167042473113335,1,12,0,0,15,false
round_robin,90,0.04167042473113335,2,11,0,0,15,false
round_robin,90,0.04210859736796124,0,12,0,0,15,false
round_robin,90,0.04210859736796124,1,12,0,0,15,false
round_robin,90,0.04210859736796124,2,12,0,0,15,false
round_robin,90,0.04475810784248901,0,13,0,0,15,false
round_robin,90,0.04475810784248901,1,12,0,0,15,false
round_robin,90,0.04475810784248901,2,12,0,0,15,false
round_robin,90,0.045539049448726665,0,13,0,0,15,false
round_robin,90,0.045539049448726665,1,13,0,0,15,false
round_robin,90,0.045539049448726665,2,12,0,0,15,false
round_robin,90,0.046324006242297974,0,13,0,0,15,false
round_robin,90,0.046324006242297974,1,13,0,0,15,false
round_robin,90,0.046324006242297974,2,13,0,0,15,false
round_robin,90,0.046812229164769646,0,14,0,0,15,false
round_robin,90,0.046812229164769646,1,13,0,0,15,false
round_robin,90,0.046812229164769646,2,13,0,0,15,false
round_robin,90,0.04753014510077719,0,14,0,0,15,false
round_robin,90,0.04753014510077719,1,14,0,0,15,false
round_robin,90,0.04753014510077719,2,13,0,0,15,false
round_robin,90,0.05047204008633962,0,13,0,1,15,false
round_robin,90,0.05047204008633962,1,14,0,0,15,false
round_robin,90,0.05047204008633962,2,13,0,0,15,false
round_robin,90,0.05094896103609888,0,13,0,1,15,false
round_robin,90,0.05094896103609888,1,13,0,1,15,false
round_robin,90,0.05094896103609888,2,13,0,0,15,false
round_robin,90,0.051623604775569806,0,13,0,1,15,false
round_robin,90,0.051623604775569806,1,13,0,1,15,false
round_robin,90,0.051623604775569806,2,14,0,0,15,false
round_robin,90,0.05205844641291917,0,13,0,1,15,false
round_robin,90,0.05205844641291917,1,13,0,1,15,false
round_robin,90,0.05205844641291917,2,13,0,1,15,false
round_robin,90,0.05246183316224923,0,12,0,2,15,false
round_robin,90,0.05246183316224923,1,13,0,1,15,false
round_robin,90,0.05246183316224923,2,13,0,1,15,false
round_robin,90,0.05314215822537557,0,12,0,2,15,false
round_robin,90,0.05314215822537557,1,12,0,2,15,false
round_robin,90,0.05314215822537557,2,13,0,1,15,false
round_robin,90,0.05361825485323053,0,12,0,2,15,false
round_robin,90,0.05361825485323053,1,12,0,2,15,false
round_robin,90,0.05361825485323053,2,12,0,2,15,false
round_robin,90,0.05413851876869141,0,11,0,3,15,false
round_robin,90,0.05413851876869141,1,12,0,2,15,false
round_robin,90,0.05413851876869141,2,12,0,2,15,false
round_robin,90,0.054828354704266696,0,11,0,3,15,false
round_robin,90,0.054828354704266696,1,11,0,3,15,false
round_robin,90,0.054828354704266696,2,12,0,2,15,false
round_robin,90,0.05533047769004618,0,11,0,3,15,false
round_robin,90,0.05533047769004618,1,11,0,3,15,false
round_robin,90,0.05533047769004618,2,11,0,3,15,false
round_robin,90,0.05616693458192155,0,10,0,4,15,false
round_robin,90,0.05616693458192155,1,11,0,3,15,false
round_robin,90,0.05616693458192155,2,11,0,3,15,false
round_robin,90,0.057389053698219526,0,10,0,4,15,false
round_robin,90,0.057389053698219526,1,10,0,4,15,false
round_robin,90,0.057389053698219526,2,11,0,3,15,false
round_robin,90,0.05782803699678924,0,10,0,4,15,false
round_robin,90,0.05782803699678924,1,10,0,4,15,false
round_robin,90,0.05782803699678924,2,10,0,4,15,false
round_robin,90,0.05984241259761223,0,9,0,5,15,false
round_robin,90,0.05984241259761223,1,10,0,4,15,false
round_robin,90,0.05984241259761223,2,10,0,4,15,false
round_robin,90,0.060250543058593314,0,9,0,5,15,false
round_robin,90,0.060250543058593314,1,9,0,5,15,false
round_robin,90,0.060250543058593314,2,10,0,4,15,false
round_robin,90,0.06881325496210705,0,9,0,5,15,false
round_robin,90,0.06881325496210705,1,9,0,5,15,false
round_robin,90,0.06881325496210705,2,9,0,5,15,false
round_robin,90,0.06925078435597604,0,8,0,6,15,false
round_robin,90,0.06925078435597604,1,9,0,5,15,false
round_robin,90,0.06925078435597604,2,9,0,5,15,false
round_robin,90,0.06977208319402006,0,8,0,6,15,false
round_robin,90,0.06977208319402006,1,8,0,6,15,false
round_robin,90,0.06977208319402006,2,9,0,5,15,false
round_robin,90,0.07033145692015823,0,8,0,6,15,false
round_robin,90,0.07033145692015823,1,8,0,6,15,false
round_robin,90,0.07033145692015823,2,8,0,6,15,false
round_robin,90,0.07107169037139344,0,7,0,7,15,false
round_robin,90,0.07107169037139344,1,8,0,6,15,false
round_robin,90,0.07107169037139344,2,8,0,6,15,false
round_robin,90,0.07175673903196321,0,7,0,7,15,false
round_robin,90,0.07175673903196321,1,7,0,7,15,false
round_robin,90,0.07175673903196321,2,8,0,6,15,false
round_robin,90,0.07627292834540239,0,7,0,7,15,false
round_robin,90,0.07627292834540239,1,7,0,7,15,false
round_robin,90,0.07627292834540239,2,7,0,7,15,false
round_robin,90,0.07702915574297771,0,6,0,8,15,false
round_robin,90,0.07702915574297771,1,7,0,7,15,false
round_robin,90,0.07702915574297771,2,7,0,7,15,false
round_robin,90,0.07750072347989606,0,6,0,8,15,false
round_robin,90,0.07750072347989606,1,6,0,8,15,false
round_robin,90,0.07750072347989606,2,7,0,7,15,false
round_robin,90,0.07815205012578114,0,6,0,8,15,false
round_robin,90,0.07815205012578114,1,6,0,8,15,false
round_robin,90,0.07815205012578114,2,6,0,8,15,false
round_robin,90,0.07862121386642398,0,5,0,9,15,false
round_robin,90,0.07862121386642398,1,6,0,8,15,false
round_robin,90,0.07862121386642398,2,6,0,8,15,false
round_robin,90,0.07915552422464874,0,5,0,9,15,false
round_robin,90,0.07915552422464874,1,5,0,9,15,false
round_robin,90,0.07915552422464874,2,6,0,8,15,false
round_robin,90,0.07970207632208409,0,5,0,9,15,false
round_robin,90,0.07970207632208409,1,5,0,9,15,false
round_robin,90,0.07970207632208409,2,5,0,9,15,false
round_robin,90,0.08236241747383458,0,6,0,9,15,false
round_robin,90,0.08236241747383458,1,5,0,9,15,false
round_robin,90,0.08236241747383458,2,5,0,9,15,false
round_robin,90,0.0831038794774183,0,6,0,9,15,false
round_robin,90,0.0831038794774183,1,6,0,9,15,false
round_robin,90,0.0831038794774183,2,5,0,9,15,false
round_robin,90,0.08371493324989604,0,6,0,9,15,false
round_robin,90,0.08371493324989604,1,6,0,9,15,false
round_robin,90,0.08371493324989604,2,6,0,9,15,false
round_robin,90,0.0842004363399385,0,7,0,9,15,false
round_robin,90,0.0842004363399385,1,6,0,9,15,false
round_robin,90,0.0842004363399385,2,6,0,9,15,false
round_robin,90,0.08488636695598221,0,7,0,9,15,false
round_robin,90,0.08488636695598221,1,7,0,9,15,false
round_robin,90,0.08488636695598221,2,6,0,9,15,false
round_robin,90,0.08536293756115683,0,7,0,9,15,false
round_robin,90,0.08536293756115683,1,7,0,9,15,false
round_robin,90,0.08536293756115683,2,7,0,9,15,false
round_robin,90,0.08609443560488969,0,6,0,10,15,false
round_robin,90,0.08609443560488969,1,7,0,9,15,false
round_robin,90,0.08609443560488969,2,7,0,9,15,false
round_robin,90,0.08665128511473372,0,6,0,10,15,false
round_robin,90,0.08665128511473372,1,6,0,10,15,false
round_robin,90,0.08665128511473372,2,7,0,9,15,false
round_robin,90,0.08713329968186864,0,7,0,10,15,false
round_robin,90,0.08713329968186864,1,6,0,10,15,false
round_robin,90,0.08713329968186864,2,7,0,9,15,false
round_robin,90,0.08725695974190424,0,7,0,10,15,false
round_robin,90,0.08725695974190424,1,6,0,10,15,false
round_robin,90,0.08725695974190424,2,6,0,10,15,false
round_robin,90,0.08775691710548414,0,6,0,11,15,false
round_robin,90,0.08775691710548414,1,6,0,10,15,false
round_robin,90,0.08775691710548414,2,6,0,10,15,false
round_robin,90,0.08808306826329959,0,6,0,11,15,false
round_robin,90,0.08808306826329959,1,7,0,10,15,false
round_robin,90,0.08808306826329959,2,6,0,10,15,false
round_robin,90,0.08855074277320008,0,6,0,11,15,false
round_robin,90,0.08855074277320008,1,7,0,10,15,false
round_robin,90,0.08855074277320008,2,7,0,10,15,false
round_robin,90,0.0891439746185532,0,7,0,11,15,false
round_robin,90,0.0891439746185532,1,7,0,10,15,false
round_robin,90,0.0891439746185532,2,7,0,10,15,false
round_robin,90,0.08955050111275918,0,7,0,11,15,false
round_robin,90,0.08955050111275918,1,8,0,10,15,false
round_robin,90,0.08955050111275918,2,7,0,10,15,false
round_robin,90,0.08985214761633648,0,7,0,11,15,false
round_robin,90,0.08985214761633648,1,7,0,11,15,false
round_robin,90,0.08985214761633648,2,7,0,10,15,false
round_robin,90,0.09025852664199077,0,7,0,11,15,false
round_robin,90,0.09025852664199077,1,7,0,11,15,false
round_robin,90,0.09025852664199077,2,6,0,11,15,false
round_robin,90,0.09098716450597202,0,6,0,12,15,false
round_robin,90,0.09098716450597202,1,7,0,11,15,false
round_robin,90,0.09098716450597202,2,6,0,11,15,false
round_robin,90,0.09167042473113335,0,6,0,12,15,false
round_robin,90,0.09167042473113335,1,6,0,12,15,false
round_robin,90,0.09167042473113335,2,6,0,11,15,false
round_robin,90,0.09210859736796125,0,6,0,12,15,false
round_robin,90,0.09210859736796125,1,6,0,12,15,false
round_robin,90,0.09210859736796125,2,5,0,12,15,false
round_robin,90,0.094758107842489,0,5,0,13,15,false
round_robin,90,0.094758107842489,1,6,0,12,15,false
round_robin,90,0.094758107842489,2,5,0,12,15,false
round_robin,90,0.09553904944872667,0,5,0,13,15,false
round_robin,90,0.09553904944872667,1,5,0,13,15,false
round_robin,90,0.09553904944872667,2,5,0,12,15,false
round_robin,90,0.09632400624229798,0,5,0,13,15,false
round_robin,90,0.09632400624229798,1,5,0,13,15,false
round_robin,90,0.09632400624229798,2,4,0,13,15,false
round_robin,90,0.09681222916476964,0,4,0,14,15,false
round_robin,90,0.09681222916476964,1,5,0,13,15,false
round_robin,90,0.09681222916476964,2,4,0,13,15,false
round_robin,90,0.09742004116107439,0,4,0,14,15,false
round_robin,90,0.09742004116107439,1,5,0,13,15,false
round_robin,90,0.09742004116107439,2,5,0,13,15,false
round_robin,90,0.09753014510077719,0,4,0,14,15,false
round_robin,90,0.09753014510077719,1,4,0,14,15,false
round_robin,90,0.09753014510077719,2,5,0,13,15,false
round_robin,90,0.09790688930628971,0,5,0,14,15,false
round_robin,90,0.09790688930628971,1,4,0,14,15,false
round_robin,90,0.09790688930628971,2,5,0,13,15,false
round_robin,90,0.09980846648142742,0,5,0,14,15,false
round_robin,90,0.09980846648142742,1,5,0,14,15,false
round_robin,90,0.09980846648142742,2,5,0,13,15,false
round_robin,90,0.100320424725145,0,5,0,14,15,false
round_robin,90,0.100320424725145,1,5,0,14,15,false
round_robin,90,0.100320424725145,2,6,0,13,15,false
round_robin,90,0.10088189606635722,0,6,0,14,15,false
round_robin,90,0.10088189606635722,1,5,0,14,15,false
round_robin,90,0.10088189606635722,2,6,0,13,15,false
round_robin,90,0.10160629255238987,0,6,0,14,15,false
round_robin,90,0.10160629255238987,1,6,0,14,15,false
round_robin,90,0.10160629255238987,2,6,0,13,15,false
round_robin,90,0.10162360477556981,0,6,0,14,15,false
round_robin,90,0.10162360477556981,1,6,0,14,15,false
round_robin,90,0.10162360477556981,2,5,0,14,15,false
round_robin,90,0.10547770102712489,0,6,0,14,15,false
round_robin,90,0.10547770102712489,1,6,0,14,15,false
round_robin,90,0.10547770102712489,2,6,0,14,15,false
round_robin,90,0.10674978762630802,0,7,0,14,15,false
round_robin,90,0.10674978762630802,1,6,0,14,15,false
round_robin,90,0.10674978762630802,2,6,0,14,15,false
round_robin,90,0.10724574383561536,0,7,0,14,15,false
round_robin,90,0.10724574383561536,1,7,0,14,15,false
round_robin,90,0.10724574383561536,2,6,0,14,15,false
round_robin,90,0.10807498690626416,0,7,0,14,15,false
round_robin,90,0.10807498690626416,1,7,0,14,15,false
round_robin,90,0.10807498690626416,2,7,0,14,15,false
round_robin,90,0.10848190324213305,0,8,0,14,15,false
round_robin,90,0.10848190324213305,1,7,0,14,15,false
round_robin,90,0.10848190324213305,2,7,0,14,15,false
round_robin,90,0.1097829312489965,0,8,0,14,15,false
round_robin,90,0.1097829312489965,1,8,0,14,15,false
round_robin,90,0.1097829312489965,2,7,0,14,15,false
round_robin,90,0.11079176230370928,0,8,0,14,15,false
round_robin,90,0.11079176230370928,1,8,0,14,15,false
round_robin,90,0.11079176230370928,2,8,0,14,15,false
round_robin,90,0.1122521153487674,0,9,0,14,15,false
round_robin,90,0.1122521153487674,1,8,0,14,15,false
round_robin,90,0.1122521153487674,2,8,0,14,15,false
round_robin,90,0.11332959659633177,0,9,0,14,15,false
round_robin,90,0.11332959659633177,1,9,0,14,15,false
round_robin,90,0.11332959659633177,2,8,0,14,15,false
round_robin,90,0.1144065588841019,0,9,0,14,15,false
round_robin,90,0.1144065588841019,1,9,0,14,15,false
round_robin,90,0.1144065588841019,2,9,0,14,15,false
round_robin,90,0.1151602833045611,0,10,0,14,15,false
round_robin,90,0.1151602833045611,1,9,0,14,15,false
round_robin,90,0.1151602833045611,2,9,0,14,15,false
round_robin,90,0.11588836179096806,0,10,0,14,15,false
round_robin,90,0.11588836179096806,1,10,0,14,15,false
round_robin,90,0.11588836179096806,2,9,0,14,15,false
round_robin,90,0.1176330669047695,0,10,0,14,15,false
round_robin,90,0.1176330669047695,1,10,0,14,15,false
round_robin,90,0.1176330669047695,2,10,0,14,15,false
round_robin,90,0.11836592521525058,0,11,0,14,15,false
round_robin,90,0.11836592521525058,1,10,0,14,15,false
round_robin,90,0.11836592521525058,2,10,0,14,15,false
round_robin,90,0.11898793231197911,0,11,0,14,15,false
round_robin,90,0.11898793231197911,1,11,0,14,15,false
round_robin,90,0.11898793231197911,2,10,0,14,15,false
round_robin,90,0.11947751517193296,0,11,0,14,15,false
round_robin,90,0.11947751517193296,1,11,0,14,15,false
round_robin,90,0.11947751517193296,2,11,0,14,15,false
round_robin,90,0.119947321437296,0,12,0,14,15,false
round_robin,90,0.119947321437296,1,11,0,14,15,false
round_robin,90,0.119947321437296,2,11,0,14,15,false
round_robin,90,0.12120408977410417,0,12,0,14,15,false
round_robin,90,0.12120408977410417,1,12,0,14,15,false
round_robin,90,0.12120408977410417,2,11,0,14,15,false
round_robin,90,0.12318498309929045,0,12,0,14,15,false
round_robin,90,0.12318498309929045,1,12,0,14,15,false
round_robin,90,0.12318498309929045,2,12,0,14,15,false
round_robin,90,0.12431663513190072,0,13,0,14,15,false
round_robin,90,0.12431663513190072,1,12,0,14,15,false
round_robin,90,0.12431663513190072,2,12,0,14,15,false
round_robin,90,0.1253463323883462,0,13,0,14,15,false
round_robin,90,0.1253463323883462,1,13,0,14,15,false
round_robin,90,0.1253463323883462,2,12,0,14,15,false
round_robin,90,0.12617283506242966,0,13,0,14,15,false
round_robin,90,0.12617283506242966,1,13,0,14,15,false
round_robin,90,0.12617283506242966,2,13,0,14,15,false
round_robin,90,0.12697331899917966,0,14,0,14,15,false
round_robin,90,0.12697331899917966,1,13,0,14,15,false
round_robin,90,0.12697331899917966,2,13,0,14,15,false
round_robin,90,0.12748777972110564,0,14,0,14,15,false
round_robin,90,0.12748777972110564,1,14,0,14,15,false
round_robin,90,0.12748777972110564,2,13,0,14,15,false
round_robin,90,0.12832317703189508,0,14,0,14,15,false
round_robin,90,0.12832317703189508,1,14,0,14,15,false
round_robin,90,0.12832317703189508,2,14,0,14,15,false
round_robin,90,0.1323624174738346,0,13,0,15,15,false
round_robin,90,0.1323624174738346,1,14,0,14,15,false
round_robin,90,0.1323624174738346,2,14,0,14,15,false
round_robin,90,0.1331038794774183,0,13,0,15,15,false
round_robin,90,0.1331038794774183,1,13,0,15,15,false
round_robin,90,0.1331038794774183,2,14,0,14,15,false
round_robin,90,0.13371493324989603,0,13,0,15,15,false
round_robin,90,0.13371493324989603,1,13,0,15,15,false
round_robin,90,0.13371493324989603,2,13,0,15,15,false
round_robin,90,0.1342004363399385,0,12,0,16,15,false
round_robin,90,0.1342004363399385,1,13,0,15,15,false
round_robin,90,0.1342004363399385,2,13,0,15,15,false
round_robin,90,0.13488636695598222,0,12,0,16,15,false
round_robin,90,0.13488636695598222,1,12,0,16,15,false
round_robin,90,0.13488636695598222,2,13,0,15,15,false
round_robin,90,0.13536293756115683,0,12,0,16,15,false
round_robin,90,0.13536293756115683,1,12,0,16,15,false
round_robin,90,0.13536293756115683,2,12,0,16,15,false
round_robin,90,0.13713329968186866,0,11,0,17,15,false
round_robin,90,0.13713329968186866,1,12,0,16,15,false
round_robin,90,0.13713329968186866,2,12,0,16,15,false
round_robin,90,0.13808306826329958,0,11,0,17,15,false
round_robin,90,0.13808306826329958,1,11,0,17,15,false
round_robin,90,0.13808306826329958,2,12,0,16,15,false
round_robin,90,0.13855074277320006,0,11,0,17,15,false
round_robin,90,0.13855074277320006,1,11,0,17,15,false
round_robin,90,0.13855074277320006,2,11,0,17,15,false
round_robin,90,0.1391439746185532,0,10,0,18,15,false
round_robin,90,0.1391439746185532,1,11,0,17,15,false
round_robin,90,0.1391439746185532,2,11,0,17,15,false
round_robin,90,0.13955050111275918,0,10,0,18,15,false
round_robin,90,0.13955050111275918,1,10,0,18,15,false
round_robin,90,0.13955050111275918,2,11,0,17,15,false
round_robin,90,0.14662199834337486,0,11,0,18,15,false
round_robin,90,0.14662199834337486,1,10,0,18,15,false
round_robin,90,0.14662199834337486,2,11,0,17,15,false
round_robin,90,0.14742004116107438,0,11,0,18,15,false
round_robin,90,0.14742004116107438,1,10,0,18,15,false
round_robin,90,0.14742004116107438,2,10,0,18,15,false
round_robin,90,0.1479068893062897,0,10,0,19,15,false
round_robin,90,0.1479068893062897,1,10,0,18,15,false
round_robin,90,0.1479068893062897,2,10,0,18,15,false
round_robin,90,0.14980846648142743,0,10,0,19,15,false
round_robin,90,0.14980846648142743,1,9,0,19,15,false
round_robin,90,0.14980846648142743,2,10,0,18,15,false
round_robin,90,0.150320424725145,0,10,0,19,15,false
round_robin,90,0.150320424725145,1,9,0,19,15,false
round_robin,90,0.150320424725145,2,9,0,19,15,false
round_robin,90,0.1508818960663572,0,9,0,20,15,false
round_robin,90,0.1508818960663572,1,9,0,19,15,false
round_robin,90,0.1508818960663572,2,9,0,19,15,false
round_robin,90,0.15095740858938705,0,9,0,20,15,false
round_robin,90,0.15095740858938705,1,10,0,19,15,false
round_robin,90,0.15095740858938705,2,9,0,19,15,false
round_robin,90,0.1516062925523899,0,9,0,20,15,false
round_robin,90,0.1516062925523899,1,9,0,20,15,false
round_robin,90,0.1516062925523899,2,9,0,19,15,false
round_robin,90,0.15506280166972064,0,9,0,20,15,false
round_robin,90,0.15506280166972064,1,9,0,20,15,false
round_robin,90,0.15506280166972064,2,10,0,19,15,false
round_robin,90,0.15547770102712488,0,9,0,20,15,false
round_robin,90,0.15547770102712488,1,9,0,20,15,false
round_robin,90,0.15547770102712488,2,9,0,20,15,false
round_robin,90,0.15565360130296033,0,10,0,20,15,false
round_robin,90,0.15565360130296033,1,9,0,20,15,false
round_robin,90,0.15565360130296033,2,9,0,20,15,false
round_robin,90,0.15674978762630803,0,9,0,21,15,false
round_robin,90,0.15674978762630803,1,9,0,20,15,false
round_robin,90,0.15674978762630803,2,9,0,20,15,false
round_robin,90,0.15724574383561535,0,9,0,21,15,false
round_robin,90,0.15724574383561535,1,8,0,21,15,false
round_robin,90,0.15724574383561535,2,9,0,20,15,false
round_robin,90,0.15807498690626415,0,9,0,21,15,false
round_robin,90,0.15807498690626415,1,8,0,21,15,false
round_robin,90,0.15807498690626415,2,8,0,21,15,false
round_robin,90,0.15848190324213307,0,8,0,22,15,false
round_robin,90,0.15848190324213307,1,8,0,21,15,false
round_robin,90,0.15848190324213307,2,8,0,21,15,false
round_robin,90,0.1597829312489965,0,8,0,22,15,false
round_robin,90,0.1597829312489965,1,7,0,22,15,false
round_robin,90,0.1597829312489965,2,8,0,21,15,false
round_robin,90,0.16074126424023416,0,8,0,22,15,false
round_robin,90,0.16074126424023416,1,8,0,22,15,false
round_robin,90,0.16074126424023416,2,8,0,21,15,false
round_robin,90,0.16079176230370928,0,8,0,22,15,false
round_robin,90,0.16079176230370928,1,8,0,22,15,false
round_robin,90,0.16079176230370928,2,7,0,22,15,false
round_robin,90,0.16114348041645923,0,8,0,22,15,false
round_robin,90,0.16114348041645923,1,8,0,22,15,false
round_robin,90,0.16114348041645923,2,8,0,22,15,false
round_robin,90,0.1622521153487674,0,7,0,23,15,false
round_robin,90,0.1622521153487674,1,8,0,22,15,false
round_robin,90,0.1622521153487674,2,8,0,22,15,false
round_robin,90,0.16332959659633178,0,7,0,23,15,false
round_robin,90,0.16332959659633178,1,7,0,23,15,false
round_robin,90,0.16332959659633178,2,8,0,22,15,false
round_robin,90,0.16440655888410188,0,7,0,23,15,false
round_robin,90,0.16440655888410188,1,7,0,23,15,false
round_robin,90,0.16440655888410188,2,7,0,23,15,false
round_robin,90,0.16516028330456112,0,6,0,24,15,false
round_robin,90,0.16516028330456112,1,7,0,23,15,false
round_robin,90,0.16516028330456112,2,7,0,23,15,false
round_robin,90,0.16588836179096805,0,6,0,24,15,false
round_robin,90,0.16588836179096805,1,6,0,24,15,false
round_robin,90,0.16588836179096805,2,7,0,23,15,false
round_robin,90,0.1676330669047695,0,6,0,24,15,false
round_robin,90,0.1676330669047695,1,6,0,24,15,false
round_robin,90,0.1676330669047695,2,6,0,24,15,false
round_robin,90,0.16836592521525057,0,5,0,25,15,false
round_robin,90,0.16836592521525057,1,6,0,24,15,false
round_robin,90,0.16836592521525057,2,6,0,24,15,false
round_robin,90,0.16898793231197912,0,5,0,25,15,false
round_robin,90,0.16898793231197912,1,5,0,25,15,false
round_robin,90,0.16898793231197912,2,6,0,24,15,false
round_robin,90,0.16947751517193296,0,5,0,25,15,false
round_robin,90,0.16947751517193296,1,5,0,25,15,false
round_robin,90,0.16947751517193296,2,5,0,25,15,false
round_robin,90,0.16994732143729602,0,4,0,26,15,false
round_robin,90,0.16994732143729602,1,5,0,25,15,false
round_robin,90,0.16994732143729602,2,5,0,25,15,false
round_robin,90,0.17120408977410417,0,4,0,26,15,false
round_robin,90,0.17120408977410417,1,4,0,26,15,false
round_robin,90,0.17120408977410417,2,5,0,25,15,false
round_robin,90,0.17318498309929045,0,4,0,26,15,false
round_robin,90,0.17318498309929045,1,4,0,26,15,false
round_robin,90,0.17318498309929045,2,4,0,26,15,false
round_robin,90,0.1743166351319007,0,3,0,27,15,false
round_robin,90,0.1743166351319007,1,4,0,26,15,false
round_robin,90,0.1743166351319007,2,4,0,26,15,false
round_robin,90,0.17534633238834618,0,3,0,27,15,false
round_robin,90,0.17534633238834618,1,3,0,27,15,false
round_robin,90,0.17534633238834618,2,4,0,26,15,false
round_robin,90,0.17617283506242964,0,3,0,27,15,false
round_robin,90,0.17617283506242964,1,3,0,27,15,false
round_robin,90,0.17617283506242964,2,3,0,27,15,false
round_robin,90,0.17697331899917967,0,2,0,28,15,false
round_robin,90,0.17697331899917967,1,3,0,27,15,false
round_robin,90,0.17697331899917967,2,3,0,27,15,false
round_robin,90,0.17748777972110563,0,2,0,28,15,false
round_robin,90,0.17748777972110563,1,2,0,28,15,false
round_robin,90,0.17748777972110563,2,3,0,27,15,false
round_robin,90,0.1783231770318951,0,2,0,28,15,false
round_robin,90,0.1783231770318951,1,2,0,28,15,false
round_robin,90,0.1783231770318951,2,2,0,28,15,false
round_robin,90,0.19662199834337485,0,1,0,29,15,false
round_robin,90,0.19662199834337485,1,2,0,28,15,false
round_robin,90,0.19662199834337485,2,2,0,28,15,false
round_robin,90,0.20095740858938704,0,1,0,29,15,false
round_robin,90,0.20095740858938704,1,1,0,29,15,false
round_robin,90,0.20095740858938704,2,2,0,28,15,false
round_robin,90,0.20506280166972063,0,1,0,29,15,false
round_robin,90,0.20506280166972063,1,1,0,29,15,false
round_robin,90,0.20506280166972063,2,1,0,29,15,false
round_robin,90,0.20565360130296034,0,0,0,30,15,false
round_robin,90,0.20565360130296034,1,1,0,29,15,false
round_robin,90,0.20565360130296034,2,1,0,29,15,false
round_robin,90,0.21074126424023415,0,0,0,30,15,false
round_robin,90,0.21074126424023415,1,0,0,30,15,false
round_robin,90,0.21074126424023415,2,1,0,29,15,false
round_robin,90,0.21114348041645925,0,0,0,30,15,false
round_robin,90,0.21114348041645925,1,0,0,30,15,false
round_robin,90,0.21114348041645925,2,0,0,30,15,false
round_robin,90,200,0,0,0,30,15,false
round_robin,90,200,1,0,0,30,15,false
round_robin,90,200,2,0,0,30,15,false
round_robin,120,0,0,0,0,0,15,false
round_robin,120,0,1,0,0,0,15,false
round_robin,120,0,2,0,0,0,15,false
round_robin,120,0.00047560221570713156,0,1,0,0,15,false
round_robin,120,0.00047560221570713156,1,0,0,0,15,false
round_robin,120,0.00047560221570713156,2,0,0,0,15,false
round_robin,120,0.0008902427749516396,0,1,0,0,15,false
round_robin,120,0.0008902427749516396,1,1,0,0,15,false
round_robin,120,0.0008902427749516396,2,0,0,0,15,false
round_robin,120,0.0013722074854747184,0,1,0,0,15,false
round_robin,120,0.0013722074854747184,1,1,0,0,15,false
round_robin,120,0.0013722074854747184,2,1,0,0,15,false
round_robin,120,0.0017782751330687216,0,2,0,0,15,false
round_robin,120,0.0017782751330687216,1,1,0,0,15,false
round_robin,120,0.0017782751330687216,2,1,0,0,15,false
round_robin,120,0.003214286128703037,0,2,0,0,15,false
round_robin,120,0.003214286128703037,1,2,0,0,15,false
round_robin,120,0.003214286128703037,2,1,0,0,15,false
round_robin,120,0.005260618493134087,0,2,0,0,15,false
round_robin,120,0.005260618493134087,1,2,0,0,15,false
round_robin,120,0.005260618493134087,2,2,0,0,15,false
round_robin,120,0.010651850288263225,0,3,0,0,15,false
round_robin,120,0.010651850288263225,1,2,0,0,15,false
round_robin,120,0.010651850288263225,2,2,0,0,15,false
round_robin,120,0.01155386339501664,0,3,0,0,15,false
round_robin,120,0.01155386339501664,1,3,0,0,15,false
round_robin,120,0.01155386339501664,2,2,0,0,15,false
round_robin,120,0.01199460060990481,0,3,0,0,15,false
round_robin,120,0.01199460060990481,1,3,0,0,15,false
round_robin,120,0.01199460060990481,2,3,0,0,15,false
round_robin,120,0.012749264169679694,0,4,0,0,15,false
round_robin,120,0.012749264169679694,1,3,0,0,15,false
round_robin,120,0.012749264169679694,2,3,0,0,15,false
round_robin,120,0.013394580853196766,0,4,0,0,15,false
round_robin,120,0.013394580853196766,1,4,0,0,15,false
round_robin,120,0.013394580853196766,2,3,0,0,15,false
round_robin,120,0.01431948133422595,0,4,0,0,15,false
round_robin,120,0.01431948133422595,1,4,0,0,15,false
round_robin,120,0.01431948133422595,2,4,0,0,15,false
round_robin,120,0.014786596736160703,0,5,0,0,15,false
round_robin,120,0.014786596736160703,1,4,0,0,15,false
round_robin,120,0.014786596736160703,2,4,0,0,15,false
round_robin,120,0.01525819780879265,0,5,0,0,15,false
round_robin,120,0.01525819780879265,1,5,0,0,15,false
round_robin,120,0.01525819780879265,2,4,0,0,15,false
round_robin,120,0.015736757832716684,0,5,0,0,15,false
round_robin,120,0.015736757832716684,1,5,0,0,15,false
round_robin,120,0.015736757832716684,2,5,0,0,15,false
round_robin,120,0.018201794392802277,0,6,0,0,15,false
round_robin,120,0.018201794392802277,1,5,0,0,15,false
round_robin,120,0.018201794392802277,2,5,0,0,15,false
round_robin,120,0.018832388565872497,0,6,0,0,15,false
round_robin,120,0.018832388565872497,1,6,0,0,15,false
round_robin,120,0.018832388565872497,2,5,0,0,15,false
round_robin,120,0.021310737174254895,0,6,0,0,15,false
round_robin,120,0.021310737174254895,1,6,0,0,15,false
round_robin,120,0.021310737174254895,2,6,0,0,15,false
round_robin,120,0.021826769192502406,0,7,0,0,15,false
round_robin,120,0.021826769192502406,1,6,0,0,15,false
round_robin,120,0.021826769192502406,2,6,0,0,15,false
round_robin,120,0.02297929492186218,0,7,0,0,15,false
round_robin,120,0.02297929492186218,1,7,0,0,15,false
round_robin,120,0.02297929492186218,2,6,0,0,15,false
round_robin,120,0.023416254191839687,0,7,0,0,15,false
round_robin,120,0.023416254191839687,1,7,0,0,15,false
round_robin,120,0.023416254191839687,2,7,0,0,15,false
round_robin,120,0.02444234738395824,0,8,0,0,15,false
round_robin,120,0.02444234738395824,1,7,0,0,15,false
round_robin,120,0.02444234738395824,2,7,0,0,15,false
round_robin,120,0.025232240282239044,0,8,0,0,15,false
round_robin,120,0.025232240282239044,1,8,0,0,15,false
round_robin,120,0.025232240282239044,2,7,0,0,15,false
round_robin,120,0.02818950751284326,0,8,0,0,15,false
round_robin,120,0.02818950751284326,1,8,0,0,15,false
round_robin,120,0.02818950751284326,2,8,0,0,15,false
round_robin,120,0.028781443727169634,0,9,0,0,15,false
round_robin,120,0.028781443727169634,1,8,0,0,15,false
round_robin,120,0.028781443727169634,2,8,0,0,15,false
round_robin,120,0.030947751623535316,0,9,0,0,15,false
round_robin,120,0.030947751623535316,1,9,0,0,15,false
round_robin,120,0.030947751623535316,2,8,0,0,15,false
round_robin,120,0.03174922174626459,0,9,0,0,15,false
round_robin,120,0.03174922174626459,1,9,0,0,15,false
round_robin,120,0.03174922174626459,2,9,0,0,15,false
round_robin,120,0.03221762698880368,0,10,0,0,15,false
round_robin,120,0.03221762698880368,1,9,0,0,15,false
round_robin,120,0.03221762698880368,2,9,0,0,15,false
round_robin,120,0.032836425858379065,0,10,0,0,15,false
round_robin,120,0.032836425858379065,1,10,0,0,15,false
round_robin,120,0.032836425858379065,2,9,0,0,15,false
round_robin,120,0.03326024506189888,0,10,0,0,15,false
round_robin,120,0.03326024506189888,1,10,0,0,15,false
round_robin,120,0.03326024506189888,2,10,0,0,15,false
round_robin,120,0.034540544190313355,0,11,0,0,15,false
round_robin,120,0.034540544190313355,1,10,0,0,15,false
round_robin,120,0.034540544190313355,2,10,0,0,15,false
round_robin,120,0.03513681438693138,0,11,0,0,15,false
round_robin,120,0.03513681438693138,1,11,0,0,15,false
round_robin,120,0.03513681438693138,2,10,0,0,15,false
round_robin,120,0.035641835318051936,0,11,0,0,15,false
round_robin,120,0.035641835318051936,1,11,0,0,15,false
round_robin,120,0.035641835318051936,2,11,0,0,15,false
round_robin,120,0.03662978830951366,0,12,0,0,15,false
round_robin,120,0.03662978830951366,1,11,0,0,15,false
round_robin,120,0.03662978830951366,2,11,0,0,15,false
round_robin,120,0.03760079910383589,0,12,0,0,15,false
round_robin,120,0.03760079910383589,1,12,0,0,15,false
round_robin,120,0.03760079910383589,2,11,0,0,15,false
round_robin,120,0.03853183822154585,0,12,0,0,15,false
round_robin,120,0.03853183822154585,1,12,0,0,15,false
round_robin,120,0.03853183822154585,2,12,0,0,15,false
round_robin,120,0.039864328821396906,0,13,0,0,15,false
round_robin,120,0.039864328821396906,1,12,0,0,15,false
round_robin,120,0.039864328821396906,2,12,0,0,15,false
round_robin,120,0.040449490583286424,0,13,0,0,15,false
round_robin,120,0.040449490583286424,1,13,0,0,15,false
round_robin,120,0.040449490583286424,2,12,0,0,15,false
round_robin,120,0.041013210010879986,0,13,0,0,15,false
round_robin,120,0.041013210010879986,1,13,0,0,15,false
round_robin,120,0.041013210010879986,2,13,0,0,15,false
round_robin,120,0.041556294717882046,0,14,0,0,15,false
round_robin,120,0.041556294717882046,1,13,0,0,15,false
round_robin,120,0.041556294717882046,2,13,0,0,15,false
round_robin,120,0.04260791229707535,0,14,0,0,15,false
round_robin,120,0.04260791229707535,1,14,0,0,15,false
round_robin,120,0.04260791229707535,2,13,0,0,15,false
round_robin,120,0.04329335430153252,0,14,0,0,15,false
round_robin,120,0.04329335430153252,1,14,0,0,15,false
round_robin,120,0.04329335430153252,2,14,0,0,15,false
round_robin,120,0.044133159931770014,0,15,0,0,15,false
round_robin,120,0.044133159931770014,1,14,0,0,15,false
round_robin,120,0.044133159931770014,2,14,0,0,15,false
round_robin,120,0.04468520310943064,0,15,0,0,15,false
round_robin,120,0.04468520310943064,1,15,0,0,15,false
round_robin,120,0.04468520310943064,2,14,0,0,15,false
round_robin,120,0.04537031555832504,0,15,0,0,15,false
round_robin,120,0.04537031555832504,1,15,0,0,15,false
round_robin,120,0.04537031555832504,2,15,0,0,15,false
round_robin,120,0.045777526872492855,0,15,1,0,15,false
round_robin,120,0.045777526872492855,1,15,0,0,15,false
round_robin,120,0.045777526872492855,2,15,0,0,15,false
round_robin,120,0.046250614263669644,0,15,1,0,15,false
round_robin,120,0.046250614263669644,1,15,1,0,15,false
round_robin,120,0.046250614263669644,2,15,0,0,15,false
round_robin,120,0.04725380676489505,0,15,1,0,15,false
round_robin,120,0.04725380676489505,1,15,1,0,15,false
round_robin,120,0.04725380676489505,2,15,1,0,15,false
round_robin,120,0.04793619946445053,0,15,2,0,15,false
round_robin,120,0.04793619946445053,1,15,1,0,15,false
round_robin,120,0.04793619946445053,2,15,1,0,15,false
round_robin,120,0.04849007582124022,0,15,2,0,15,false
round_robin,120,0.04849007582124022,1,15,2,0,15,false
round_robin,120,0.04849007582124022,2,15,1,0,15,false
round_robin,120,0.050475602215707134,0,15,1,1,15,false
round_robin,120,0.050475602215707134,1,15,2,0,15,false
round_robin,120,0.050475602215707134,2,15,1,0,15,false
round_robin,120,0.05089024277495164,0,15,1,1,15,false
round_robin,120,0.05089024277495164,1,15,1,1,15,false
round_robin,120,0.05089024277495164,2,15,1,0,15,false
round_robin,120,0.05094320770347008,0,15,1,1,15,false
round_robin,120,0.05094320770347008,1,15,1,1,15,false
round_robin,120,0.05094320770347008,2,15,2,0,15,false
round_robin,120,0.05137220748547472,0,15,1,1,15,false
round_robin,120,0.05137220748547472,1,15,1,1,15,false
round_robin,120,0.05137220748547472,2,15,1,1,15,false
round_robin,120,0.05177827513306872,0,15,0,2,15,false
round_robin,120,0.05177827513306872,1,15,1,1,15,false
round_robin,120,0.05177827513306872,2,15,1,1,15,false
round_robin,120,0.05182321212133679,0,15,1,2,15,false
round_robin,120,0.05182321212133679,1,15,1,1,15,false
round_robin,120,0.05182321212133679,2,15,1,1,15,false
round_robin,120,0.05237604674988619,0,15,1,2,15,false
round_robin,120,0.05237604674988619,1,15,2,1,15,false
round_robin,120,0.05237604674988619,2,15,1,1,15,false
round_robin,120,0.052903365088782676,0,15,1,2,15,false
round_robin,120,0.052903365088782676,1,15,2,1,15,false
round_robin,120,0.052903365088782676,2,15,2,1,15,false
round_robin,120,0.05321428612870304,0,15,1,2,15,false
round_robin,120,0.05321428612870304,1,15,1,2,15,false
round_robin,120,0.05321428612870304,2,15,2,1,15,false
round_robin,120,0.05331170011012059,0,15,2,2,15,false
round_robin,120,0.05331170011012059,1,15,1,2,15,false
round_robin,120,0.05331170011012059,2,15,2,1,15,false
round_robin,120,0.053807780203692195,0,15,2,2,15,false
round_robin,120,0.053807780203692195,1,15,2,2,15,false
round_robin,120,0.053807780203692195,2,15,2,1,15,false
round_robin,120,0.05450050879276619,0,15,2,2,15,false
round_robin,120,0.05450050879276619,1,15,2,2,15,false
round_robin,120,0.05450050879276619,2,15,3,1,15,false
round_robin,120,0.055137775446666995,0,15,3,2,15,false
round_robin,120,0.055137775446666995,1,15,2,2,15,false
round_robin,120,0.055137775446666995,2,15,3,1,15,false
round_robin,120,0.05526061849313409,0,15,3,2,15,false
round_robin,120,0.05526061849313409,1,15,2,2,15,false
round_robin,120,0.05526061849313409,2,15,2,2,15,false
round_robin,120,0.055853725034559314,0,15,3,2,15,false
round_robin,120,0.055853725034559314,1,15,3,2,15,false
round_robin,120,0.055853725034559314,2,15,2,2,15,false
round_robin,120,0.05723807364168335,0,15,3,2,15,false
round_robin,120,0.05723807364168335,1,15,3,2,15,false
round_robin,120,0.05723807364168335,2,15,3,2,15,false
round_robin,120,0.057741844980607394,0,15,4,2,15,false
round_robin,120,0.057741844980607394,1,15,3,2,15,false
round_robin,120,0.057741844980607394,2,15,3,2,15,false
round_robin,120,0.05818217358087175,0,15,4,2,15,false
round_robin,120,0.05818217358087175,1,15,4,2,15,false
round_robin,120,0.05818217358087175,2,15,3,2,15,false
round_robin,120,0.05878613882616086,0,15,4,2,15,false
round_robin,120,0.05878613882616086,1,15,4,2,15,false
round_robin,120,0.05878613882616086,2,15,4,2,15,false
round_robin,120,0.059873495173939126,0,15,5,2,15,false
round_robin,120,0.059873495173939126,1,15,4,2,15,false
round_robin,120,0.059873495173939126,2,15,4,2,15,false
round_robin,120,0.060323222912319514,0,15,5,2,15,false
round_robin,120,0.060323222912319514,1,15,5,2,15,false
round_robin,120,0.060323222912319514,2,15,4,2,15,false
round_robin,120,0.060651850288263226,0,15,4,3,15,false
round_robin,120,0.060651850288263226,1,15,5,2,15,false
round_robin,120,0.060651850288263226,2,15,4,2,15,false
round_robin,120,0.061553863395016645,0,15,4,3,15,false
round_robin,120,0.061553863395016645,1,15,4,3,15,false
round_robin,120,0.061553863395016645,2,15,4,2,15,false
round_robin,120,0.061909133410924626,0,15,4,3,15,false
round_robin,120,0.061909133410924626,1,15,4,3,15,false
round_robin,120,0.061909133410924626,2,15,5,2,15,false
round_robin,120,0.06199460060990481,0,15,4,3,15,false
round_robin,120,0.06199460060990481,1,15,4,3,15,false
round_robin,120,0.06199460060990481,2,15,4,3,15,false
round_robin,120,0.062358918166867644,0,15,5,3,15,false
round_robin,120,0.062358918166867644,1,15,4,3,15,false
round_robin,120,0.062358918166867644,2,15,4,3,15,false
round_robin,120,0.0627492641696797,0,15,4,4,15,false
round_robin,120,0.0627492641696797,1,15,4,3,15,false
round_robin,120,0.0627492641696797,2,15,4,3,15,false
round_robin,120,0.06311085003903763,0,15,4,4,15,false
round_robin,120,0.06311085003903763,1,15,5,3,15,false
round_robin,120,0.06311085003903763,2,15,4,3,15,false
round_robin,120,0.06339458085319677,0,15,4,4,15,false
round_robin,120,0.06339458085319677,1,15,4,4,15,false
round_robin,120,0.06339458085319677,2,15,4,3,15,false
round_robin,120,0.06362917762523174,0,15,4,4,15,false
round_robin,120,0.06362917762523174,1,15,4,4,15,false
round_robin,120,0.06362917762523174,2,15,5,3,15,false
round_robin,120,0.06411013084570018,0,15,5,4,15,false
round_robin,120,0.06411013084570018,1,15,4,4,15,false
round_robin,120,0.06411013084570018,2,15,5,3,15,false
round_robin,120,0.06431948133422595,0,15,5,4,15,false
round_robin,120,0.06431948133422595,1,15,4,4,15,false
round_robin,120,0.06431948133422595,2,15,4,4,15,false
round_robin,120,0.0647865967361607,0,15,4,5,15,false
round_robin,120,0.0647865967361607,1,15,4,4,15,false
round_robin,120,0.0647865967361607,2,15,4,4,15,false
round_robin,120,0.06498729265634762,0,15,4,5,15,false
round_robin,120,0.06498729265634762,1,15,5,4,15,false
round_robin,120,0.06498729265634762,2,15,4,4,15,false
round_robin,120,0.06525819780879265,0,15,4,5,15,false
round_robin,120,0.06525819780879265,1,15,4,5,15,false
round_robin,120,0.06525819780879265,2,15,4,4,15,false
round_robin,120,0.06554010167316834,0,15,4,5,15,false
round_robin,120,0.06554010167316834,1,15,4,5,15,false
round_robin,120,0.06554010167316834,2,15,5,4,15,false
round_robin,120,0.06573675783271668,0,15,4,5,15,false
round_robin,120,0.06573675783271668,1,15,4,5,15,false
round_robin,120,0.06573675783271668,2,15,4,5,15,false
round_robin,120,0.06602304079701234,0,15,5,5,15,false
round_robin,120,0.06602304079701234,1,15,4,5,15,false
round_robin,120,0.06602304079701234,2,15,4,5,15,false
round_robin,120,0.06657965880459253,0,15,5,5,15,false
round_robin,120,0.06657965880459253,1,15,5,5,15,false
round_robin,120,0.06657965880459253,2,15,4,5,15,false
round_robin,120,0.06726940393752101,0,15,5,5,15,false
round_robin,120,0.06726940393752101,1,15,5,5,15,false
round_robin,120,0.06726940393752101,2,15,5,5,15,false
round_robin,120,0.06820179439280227,0,15,4,6,15,false
round_robin,120,0.06820179439280227,1,15,5,5,15,false
round_robin,120,0.06820179439280227,2,15,5,5,15,false
round_robin,120,0.06822637613526433,0,15,5,6,15,false
round_robin,120,0.06822637613526433,1,15,5,5,15,false
round_robin,120,0.06822637613526433,2,15,5,5,15,false
round_robin,120,0.0688323885658725,0,15,5,6,15,false
round_robin,120,0.0688323885658725,1,15,4,6,15,false
round_robin,120,0.0688323885658725,2,15,5,5,15,false
round_robin,120,0.06889609127499059,0,15,5,6,15,false
round_robin,120,0.06889609127499059,1,15,5,6,15,false
round_robin,120,0.06889609127499059,2,15,5,5,15,false
round_robin,120,0.070355376299605,0,15,5,6,15,false
round_robin,120,0.070355376299605,1,15,5,6,15,false
round_robin,120,0.070355376299605,2,15,6,5,15,false
round_robin,120,0.07094136033109713,0,15,6,6,15,false
round_robin,120,0.07094136033109713,1,15,5,6,15,false
round_robin,120,0.07094136033109713,2,15,6,5,15,false
round_robin,120,0.0713107371742549,0,15,6,6,15,false
round_robin,120,0.0713107371742549,1,15,5,6,15,false
round_robin,120,0.0713107371742549,2,15,5,6,15,false
round_robin,120,0.07145849819864279,0,15,6,6,15,false
round_robin,120,0.07145849819864279,1,15,6,6,15,false
round_robin,120,0.07145849819864279,2,15,5,6,15,false
round_robin,120,0.07182676919250242,0,15,5,7,15,false
round_robin,120,0.07182676919250242,1,15,6,6,15,false
round_robin,120,0.07182676919250242,2,15,5,6,15,false
round_robin,120,0.07197245359602389,0,15,5,7,15,false
round_robin,120,0.07197245359602389,1,15,6,6,15,false
round_robin,120,0.07197245359602389,2,15,6,6,15,false
round_robin,120,0.07297929492186218,0,15,5,7,15,false
round_robin,120,0.07297929492186218,1,15,5,7,15,false
round_robin,120,0.07297929492186218,2,15,6,6,15,false
round_robin,120,0.0734162541918397,0,15,5,7,15,false
round_robin,120,0.0734162541918397,1,15,5,7,15,false
round_robin,120,0.0734162541918397,2,15,5,7,15,false
round_robin,120,0.07444234738395825,0,15,4,8,15,false
round_robin,120,0.07444234738395825,1,15,5,7,15,false
round_robin,120,0.07444234738395825,2,15,5,7,15,false
round_robin,120,0.07507370230644443,0,15,5,8,15,false
round_robin,120,0.07507370230644443,1,15,5,7,15,false
round_robin,120,0.07507370230644443,2,15,5,7,15,false
round_robin,120,0.07523224028223904,0,15,5,8,15,false
round_robin,120,0.07523224028223904,1,15,4,8,15,false
round_robin,120,0.07523224028223904,2,15,5,7,15,false
round_robin,120,0.07547742555088753,0,15,5,8,15,false
round_robin,120,0.07547742555088753,1,15,5,8,15,false
round_robin,120,0.07547742555088753,2,15,5,7,15,false
round_robin,120,0.07609649816266857,0,15,5,8,15,false
round_robin,120,0.07609649816266857,1,15,5,8,15,false
round_robin,120,0.07609649816266857,2,15,6,7,15,false
round_robin,120,0.07818950751284326,0,15,5,8,15,false
round_robin,120,0.07818950751284326,1,15,5,8,15,false
round_robin,120,0.07818950751284326,2,15,5,8,15,false
round_robin,120,0.07878144372716964,0,15,4,9,15,false
round_robin,120,0.07878144372716964,1,15,5,8,15,false
round_robin,120,0.07878144372716964,2,15,5,8,15,false
round_robin,120,0.08094775162353532,0,15,4,9,15,false
round_robin,120,0.08094775162353532,1,15,4,9,15,false
round_robin,120,0.08094775162353532,2,15,5,8,15,false
round_robin,120,0.08174922174626459,0,15,4,9,15,false
round_robin,120,0.08174922174626459,1,15,4,9,15,false
round_robin,120,0.08174922174626459,2,15,4,9,15,false
round_robin,120,0.08221762698880368,0,15,3,10,15,false
round_robin,120,0.08221762698880368,1,15,4,9,15,false
round_robin,120,0.08221762698880368,2,15,4,9,15,false
round_robin,120,0.08283642585837907,0,15,3,10,15,false
round_robin,120,0.08283642585837907,1,15,3,10,15,false
round_robin,120,0.08283642585837907,2,15,4,9,15,false
round_robin,120,0.08326024506189889,0,15,3,10,15,false
round_robin,120,0.08326024506189889,1,15,3,10,15,false
round_robin,120,0.08326024506189889,2,15,3,10,15,false
round_robin,120,0.08454054419031336,0,15,2,11,15,false
round_robin,120,0.08454054419031336,1,15,3,10,15,false
round_robin,120,0.08454054419031336,2,15,3,10,15,false
round_robin,120,0.08513681438693138,0,15,2,11,15,false
round_robin,120,0.08513681438693138,1,15,2,11,15,false
round_robin,120,0.08513681438693138,2,15,3,10,15,false
round_robin,120,0.08564183531805195,0,15,2,11,15,false
round_robin,120,0.08564183531805195,1,15,2,11,15,false
round_robin,120,0.08564183531805195,2,15,2,11,15,false
round_robin,120,0.08637485037404338,0,15,3,11,15,false
round_robin,120,0.08637485037404338,1,15,2,11,15,false
round_robin,120,0.08637485037404338,2,15,2,11,15,false
round_robin,120,0.08662978830951366,0,15,2,12,15,false
round_robin,120,0.08662978830951366,1,15,2,11,15,false
round_robin,120,0.08662978830951366,2,15,2,11,15,false
round_robin,120,0.08732372910698645,0,15,2,12,15,false
round_robin,120,0.08732372910698645,1,15,3,11,15,false
round_robin,120,0.08732372910698645,2,15,2,11,15,false
round_robin,120,0.08760079910383589,0,15,2,12,15,false
round_robin,120,0.08760079910383589,1,15,2,12,15,false
round_robin,120,0.08760079910383589,2,15,2,11,15,false
round_robin,120,0.08853183822154585,0,15,2,12,15,false
round_robin,120,0.08853183822154585,1,15,2,12,15,false
round_robin,120,0.08853183822154585,2,15,1,12,15,false
round_robin,120,0.08862266493570733,0,15,2,12,15,false
round_robin,120,0.08862266493570733,1,15,2,12,15,false
round_robin,120,0.08862266493570733,2,15,2,12,15,false
round_robin,120,0.08913921796567303,0,15,3,12,15,false
round_robin,120,0.08913921796567303,1,15,2,12,15,false
round_robin,120,0.08913921796567303,2,15,2,12,15,false
round_robin,120,0.08986432882139692,0,15,2,13,15,false
round_robin,120,0.08986432882139692,1,15,2,12,15,false
round_robin,120,0.08986432882139692,2,15,2,12,15,false
round_robin,120,0.09043937324137225,0,15,2,13,15,false
round_robin,120,0.09043937324137225,1,15,3,12,15,false
round_robin,120,0.09043937324137225,2,15,2,12,15,false
round_robin,120,0.09044949058328643,0,15,2,13,15,false
round_robin,120,0.09044949058328643,1,15,2,13,15,false
round_robin,120,0.09044949058328643,2,15,2,12,15,false
round_robin,120,0.09097096557742064,0,15,2,13,15,false
round_robin,120,0.09097096557742064,1,15,2,13,15,false
round_robin,120,0.09097096557742064,2,15,3,12,15,false
round_robin,120,0.09101321001087999,0,15,2,13,15,false
round_robin,120,0.09101321001087999,1,15,2,13,15,false
round_robin,120,0.09101321001087999,2,15,2,13,15,false
round_robin,120,0.09150229948040252,0,15,3,13,15,false
round_robin,120,0.09150229948040252,1,15,2,13,15,false
round_robin,120,0.09150229948040252,2,15,2,13,15,false
round_robin,120,0.09155629471788204,0,15,2,14,15,false
round_robin,120,0.09155629471788204,1,15,2,13,15,false
round_robin,120,0.09155629471788204,2,15,2,13,15,false
round_robin,120,0.09260791229707535,0,15,2,14,15,false
round_robin,120,0.09260791229707535,1,15,1,14,15,false
round_robin,120,0.09260791229707535,2,15,2,13,15,false
round_robin,120,0.09329335430153252,0,15,2,14,15,false
round_robin,120,0.09329335430153252,1,15,1,14,15,false
round_robin,120,0.09329335430153252,2,15,1,14,15,false
round_robin,120,0.09349883388372372,0,15,2,14,15,false
round_robin,120,0.09349883388372372,1,15,2,14,15,false
round_robin,120,0.09349883388372372,2,15,1,14,15,false
round_robin,120,0.09394608792258285,0,15,2,14,15,false
round_robin,120,0.09394608792258285,1,15,2,14,15,false
round_robin,120,0.09394608792258285,2,15,2,14,15,false
round_robin,120,0.09413315993177002,0,15,1,15,15,false
round_robin,120,0.09413315993177002,1,15,2,14,15,false
round_robin,120,0.09413315993177002,2,15,2,14,15,false
round_robin,120,0.09446614807596758,0,15,2,15,15,false
round_robin,120,0.09446614807596758,1,15,2,14,15,false
round_robin,120,0.09446614807596758,2,15,2,14,15,false
round_robin,120,0.09468520310943064,0,15,2,15,15,false
round_robin,120,0.09468520310943064,1,15,1,15,15,false
round_robin,120,0.09468520310943064,2,15,2,14,15,false
round_robin,120,0.09537031555832504,0,15,2,15,15,false
round_robin,120,0.09537031555832504,1,15,1,15,15,false
round_robin,120,0.09537031555832504,2,15,1,15,15,false
round_robin,120,0.10047560221570714,0,15,1,16,15,false
round_robin,120,0.10047560221570714,1,15,1,15,15,false
round_robin,120,0.10047560221570714,2,15,1,15,15,false
round_robin,120,0.10089024277495165,0,15,1,16,15,false
round_robin,120,0.10089024277495165,1,15,0,16,15,false
round_robin,120,0.10089024277495165,2,15,1,15,15,false
round_robin,120,0.10137220748547472,0,15,1,16,15,false
round_robin,120,0.10137220748547472,1,15,0,16,15,false
round_robin,120,0.10137220748547472,2,15,0,16,15,false
round_robin,120,0.10177827513306872,0,15,0,17,15,false
round_robin,120,0.10177827513306872,1,15,0,16,15,false
round_robin,120,0.10177827513306872,2,15,0,16,15,false
round_robin,120,0.10321428612870304,0,15,0,17,15,false
round_robin,120,0.10321428612870304,1,14,0,17,15,false
round_robin,120,0.10321428612870304,2,15,0,16,15,false
round_robin,120,0.10526061849313409,0,15,0,17,15,false
round_robin,120,0.10526061849313409,1,14,0,17,15,false
round_robin,120,0.10526061849313409,2,14,0,17,15,false
round_robin,120,0.105763115385583,0,15,0,17,15,false
round_robin,120,0.105763115385583,1,15,0,17,15,false
round_robin,120,0.105763115385583,2,14,0,17,15,false
round_robin,120,0.10624639754007474,0,15,0,17,15,false
round_robin,120,0.10624639754007474,1,15,0,17,15,false
round_robin,120,0.10624639754007474,2,15,0,17,15,false
round_robin,120,0.10664769853196561,0,15,1,17,15,false
round_robin,120,0.10664769853196561,1,15,0,17,15,false
round_robin,120,0.10664769853196561,2,15,0,17,15,false
round_robin,120,0.11000378087662906,0,15,1,17,15,false
round_robin,120,0.11000378087662906,1,15,1,17,15,false
round_robin,120,0.11000378087662906,2,15,0,17,15,false
round_robin,120,0.11045690261230888,0,15,1,17,15,false
round_robin,120,0.11045690261230888,1,15,1,17,15,false
round_robin,120,0.11045690261230888,2,15,1,17,15,false
round_robin,120,0.11065185028826323,0,15,0,18,15,false
round_robin,120,0.11065185028826323,1,15,1,17,15,false
round_robin,120,0.11065185028826323,2,15,1,17,15,false
round_robin,120,0.11155386339501665,0,15,0,18,15,false
round_robin,120,0.11155386339501665,1,15,0,18,15,false
round_robin,120,0.11155386339501665,2,15,1,17,15,false
round_robin,120,0.11199460060990482,0,15,0,18,15,false
round_robin,120,0.11199460060990482,1,15,0,18,15,false
round_robin,120,0.11199460060990482,2,15,0,18,15,false
round_robin,120,0.1127492641696797,0,14,0,19,15,false
round_robin,120,0.1127492641696797,1,15,0,18,15,false
round_robin,120,0.1127492641696797,2,15,0,18,15,false
round_robin,120,0.11292019665445283,0,15,0,19,15,false
round_robin,120,0.11292019665445283,1,15,0,18,15,false
round_robin,120,0.11292019665445283,2,15,0,18,15,false
round_robin,120,0.11339458085319677,0,15,0,19,15,false
round_robin,120,0.11339458085319677,1,14,0,19,15,false
round_robin,120,0.11339458085319677,2,15,0,18,15,false
round_robin,120,0.11431948133422595,0,15,0,19,15,false
round_robin,120,0.11431948133422595,1,14,0,19,15,false
round_robin,120,0.11431948133422595,2,14,0,19,15,false
round_robin,120,0.1147865967361607,0,14,0,20,15,false
round_robin,120,0.1147865967361607,1,14,0,19,15,false
round_robin,120,0.1147865967361607,2,14,0,19,15,false
round_robin,120,0.11525819780879265,0,14,0,20,15,false
round_robin,120,0.11525819780879265,1,13,0,20,15,false
round_robin,120,0.11525819780879265,2,14,0,19,15,false
round_robin,120,0.11573675783271668,0,14,0,20,15,false
round_robin,120,0.11573675783271668,1,13,0,20,15,false
round_robin,120,0.11573675783271668,2,13,0,20,15,false
round_robin,120,0.11820179439280228,0,13,0,21,15,false
round_robin,120,0.11820179439280228,1,13,0,20,15,false
round_robin,120,0.11820179439280228,2,13,0,20,15,false
round_robin,120,0.11838675543673033,0,13,0,21,15,false
round_robin,120,0.11838675543673033,1,14,0,20,15,false
round_robin,120,0.11838675543673033,2,13,0,20,15,false
round_robin,120,0.1188323885658725,0,13,0,21,15,false
round_robin,120,0.1188323885658725,1,13,0,21,15,false
round_robin,120,0.1188323885658725,2,13,0,20,15,false
round_robin,120,0.11910871680568669,0,13,0,21,15,false
round_robin,120,0.11910871680568669,1,13,0,21,15,false
round_robin,120,0.11910871680568669,2,14,0,20,15,false
round_robin,120,0.11968490136945226,0,14,0,21,15,false
round_robin,120,0.11968490136945226,1,13,0,21,15,false
round_robin,120,0.11968490136945226,2,14,0,20,15,false
round_robin,120,0.12092864114272762,0,14,0,21,15,false
round_robin,120,0.12092864114272762,1,14,0,21,15,false
round_robin,120,0.12092864114272762,2,14,0,20,15,false
round_robin,120,0.1213107371742549,0,14,0,21,15,false
round_robin,120,0.1213107371742549,1,14,0,21,15,false
round_robin,120,0.1213107371742549,2,13,0,21,15,false
round_robin,120,0.12182676919250242,0,13,0,22,15,false
round_robin,120,0.12182676919250242,1,14,0,21,15,false
round_robin,120,0.12182676919250242,2,13,0,21,15,false
round_robin,120,0.12297929492186219,0,13,0,22,15,false
round_robin,120,0.12297929492186219,1,13,0,22,15,false
round_robin,120,0.12297929492186219,2,13,0,21,15,false
round_robin,120,0.1234162541918397,0,13,0,22,15,false
round_robin,120,0.1234162541918397,1,13,0,22,15,false
round_robin,120,0.1234162541918397,2,12,0,22,15,false
round_robin,120,0.12424896751278554,0,13,0,22,15,false
round_robin,120,0.12424896751278554,1,13,0,22,15,false
round_robin,120,0.12424896751278554,2,13,0,22,15,false
round_robin,120,0.12444234738395825,0,12,0,23,15,false
round_robin,120,0.12444234738395825,1,13,0,22,15,false
round_robin,120,0.12444234738395825,2,13,0,22,15,false
round_robin,120,0.12470651196118596,0,13,0,23,15,false
round_robin,120,0.12470651196118596,1,13,0,22,15,false
round_robin,120,0.12470651196118596,2,13,0,22,15,false
round_robin,120,0.12523224028223906,0,13,0,23,15,false
round_robin,120,0.12523224028223906,1,12,0,23,15,false
round_robin,120,0.12523224028223906,2,13,0,22,15,false
round_robin,120,0.1252646151798518,0,13,0,23,15,false
round_robin,120,0.1252646151798518,1,13,0,23,15,false
round_robin,120,0.1252646151798518,2,13,0,22,15,false
round_robin,120,0.12570241438892735,0,13,0,23,15,false
round_robin,120,0.12570241438892735,1,13,0,23,15,false
round_robin,120,0.12570241438892735,2,14,0,22,15,false
round_robin,120,0.12818950751284325,0,13,0,23,15,false
round_robin,120,0.12818950751284325,1,13,0,23,15,false
round_robin,120,0.12818950751284325,2,13,0,23,15,false
round_robin,120,0.12878144372716965,0,12,0,24,15,false
round_robin,120,0.12878144372716965,1,13,0,23,15,false
round_robin,120,0.12878144372716965,2,13,0,23,15,false
round_robin,120,0.12894085327481442,0,13,0,24,15,false
round_robin,120,0.12894085327481442,1,13,0,23,15,false
round_robin,120,0.12894085327481442,2,13,0,23,15,false
round_robin,120,0.1294609373269934,0,13,0,24,15,false
round_robin,120,0.1294609373269934,1,14,0,23,15,false
round_robin,120,0.1294609373269934,2,13,0,23,15,false
round_robin,120,0.13004135914744488,0,13,0,24,15,false
round_robin,120,0.13004135914744488,1,14,0,23,15,false
round_robin,120,0.13004135914744488,2,14,0,23,15,false
round_robin,120,0.13094775162353534,0,13,0,24,15,false
round_robin,120,0.13094775162353534,1,13,0,24,15,false
round_robin,120,0.13094775162353534,2,14,0,23,15,false
round_robin,120,0.13174922174626458,0,13,0,24,15,false
round_robin,120,0.13174922174626458,1,13,0,24,15,false
round_robin,120,0.13174922174626458,2,13,0,24,15,false
round_robin,120,0.13221762698880368,0,12,0,25,15,false
round_robin,120,0.13221762698880368,1,13,0,24,15,false
round_robin,120,0.13221762698880368,2,13,0,24,15,false
round_robin,120,0.13244016344686127,0,13,0,25,15,false
round_robin,120,0.13244016344686127,1,13,0,24,15,false
round_robin,120,0.13244016344686127,2,13,0,24,15,false
round_robin,120,0.13283642585837907,0,13,0,25,15,false
round_robin,120,0.13283642585837907,1,12,0,25,15,false
round_robin,120,0.13283642585837907,2,13,0,24,15,false
round_robin,120,0.1330174591641171,0,13,0,25,15,false
round_robin,120,0.1330174591641171,1,13,0,25,15,false
round_robin,120,0.1330174591641171,2,13,0,24,15,false
round_robin,120,0.13326024506189887,0,13,0,25,15,false
round_robin,120,0.13326024506189887,1,13,0,25,15,false
round_robin,120,0.13326024506189887,2,12,0,25,15,false
round_robin,120,0.13380083515614485,0,13,0,25,15,false
round_robin,120,0.13380083515614485,1,13,0,25,15,false
round_robin,120,0.13380083515614485,2,13,0,25,15,false
round_robin,120,0.13448973211511323,0,14,0,25,15,false
round_robin,120,0.13448973211511323,1,13,0,25,15,false
round_robin,120,0.13448973211511323,2,13,0,25,15,false
round_robin,120,0.13454054419031336,0,13,0,26,15,false
round_robin,120,0.13454054419031336,1,13,0,25,15,false
round_robin,120,0.13454054419031336,2,13,0,25,15,false
round_robin,120,0.13513681438693137,0,13,0,26,15,false
round_robin,120,0.13513681438693137,1,12,0,26,15,false
round_robin,120,0.13513681438693137,2,13,0,25,15,false
round_robin,120,0.13564183531805196,0,13,0,26,15,false
round_robin,120,0.13564183531805196,1,12,0,26,15,false
round_robin,120,0.13564183531805196,2,12,0,26,15,false
round_robin,120,0.13662978830951367,0,12,0,27,15,false
round_robin,120,0.13662978830951367,1,12,0,26,15,false
round_robin,120,0.13662978830951367,2,12,0,26,15,false
round_robin,120,0.13760079910383588,0,12,0,27,15,false
round_robin,120,0.13760079910383588,1,11,0,27,15,false
round_robin,120,0.13760079910383588,2,12,0,26,15,false
round_robin,120,0.13853183822154586,0,12,0,27,15,false
round_robin,120,0.13853183822154586,1,11,0,27,15,false
round_robin,120,0.13853183822154586,2,11,0,27,15,false
round_robin,120,0.13911854286666442,0,12,0,27,15,false
round_robin,120,0.13911854286666442,1,12,0,27,15,false
round_robin,120,0.13911854286666442,2,11,0,27,15,false
round_robin,120,0.13954486071031647,0,12,0,27,15,false
round_robin,120,0.13954486071031647,1,12,0,27,15,false
round_robin,120,0.13954486071031647,2,12,0,27,15,false
round_robin,120,0.13986432882139693,0,11,0,28,15,false
round_robin,120,0.13986432882139693,1,12,0,27,15,false
round_robin,120,0.13986432882139693,2,12,0,27,15,false
round_robin,120,0.14044949058328643,0,11,0,28,15,false
round_robin,120,0.14044949058328643,1,11,0,28,15,false
round_robin,120,0.14044949058328643,2,12,0,27,15,false
round_robin,120,0.14061886943545096,0,12,0,28,15,false
round_robin,120,0.14061886943545096,1,11,0,28,15,false
round_robin,120,0.14061886943545096,2,12,0,27,15,false
round_robin,120,0.14101321001088,0,12,0,28,15,false
round_robin,120,0.14101321001088,1,11,0,28,15,false
round_robin,120,0.14101321001088,2,11,0,28,15,false
round_robin,120,0.1411413094703914,0,12,0,28,15,false
round_robin,120,0.1411413094703914,1,12,0,28,15,false
round_robin,120,0.1411413094703914,2,11,0,28,15,false
round_robin,120,0.14155629471788206,0,11,0,29,15,false
round_robin,120,0.14155629471788206,1,12,0,28,15,false
round_robin,120,0.14155629471788206,2,11,0,28,15,false
round_robin,120,0.14260791229707537,0,11,0,29,15,false
round_robin,120,0.14260791229707537,1,11,0,29,15,false
round_robin,120,0.14260791229707537,2,11,0,28,15,false
round_robin,120,0.1432933543015325,0,11,0,29,15,false
round_robin,120,0.1432933543015325,1,11,0,29,15,false
round_robin,120,0.1432933543015325,2,10,0,29,15,false
round_robin,120,0.14341043888971647,0,11,0,29,15,false
round_robin,120,0.14341043888971647,1,11,0,29,15,false
round_robin,120,0.14341043888971647,2,11,0,29,15,false
round_robin,120,0.14413315993177,0,10,0,30,15,false
round_robin,120,0.14413315993177,1,11,0,29,15,false
round_robin,120,0.14413315993177,2,11,0,29,15,false
round_robin,120,0.14468520310943064,0,10,0,30,15,false
round_robin,120,0.14468520310943064,1,10,0,30,15,false
round_robin,120,0.14468520310943064,2,11,0,29,15,false
round_robin,120,0.14537031555832503,0,10,0,30,15,false
round_robin,120,0.14537031555832503,1,10,0,30,15,false
round_robin,120,0.14537031555832503,2,10,0,30,15,false
round_robin,120,0.15047560221570716,0,9,0,31,15,false
round_robin,120,0.15047560221570716,1,10,0,30,15,false
round_robin,120,0.15047560221570716,2,10,0,30,15,false
round_robin,120,0.15089024277495167,0,9,0,31,15,false
round_robin,120,0.15089024277495167,1,9,0,31,15,false
round_robin,120,0.15089024277495167,2,10,0,30,15,false
round_robin,120,0.15137220748547472,0,9,0,31,15,false
round_robin,120,0.15137220748547472,1,9,0,31,15,false
round_robin,120,0.15137220748547472,2,9,0,31,15,false
round_robin,120,0.15177827513306874,0,8,0,32,15,false
round_robin,120,0.15177827513306874,1,9,0,31,15,false
round_robin,120,0.15177827513306874,2,9,0,31,15,false
round_robin,120,0.15576311538558302,0,8,0,32,15,false
round_robin,120,0.15576311538558302,1,8,0,32,15,false
round_robin,120,0.15576311538558302,2,9,0,31,15,false
round_robin,120,0.15624639754007474,0,8,0,32,15,false
round_robin,120,0.15624639754007474,1,8,0,32,15,false
round_robin,120,0.15624639754007474,2,8,0,32,15,false
round_robin,120,0.16065185028826323,0,7,0,33,15,false
round_robin,120,0.16065185028826323,1,8,0,32,15,false
round_robin,120,0.16065185028826323,2,8,0,32,15,false
round_robin,120,0.16155386339501665,0,7,0,33,15,false
round_robin,120,0.16155386339501665,1,7,0,33,15,false
round_robin,120,0.16155386339501665,2,8,0,32,15,false
round_robin,120,0.16199460060990484,0,7,0,33,15,false
round_robin,120,0.16199460060990484,1,7,0,33,15,false
round_robin,120,0.16199460060990484,2,7,0,33,15,false
round_robin,120,0.16292019665445284,0,6,0,34,15,false
round_robin,120,0.16292019665445284,1,7,0,33,15,false
round_robin,120,0.16292019665445284,2,7,0,33,15,false
round_robin,120,0.16838675543673032,0,6,0,34,15,false
round_robin,120,0.16838675543673032,1,6,0,34,15,false
round_robin,120,0.16838675543673032,2,7,0,33,15,false
round_robin,120,0.16910871680568668,0,6,0,34,15,false
round_robin,120,0.16910871680568668,1,6,0,34,15,false
round_robin,120,0.16910871680568668,2,6,0,34,15,false
round_robin,120,0.16968490136945225,0,5,0,35,15,false
round_robin,120,0.16968490136945225,1,6,0,34,15,false
round_robin,120,0.16968490136945225,2,6,0,34,15,false
round_robin,120,0.17092864114272763,0,5,0,35,15,false
round_robin,120,0.17092864114272763,1,5,0,35,15,false
round_robin,120,0.17092864114272763,2,6,0,34,15,false
round_robin,120,0.17424896751278554,0,5,0,35,15,false
round_robin,120,0.17424896751278554,1,5,0,35,15,false
round_robin,120,0.17424896751278554,2,5,0,35,15,false
round_robin,120,0.17470651196118597,0,4,0,36,15,false
round_robin,120,0.17470651196118597,1,5,0,35,15,false
round_robin,120,0.17470651196118597,2,5,0,35,15,false
round_robin,120,0.1752646151798518,0,4,0,36,15,false
round_robin,120,0.1752646151798518,1,4,0,36,15,false
round_robin,120,0.1752646151798518,2,5,0,35,15,false
round_robin,120,0.17570241438892736,0,4,0,36,15,false
round_robin,120,0.17570241438892736,1,4,0,36,15,false
round_robin,120,0.17570241438892736,2,4,0,36,15,false
round_robin,120,0.1789408532748144,0,3,0,37,15,false
round_robin,120,0.1789408532748144,1,4,0,36,15,false
round_robin,120,0.1789408532748144,2,4,0,36,15,false
round_robin,120,0.17946093732699342,0,3,0,37,15,false
round_robin,120,0.17946093732699342,1,3,0,37,15,false
round_robin,120,0.17946093732699342,2,4,0,36,15,false
round_robin,120,0.1800413591474449,0,3,0,37,15,false
round_robin,120,0.1800413591474449,1,3,0,37,15,false
round_robin,120,0.1800413591474449,2,3,0,37,15,false
round_robin,120,0.18244016344686126,0,2,0,38,15,false
round_robin,120,0.18244016344686126,1,3,0,37,15,false
round_robin,120,0.18244016344686126,2,3,0,37,15,false
round_robin,120,0.1830174591641171,0,2,0,38,15,false
round_robin,120,0.1830174591641171,1,2,0,38,15,false
round_robin,120,0.1830174591641171,2,3,0,37,15,false
round_robin,120,0.18380083515614487,0,2,0,38,15,false
round_robin,120,0.18380083515614487,1,2,0,38,15,false
round_robin,120,0.18380083515614487,2,2,0,38,15,false
round_robin,120,0.18448973211511321,0,1,0,39,15,false
round_robin,120,0.18448973211511321,1,2,0,38,15,false
round_robin,120,0.18448973211511321,2,2,0,38,15,false
round_robin,120,0.1891185428666644,0,1,0,39,15,false
round_robin,120,0.1891185428666644,1,1,0,39,15,false
round_robin,120,0.1891185428666644,2,2,0,38,15,false
round_robin,120,0.18954486071031645,0,1,0,39,15,false
round_robin,120,0.18954486071031645,1,1,0,39,15,false
round_robin,120,0.18954486071031645,2,1,0,39,15,false
round_robin,120,0.19061886943545098,0,0,0,40,15,false
round_robin,120,0.19061886943545098,1,1,0,39,15,false
round_robin,120,0.19061886943545098,2,1,0,39,15,false
round_robin,120,0.19114130947039143,0,0,0,40,15,false
round_robin,120,0.19114130947039143,1,0,0,40,15,false
round_robin,120,0.19114130947039143,2,1,0,39,15,false
round_robin,120,0.19341043888971649,0,0,0,40,15,false
round_robin,120,0.19341043888971649,1,0,0,40,15,false
round_robin,120,0.19341043888971649,2,0,0,40,15,false
round_robin,120,200,0,0,0,40,15,false
round_robin,120,200,1,0,0,40,15,false
round_robin,120,200,2,0,0,40,15,false
shortest_queue,30,0,0,0,0,0,15,false
shortest_queue,30,0,1,0,0,0,15,false
shortest_queue,30,0,2,0,0,0,15,false
shortest_queue,30,0.004636155086810613,0,1,0,0,15,false
shortest_queue,30,0.004636155086810613,1,0,0,0,15,false
shortest_queue,30,0.004636155086810613,2,0,0,0,15,false
shortest_queue,30,0.007564859049184251,0,1,0,0,15,false
shortest_queue,30,0.007564859049184251,1,1,0,0,15,false
shortest_queue,30,0.007564859049184251,2,0,0,0,15,false
shortest_queue,30,0.008191790280174732,0,1,0,0,15,false
shortest_queue,30,0.008191790280174732,1,1,0,0,15,false
shortest_queue,30,0.008191790280174732,2,1,0,0,15,false
shortest_queue,30,0.008768978582204785,0,2,0,0,15,false
shortest_queue,30,0.008768978582204785,1,1,0,0,15,false
shortest_queue,30,0.008768978582204785,2,1,0,0,15,false
shortest_queue,30,0.009280248446355487,0,2,0,0,15,false
shortest_queue,30,0.009280248446355487,1,2,0,0,15,false
shortest_queue,30,0.009280248446355487,2,1,0,0,15,false
shortest_queue,30,0.009684527011692165,0,2,0,0,15,false
shortest_queue,30,0.009684527011692165,1,2,0,0,15,false
shortest_queue,30,0.009684527011692165,2,2,0,0,15,false
shortest_queue,30,0.010443219503615514,0,3,0,0,15,false
shortest_queue,30,0.010443219503615514,1,2,0,0,15,false
shortest_queue,30,0.010443219503615514,2,2,0,0,15,false
shortest_queue,30,0.011278610831791982,0,3,0,0,15,false
shortest_queue,30,0.011278610831791982,1,3,0,0,15,false
shortest_queue,30,0.011278610831791982,2,2,0,0,15,false
shortest_queue,30,0.011749823986470856,0,3,0,0,15,false
shortest_queue,30,0.011749823986470856,1,3,0,0,15,false
shortest_queue,30,0.011749823986470856,2,3,0,0,15,false
shortest_queue,30,0.013282821652167254,0,4,0,0,15,false
shortest_queue,30,0.013282821652167254,1,3,0,0,15,false
shortest_queue,30,0.013282821652167254,2,3,0,0,15,false
shortest_queue,30,0.013715245994971195,0,4,0,0,15,false
shortest_queue,30,0.013715245994971195,1,4,0,0,15,false
shortest_queue,30,0.013715245994971195,2,3,0,0,15,false
shortest_queue,30,0.014162568653714949,0,4,0,0,15,false
shortest_queue,30,0.014162568653714949,1,4,0,0,15,false
shortest_queue,30,0.014162568653714949,2,4,0,0,15,false
shortest_queue,30,0.014906678010040055,0,5,0,0,15,false
shortest_queue,30,0.014906678010040055,1,4,0,0,15,false
shortest_queue,30,0.014906678010040055,2,4,0,0,15,false
shortest_queue,30,0.015422169959412818,0,5,0,0,15,false
shortest_queue,30,0.015422169959412818,1,5,0,0,15,false
shortest_queue,30,0.015422169959412818,2,4,0,0,15,false
shortest_queue,30,0.01659678687535566,0,5,0,0,15,false
shortest_queue,30,0.01659678687535566,1,5,0,0,15,false
shortest_queue,30,0.01659678687535566,2,5,0,0,15,false
shortest_queue,30,0.020787827987879766,0,6,0,0,15,false
shortest_queue,30,0.020787827987879766,1,5,0,0,15,false
shortest_queue,30,0.020787827987879766,2,5,0,0,15,false
shortest_queue,30,0.021231167920090038,0,6,0,0,15,false
shortest_queue,30,0.021231167920090038,1,6,0,0,15,false
shortest_queue,30,0.021231167920090038,2,5,0,0,15,false
shortest_queue,30,0.021670532197571323,0,6,0,0,15,false
shortest_queue,30,0.021670532197571323,1,6,0,0,15,false
shortest_queue,30,0.021670532197571323,2,6,0,0,15,false
shortest_queue,30,0.02310093202275697,0,7,0,0,15,false
shortest_queue,30,0.02310093202275697,1,6,0,0,15,false
shortest_queue,30,0.02310093202275697,2,6,0,0,15,false
shortest_queue,30,0.02383169234936098,0,7,0,0,15,false
shortest_queue,30,0.02383169234936098,1,7,0,0,15,false
shortest_queue,30,0.02383169234936098,2,6,0,0,15,false
shortest_queue,30,0.02468372912730966,0,7,0,0,15,false
shortest_queue,30,0.02468372912730966,1,7,0,0,15,false
shortest_queue,30,0.02468372912730966,2,7,0,0,15,false
shortest_queue,30,0.025206892791966178,0,8,0,0,15,false
shortest_queue,30,0.025206892791966178,1,7,0,0,15,false
shortest_queue,30,0.025206892791966178,2,7,0,0,15,false
shortest_queue,30,0.025912158380795594,0,8,0,0,15,false
shortest_queue,30,0.025912158380795594,1,8,0,0,15,false
shortest_queue,30,0.025912158380795594,2,7,0,0,15,false
shortest_queue,30,0.026600520226951814,0,8,0,0,15,false
shortest_queue,30,0.026600520226951814,1,8,0,0,15,false
shortest_queue,30,0.026600520226951814,2,8,0,0,15,false
shortest_queue,30,0.027525472823812947,0,9,0,0,15,false
shortest_queue,30,0.027525472823812947,1,8,0,0,15,false
shortest_queue,30,0.027525472823812947,2,8,0,0,15,false
shortest_queue,30,0.028396572818068268,0,9,0,0,15,false
shortest_queue,30,0.028396572818068268,1,9,0,0,15,false
shortest_queue,30,0.028396572818068268,2,8,0,0,15,false
shortest_queue,30,0.02935027299001948,0,9,0,0,15,false
shortest_queue,30,0.02935027299001948,1,9,0,0,15,false
shortest_queue,30,0.02935027299001948,2,9,0,0,15,false
shortest_queue,30,0.02978282349130135,0,10,0,0,15,false
shortest_queue,30,0.02978282349130135,1,9,0,0,15,false
shortest_queue,30,0.02978282349130135,2,9,0,0,15,false
shortest_queue,30,0.030390609353419678,0,10,0,0,15,false
shortest_queue,30,0.030390609353419678,1,10,0,0,15,false
shortest_queue,30,0.030390609353419678,2,9,0,0,15,false
shortest_queue,30,0.03085517224623099,0,10,0,0,15,false
shortest_queue,30,0.03085517224623099,1,10,0,0,15,false
shortest_queue,30,0.03085517224623099,2,10,0,0,15,false
shortest_queue,30,0.05463615508681061,0,9,0,1,15,false
shortest_queue,30,0.05463615508681061,1,10,0,0,15,false
shortest_queue,30,0.05463615508681061,2,10,0,0,15,false
shortest_queue,30,0.05756485904918425,0,9,0,1,15,false
shortest_queue,30,0.05756485904918425,1,9,0,1,15,false
shortest_queue,30,0.05756485904918425,2,10,0,0,15,false
shortest_queue,30,0.05819179028017474,0,9,0,1,15,false
shortest_queue,30,0.05819179028017474,1,9,0,1,15,false
shortest_queue,30,0.05819179028017474,2,9,0,1,15,false
shortest_queue,30,0.058768978582204784,0,8,0,2,15,false
shortest_queue,30,0.058768978582204784,1,9,0,1,15,false
shortest_queue,30,0.058768978582204784,2,9,0,1,15,false
shortest_queue,30,0.05928024844635549,0,8,0,2,15,false
shortest_queue,30,0.05928024844635549,1,8,0,2,15,false
shortest_queue,30,0.05928024844635549,2,9,0,1,15,false
shortest_queue,30,0.05968452701169217,0,8,0,2,15,false
shortest_queue,30,0.05968452701169217,1,8,0,2,15,false
shortest_queue,30,0.05968452701169217,2,8,0,2,15,false
shortest_queue,30,0.06044321950361552,0,7,0,3,15,false
shortest_queue,30,0.06044321950361552,1,8,0,2,15,false
shortest_queue,30,0.06044321950361552,2,8,0,2,15,false
shortest_queue,30,0.06127861083179199,0,7,0,3,15,false
shortest_queue,30,0.06127861083179199,1,7,0,3,15,false
shortest_queue,30,0.06127861083179199,2,8,0,2,15,false
shortest_queue,30,0.06174982398647086,0,7,0,3,15,false
shortest_queue,30,0.06174982398647086,1,7,0,3,15,false
shortest_queue,30,0.06174982398647086,2,7,0,3,15,false
shortest_queue,30,0.06328282165216725,0,6,0,4,15,false
shortest_queue,30,0.06328282165216725,1,7,0,3,15,false
shortest_queue,30,0.06328282165216725,2,7,0,3,15,false
shortest_queue,30,0.06371524599497119,0,6,0,4,15,false
shortest_queue,30,0.06371524599497119,1,6,0,4,15,false
shortest_queue,30,0.06371524599497119,2,7,0,3,15,false
shortest_queue,30,0.06416256865371495,0,6,0,4,15,false
shortest_queue,30,0.06416256865371495,1,6,0,4,15,false
shortest_queue,30,0.06416256865371495,2,6,0,4,15,false
shortest_queue,30,0.06490667801004006,0,5,0,5,15,false
shortest_queue,30,0.06490667801004006,1,6,0,4,15,false
shortest_queue,30,0.06490667801004006,2,6,0,4,15,false
shortest_queue,30,0.06542216995941282,0,5,0,5,15,false
shortest_queue,30,0.06542216995941282,1,5,0,5,15,false
shortest_queue,30,0.06542216995941282,2,6,0,4,15,false
shortest_queue,30,0.06659678687535567,0,5,0,5,15,false
shortest_queue,30,0.06659678687535567,1,5,0,5,15,false
shortest_queue,30,0.06659678687535567,2,5,0,5,15,false
shortest_queue,30,0.07078782798787978,0,4,0,6,15,false
shortest_queue,30,0.07078782798787978,1,5,0,5,15,false
shortest_queue,30,0.07078782798787978,2,5,0,5,15,false
shortest_queue,30,0.07123116792009004,0,4,0,6,15,false
shortest_queue,30,0.07123116792009004,1,4,0,6,15,false
shortest_queue,30,0.07123116792009004,2,5,0,5,15,false
shortest_queue,30,0.07167053219757133,0,4,0,6,15,false
shortest_queue,30,0.07167053219757133,1,4,0,6,15,false
shortest_queue,30,0.07167053219757133,2,4,0,6,15,false
shortest_queue,30,0.07310093202275697,0,3,0,7,15,false
shortest_queue,30,0.07310093202275697,1,4,0,6,15,false
shortest_queue,30,0.07310093202275697,2,4,0,6,15,false
shortest_queue,30,0.07383169234936099,0,3,0,7,15,false
shortest_queue,30,0.07383169234936099,1,3,0,7,15,false
shortest_queue,30,0.07383169234936099,2,4,0,6,15,false
shortest_queue,30,0.07468372912730967,0,3,0,7,15,false
shortest_queue,30,0.07468372912730967,1,3,0,7,15,false
shortest_queue,30,0.07468372912730967,2,3,0,7,15,false
shortest_queue,30,0.07520689279196618,0,2,0,8,15,false
shortest_queue,30,0.07520689279196618,1,3,0,7,15,false
shortest_queue,30,0.07520689279196618,2,3,0,7,15,false
shortest_queue,30,0.0759121583807956,0,2,0,8,15,false
shortest_queue,30,0.0759121583807956,1,2,0,8,15,false
shortest_queue,30,0.0759121583807956,2,3,0,7,15,false
shortest_queue,30,0.07660052022695182,0,2,0,8,15,false
shortest_queue,30,0.07660052022695182,1,2,0,8,15,false
shortest_queue,30,0.07660052022695182,2,2,0,8,15,false
shortest_queue,30,0.07752547282381295,0,1,0,9,15,false
shortest_queue,30,0.07752547282381295,1,2,0,8,15,false
shortest_queue,30,0.07752547282381295,2,2,0,8,15,false
shortest_queue,30,0.07839657281806828,0,1,0,9,15,false
shortest_queue,30,0.07839657281806828,1,1,0,9,15,false
shortest_queue,30,0.07839657281806828,2,2,0,8,15,false
shortest_queue,30,0.07935027299001948,0,1,0,9,15,false
shortest_queue,30,0.07935027299001948,1,1,0,9,15,false
shortest_queue,30,0.07935027299001948,2,1,0,9,15,false
shortest_queue,30,0.07978282349130135,0,0,0,10,15,false
shortest_queue,30,0.07978282349130135,1,1,0,9,15,false
shortest_queue,30,0.07978282349130135,2,1,0,9,15,false
shortest_queue,30,0.08039060935341968,0,0,0,10,15,false
shortest_queue,30,0.08039060935341968,1,0,0,10,15,false
shortest_queue,30,0.08039060935341968,2,1,0,9,15,false
shortest_queue,30,0.080855172246231,0,0,0,10,15,false
shortest_queue,30,0.080855172246231,1,0,0,10,15,false
shortest_queue,30,0.080855172246231,2,0,0,10,15,false
shortest_queue,30,200,0,0,0,10,15,false
shortest_queue,30,200,1,0,0,10,15,false
shortest_queue,30,200,2,0,0,10,15,false
shortest_queue,60,0,0,0,0,0,15,false
shortest_queue,60,0,1,0,0,0,15,false
shortest_queue,60,0,2,0,0,0,15,false
shortest_queue,60,0.0004964913519798167,0,1,0,0,15,false
shortest_queue,60,0.0004964913519798167,1,0,0,0,15,false
shortest_queue,60,0.0004964913519798167,2,0,0,0,15,false
shortest_queue,60,0.0009645077411900601,0,1,0,0,15,false
shortest_queue,60,0.0009645077411900601,1,1,0,0,15,false
shortest_queue,60,0.0009645077411900601,2,0,0,0,15,false
shortest_queue,60,0.0014580243684267952,0,1,0,0,15,false
shortest_queue,60,0.0014580243684267952,1,1,0,0,15,false
shortest_queue,60,0.0014580243684267952,2,1,0,0,15,false
shortest_queue,60,0.0021672558556195703,0,2,0,0,15,false
shortest_queue,60,0.0021672558556195703,1,1,0,0,15,false
shortest_queue,60,0.0021672558556195703,2,1,0,0,15,false
shortest_queue,60,0.00288455421297257,0,2,0,0,15,false
shortest_queue,60,0.00288455421297257,1,2,0,0,15,false
shortest_queue,60,0.00288455421297257,2,1,0,0,15,false
shortest_queue,60,0.003429495964180211,0,2,0,0,15,false
shortest_queue,60,0.003429495964180211,1,2,0,0,15,false
shortest_queue,60,0.003429495964180211,2,2,0,0,15,false
shortest_queue,60,0.006138902744001272,0,3,0,0,15,false
shortest_queue,60,0.006138902744001272,1,2,0,0,15,false
shortest_queue,60,0.006138902744001272,2,2,0,0,15,false
shortest_queue,60,0.006706855672946239,0,3,0,0,15,false
shortest_queue,60,0.006706855672946239,1,3,0,0,15,false
shortest_queue,60,0.006706855672946239,2,2,0,0,15,false
shortest_queue,60,0.0071228254016580846,0,3,0,0,15,false
shortest_queue,60,0.0071228254016580846,1,3,0,0,15,false
shortest_queue,60,0.0071228254016580846,2,3,0,0,15,false
shortest_queue,60,0.007543473263527911,0,4,0,0,15,false
shortest_queue,60,0.007543473263527911,1,3,0,0,15,false
shortest_queue,60,0.007543473263527911,2,3,0,0,15,false
shortest_queue,60,0.01262202826533108,0,4,0,0,15,false
shortest_queue,60,0.01262202826533108,1,4,0,0,15,false
shortest_queue,60,0.01262202826533108,2,3,0,0,15,false
shortest_queue,60,0.013023480333990364,0,4,0,0,15,false
shortest_queue,60,0.013023480333990364,1,4,0,0,15,false
shortest_queue,60,0.013023480333990364,2,4,0,0,15,false
shortest_queue,60,0.013688914340630628,0,5,0,0,15,false
shortest_queue,60,0.013688914340630628,1,4,0,0,15,false
shortest_queue,60,0.013688914340630628,2,4,0,0,15,false
shortest_queue,60,0.014829554901722343,0,5,0,0,15,false
shortest_queue,60,0.014829554901722343,1,5,0,0,15,false
shortest_queue,60,0.014829554901722343,2,4,0,0,15,false
shortest_queue,60,0.01625210266805664,0,5,0,0,15,false
shortest_queue,60,0.01625210266805664,1,5,0,0,15,false
shortest_queue,60,0.01625210266805664,2,5,0,0,15,false
shortest_queue,60,0.016835881181326177,0,6,0,0,15,false
shortest_queue,60,0.016835881181326177,1,5,0,0,15,false
shortest_queue,60,0.016835881181326177,2,5,0,0,15,false
shortest_queue,60,0.017540329701922097,0,6,0,0,15,false
shortest_queue,60,0.017540329701922097,1,6,0,0,15,false
shortest_queue,60,0.017540329701922097,2,5,0,0,15,false
shortest_queue,60,0.01966040569603291,0,6,0,0,15,false
shortest_queue,60,0.01966040569603291,1,6,0,0,15,false
shortest_queue,60,0.01966040569603291,2,6,0,0,15,false
shortest_queue,60,0.020144187197198835,0,7,0,0,15,false
shortest_queue,60,0.020144187197198835,1,6,0,0,15,false
shortest_queue,60,0.020144187197198835,2,6,0,0,15,false
shortest_queue,60,0.02098016590433126,0,7,0,0,15,false
shortest_queue,60,0.02098016590433126,1,7,0,0,15,false
shortest_queue,60,0.02098016590433126,2,6,0,0,15,false
shortest_queue,60,0.022015411450078175,0,7,0,0,15,false
shortest_queue,60,0.022015411450078175,1,7,0,0,15,false
shortest_queue,60,0.022015411450078175,2,7,0,0,15,false
shortest_queue,60,0.022520067805473713,0,8,0,0,15,false
shortest_queue,60,0.022520067805473713,1,7,0,0,15,false
shortest_queue,60,0.022520067805473713,2,7,0,0,15,false
shortest_queue,60,0.023332222296603613,0,8,0,0,15,false
shortest_queue,60,0.023332222296603613,1,8,0,0,15,false
shortest_queue,60,0.023332222296603613,2,7,0,0,15,false
shortest_queue,60,0.025806359081456544,0,8,0,0,15,false
shortest_queue,60,0.025806359081456544,1,8,0,0,15,false
shortest_queue,60,0.025806359081456544,2,8,0,0,15,false
shortest_queue,60,0.026552092039246168,0,9,0,0,15,false
shortest_queue,60,0.026552092039246168,1,8,0,0,15,false
shortest_queue,60,0.026552092039246168,2,8,0,0,15,false
shortest_queue,60,0.02709409049963421,0,9,0,0,15,false
shortest_queue,60,0.02709409049963421,1,9,0,0,15,false
shortest_queue,60,0.02709409049963421,2,8,0,0,15,false
shortest_queue,60,0.02772256457129854,0,9,0,0,15,false
shortest_queue,60,0.02772256457129854,1,9,0,0,15,false
shortest_queue,60,0.02772256457129854,2,9,0,0,15,false
shortest_queue,60,0.028285371003472354,0,10,0,0,15,false
shortest_queue,60,0.028285371003472354,1,9,0,0,15,false
shortest_queue,60,0.028285371003472354,2,9,0,0,15,false
shortest_queue,60,0.028933888720371673,0,10,0,0,15,false
shortest_queue,60,0.028933888720371673,1,10,0,0,15,false
shortest_queue,60,0.028933888720371673,2,9,0,0,15,false
shortest_queue,60,0.02944290108880226,0,10,0,0,15,false
shortest_queue,60,0.02944290108880226,1,10,0,0,15,false
shortest_queue,60,0.02944290108880226,2,10,0,0,15,false
shortest_queue,60,0.029971099699879433,0,11,0,0,15,false
shortest_queue,60,0.029971099699879433,1,10,0,0,15,false
shortest_queue,60,0.029971099699879433,2,10,0,0,15,false
shortest_queue,60,0.03129200087951551,0,11,0,0,15,false
shortest_queue,60,0.03129200087951551,1,11,0,0,15,false
shortest_queue,60,0.03129200087951551,2,10,0,0,15,false
shortest_queue,60,0.031730282170685145,0,11,0,0,15,false
shortest_queue,60,0.031730282170685145,1,11,0,0,15,false
shortest_queue,60,0.031730282170685145,2,11,0,0,15,false
shortest_queue,60,0.032508212275739135,0,12,0,0,15,false
shortest_queue,60,0.032508212275739135,1,11,0,0,15,false
shortest_queue,60,0.032508212275739135,2,11,0,0,15,false
shortest_queue,60,0.033100986485135285,0,12,0,0,15,false
shortest_queue,60,0.033100986485135285,1,12,0,0,15,false
shortest_queue,60,0.033100986485135285,2,11,0,0,15,false
shortest_queue,60,0.03374824099175133,0,12,0,0,15,false
shortest_queue,60,0.03374824099175133,1,12,0,0,15,false
shortest_queue,60,0.03374824099175133,2,12,0,0,15,false
shortest_queue,60,0.03417959549483518,0,13,0,0,15,false
shortest_queue,60,0.03417959549483518,1,12,0,0,15,false
shortest_queue,60,0.03417959549483518,2,12,0,0,15,false
shortest_queue,60,0.03466479030935086,0,13,0,0,15,false
shortest_queue,60,0.03466479030935086,1,13,0,0,15,false
shortest_queue,60,0.03466479030935086,2,12,0,0,15,false
shortest_queue,60,0.03518031573797538,0,13,0,0,15,false
shortest_queue,60,0.03518031573797538,1,13,0,0,15,false
shortest_queue,60,0.03518031573797538,2,13,0,0,15,false
shortest_queue,60,0.03650940525294607,0,14,0,0,15,false
shortest_queue,60,0.03650940525294607,1,13,0,0,15,false
shortest_queue,60,0.03650940525294607,2,13,0,0,15,false
shortest_queue,60,0.037006161019584774,0,14,0,0,15,false
shortest_queue,60,0.037006161019584774,1,14,0,0,15,false
shortest_queue,60,0.037006161019584774,2,13,0,0,15,false
shortest_queue,60,0.049609264399657675,0,14,0,0,15,false
shortest_queue,60,0.049609264399657675,1,14,0,0,15,false
shortest_queue,60,0.049609264399657675,2,14,0,0,15,false
shortest_queue,60,0.05045341705300733,0,15,0,0,15,false
shortest_queue,60,0.05045341705300733,1,14,0,0,15,false
shortest_queue,60,0.05045341705300733,2,14,0,0,15,false
shortest_queue,60,0.05049649135197982,0,14,0,1,15,false
shortest_queue,60,0.05049649135197982,1,14,0,0,15,false
shortest_queue,60,0.05049649135197982,2,14,0,0,15,false
shortest_queue,60,0.05086656805282424,0,15,0,1,15,false
shortest_queue,60,0.05086656805282424,1,14,0,0,15,false
shortest_queue,60,0.05086656805282424,2,14,0,0,15,false
shortest_queue,60,0.05096450774119006,0,15,0,1,15,false
shortest_queue,60,0.05096450774119006,1,13,0,1,15,false
shortest_queue,60,0.05096450774119006,2,14,0,0,15,false
shortest_queue,60,0.0514580243684268,0,15,0,1,15,false
shortest_queue,60,0.0514580243684268,1,13,0,1,15,false
shortest_queue,60,0.0514580243684268,2,13,0,1,15,false
shortest_queue,60,0.05184927558719655,0,15,0,1,15,false
shortest_queue,60,0.05184927558719655,1,14,0,1,15,false
shortest_queue,60,0.05184927558719655,2,13,0,1,15,false
shortest_queue,60,0.05216725585561957,0,14,0,2,15,false
shortest_queue,60,0.05216725585561957,1,14,0,1,15,false
shortest_queue,60,0.05216725585561957,2,13,0,1,15,false
shortest_queue,60,0.05240849707584102,0,14,0,2,15,false
shortest_queue,60,0.05240849707584102,1,14,0,1,15,false
shortest_queue,60,0.05240849707584102,2,14,0,1,15,false
shortest_queue,60,0.05288455421297257,0,14,0,2,15,false
shortest_queue,60,0.05288455421297257,1,13,0,2,15,false
shortest_queue,60,0.05288455421297257,2,14,0,1,15,false
shortest_queue,60,0.052948458450443825,0,14,0,2,15,false
shortest_queue,60,0.052948458450443825,1,14,0,2,15,false
shortest_queue,60,0.052948458450443825,2,14,0,1,15,false
shortest_queue,60,0.053429495964180215,0,14,0,2,15,false
shortest_queue,60,0.053429495964180215,1,14,0,2,15,false
shortest_queue,60,0.053429495964180215,2,13,0,2,15,false
shortest_queue,60,0.05459232553440012,0,14,0,2,15,false
shortest_queue,60,0.05459232553440012,1,14,0,2,15,false
shortest_queue,60,0.05459232553440012,2,14,0,2,15,false
shortest_queue,60,0.055049982056066975,0,15,0,2,15,false
shortest_queue,60,0.055049982056066975,1,14,0,2,15,false
shortest_queue,60,0.055049982056066975,2,14,0,2,15,false
shortest_queue,60,0.055457025472683795,0,15,0,2,15,false
shortest_queue,60,0.055457025472683795,1,15,0,2,15,false
shortest_queue,60,0.055457025472683795,2,14,0,2,15,false
shortest_queue,60,0.056033282838097206,0,15,0,2,15,false
shortest_queue,60,0.056033282838097206,1,15,0,2,15,false
shortest_queue,60,0.056033282838097206,2,15,0,2,15,false
shortest_queue,60,0.056138902744001275,0,14,0,3,15,false
shortest_queue,60,0.056138902744001275,1,15,0,2,15,false
shortest_queue,60,0.056138902744001275,2,15,0,2,15,false
shortest_queue,60,0.05643387896634853,0,15,0,3,15,false
shortest_queue,60,0.05643387896634853,1,15,0,2,15,false
shortest_queue,60,0.05643387896634853,2,15,0,2,15,false
shortest_queue,60,0.05670685567294624,0,15,0,3,15,false
shortest_queue,60,0.05670685567294624,1,14,0,3,15,false
shortest_queue,60,0.05670685567294624,2,15,0,2,15,false
shortest_queue,60,0.057085850411245545,0,15,0,3,15,false
shortest_queue,60,0.057085850411245545,1,15,0,3,15,false
shortest_queue,60,0.057085850411245545,2,15,0,2,15,false
shortest_queue,60,0.057122825401658084,0,15,0,3,15,false
shortest_queue,60,0.057122825401658084,1,15,0,3,15,false
shortest_queue,60,0.057122825401658084,2,14,0,3,15,false
shortest_queue,60,0.05754347326352791,0,14,0,4,15,false
shortest_queue,60,0.05754347326352791,1,15,0,3,15,false
shortest_queue,60,0.05754347326352791,2,14,0,3,15,false
shortest_queue,60,0.05872185895697923,0,15,0,4,15,false
shortest_queue,60,0.05872185895697923,1,15,0,3,15,false
shortest_queue,60,0.05872185895697923,2,14,0,3,15,false
shortest_queue,60,0.05953448176825256,0,15,0,4,15,false
shortest_queue,60,0.05953448176825256,1,15,0,3,15,false
shortest_queue,60,0.05953448176825256,2,15,0,3,15,false
shortest_queue,60,0.060086135463429814,0,15,1,4,15,false
shortest_queue,60,0.060086135463429814,1,15,0,3,15,false
shortest_queue,60,0.060086135463429814,2,15,0,3,15,false
shortest_queue,60,0.06136978151237948,0,15,1,4,15,false
shortest_queue,60,0.06136978151237948,1,15,1,3,15,false
shortest_queue,60,0.06136978151237948,2,15,0,3,15,false
shortest_queue,60,0.06183709725723405,0,15,1,4,15,false
shortest_queue,60,0.06183709725723405,1,15,1,3,15,false
shortest_queue,60,0.06183709725723405,2,15,1,3,15,false
shortest_queue,60,0.06262202826533109,0,15,1,4,15,false
shortest_queue,60,0.06262202826533109,1,15,0,4,15,false
shortest_queue,60,0.06262202826533109,2,15,1,3,15,false
shortest_queue,60,0.06302348033399037,0,15,1,4,15,false
shortest_queue,60,0.06302348033399037,1,15,0,4,15,false
shortest_queue,60,0.06302348033399037,2,15,0,4,15,false
shortest_queue,60,0.06306986717059807,0,15,1,4,15,false
shortest_queue,60,0.06306986717059807,1,15,1,4,15,false
shortest_queue,60,0.06306986717059807,2,15,0,4,15,false
shortest_queue,60,0.06368891434063063,0,15,0,5,15,false
shortest_queue,60,0.06368891434063063,1,15,1,4,15,false
shortest_queue,60,0.06368891434063063,2,15,0,4,15,false
shortest_queue,60,0.06404656382367016,0,15,1,5,15,false
shortest_queue,60,0.06404656382367016,1,15,1,4,15,false
shortest_queue,60,0.06404656382367016,2,15,0,4,15,false
shortest_queue,60,0.06482955490172235,0,15,1,5,15,false
shortest_queue,60,0.06482955490172235,1,15,0,5,15,false
shortest_queue,60,0.06482955490172235,2,15,0,4,15,false
shortest_queue,60,0.06625210266805664,0,15,1,5,15,false
shortest_queue,60,0.06625210266805664,1,15,0,5,15,false
shortest_queue,60,0.06625210266805664,2,14,0,5,15,false
shortest_queue,60,0.06683588118132618,0,15,0,6,15,false
shortest_queue,60,0.06683588118132618,1,15,0,5,15,false
shortest_queue,60,0.06683588118132618,2,14,0,5,15,false
shortest_queue,60,0.0675403297019221,0,15,0,6,15,false
shortest_queue,60,0.0675403297019221,1,14,0,6,15,false
shortest_queue,60,0.0675403297019221,2,14,0,5,15,false
shortest_queue,60,0.0696604056960329,0,15,0,6,15,false
shortest_queue,60,0.0696604056960329,1,14,0,6,15,false
shortest_queue,60,0.0696604056960329,2,13,0,6,15,false
shortest_queue,60,0.07014418719719884,0,14,0,7,15,false
shortest_queue,60,0.07014418719719884,1,14,0,6,15,false
shortest_queue,60,0.07014418719719884,2,13,0,6,15,false
shortest_queue,60,0.07098016590433126,0,14,0,7,15,false
shortest_queue,60,0.07098016590433126,1,13,0,7,15,false
shortest_queue,60,0.07098016590433126,2,13,0,6,15,false
shortest_queue,60,0.07201541145007817,0,14,0,7,15,false
shortest_queue,60,0.07201541145007817,1,13,0,7,15,false
shortest_queue,60,0.07201541145007817,2,12,0,7,15,false
shortest_queue,60,0.07252006780547371,0,13,0,8,15,false
shortest_queue,60,0.07252006780547371,1,13,0,7,15,false
shortest_queue,60,0.07252006780547371,2,12,0,7,15,false
shortest_queue,60,0.07333222229660362,0,13,0,8,15,false
shortest_queue,60,0.07333222229660362,1,12,0,8,15,false
shortest_queue,60,0.07333222229660362,2,12,0,7,15,false
shortest_queue,60,0.07580635908145655,0,13,0,8,15,false
shortest_queue,60,0.07580635908145655,1,12,0,8,15,false
shortest_queue,60,0.07580635908145655,2,11,0,8,15,false
shortest_queue,60,0.07655209203924618,0,12,0,9,15,false
shortest_queue,60,0.07655209203924618,1,12,0,8,15,false
shortest_queue,60,0.07655209203924618,2,11,0,8,15,false
shortest_queue,60,0.07709409049963421,0,12,0,9,15,false
shortest_queue,60,0.07709409049963421,1,11,0,9,15,false
shortest_queue,60,0.07709409049963421,2,11,0,8,15,false
shortest_queue,60,0.07772256457129854,0,12,0,9,15,false
shortest_queue,60,0.07772256457129854,1,11,0,9,15,false
shortest_queue,60,0.07772256457129854,2,10,0,9,15,false
shortest_queue,60,0.07828537100347235,0,11,0,10,15,false
shortest_queue,60,0.07828537100347235,1,11,0,9,15,false
shortest_queue,60,0.07828537100347235,2,10,0,9,15,false
shortest_queue,60,0.07893388872037167,0,11,0,10,15,false
shortest_queue,60,0.07893388872037167,1,10,0,10,15,false
shortest_queue,60,0.07893388872037167,2,10,0,9,15,false
shortest_queue,60,0.07944290108880227,0,11,0,10,15,false
shortest_queue,60,0.07944290108880227,1,10,0,10,15,false
shortest_queue,60,0.07944290108880227,2,9,0,10,15,false
shortest_queue,60,0.07997109969987944,0,10,0,11,15,false
shortest_queue,60,0.07997109969987944,1,10,0,10,15,false
shortest_queue,60,0.07997109969987944,2,9,0,10,15,false
shortest_queue,60,0.08129200087951552,0,10,0,11,15,false
shortest_queue,60,0.08129200087951552,1,9,0,11,15,false
shortest_queue,60,0.08129200087951552,2,9,0,10,15,false
shortest_queue,60,0.08173028217068515,0,10,0,11,15,false
shortest_queue,60,0.08173028217068515,1,9,0,11,15,false
shortest_queue,60,0.08173028217068515,2,8,0,11,15,false
shortest_queue,60,0.08250821227573914,0,9,0,12,15,false
shortest_queue,60,0.08250821227573914,1,9,0,11,15,false
shortest_queue,60,0.08250821227573914,2,8,0,11,15,false
shortest_queue,60,0.08310098648513528,0,9,0,12,15,false
shortest_queue,60,0.08310098648513528,1,8,0,12,15,false
shortest_queue,60,0.08310098648513528,2,8,0,11,15,false
shortest_queue,60,0.08374824099175134,0,9,0,12,15,false
shortest_queue,60,0.08374824099175134,1,8,0,12,15,false
shortest_queue,60,0.08374824099175134,2,7,0,12,15,false
shortest_queue,60,0.08417959549483518,0,8,0,13,15,false
shortest_queue,60,0.08417959549483518,1,8,0,12,15,false
shortest_queue,60,0.08417959549483518,2,7,0,12,15,false
shortest_queue,60,0.08466479030935087,0,8,0,13,15,false
shortest_queue,60,0.08466479030935087,1,7,0,13,15,false
shortest_queue,60,0.08466479030935087,2,7,0,12,15,false
shortest_queue,60,0.08518031573797538,0,8,0,13,15,false
shortest_queue,60,0.08518031573797538,1,7,0,13,15,false
shortest_queue,60,0.08518031573797538,2,6,0,13,15,false
shortest_queue,60,0.08650940525294606,0,7,0,14,15,false
shortest_queue,60,0.08650940525294606,1,7,0,13,15,false
shortest_queue,60,0.08650940525294606,2,6,0,13,15,false
shortest_queue,60,0.08700616101958478,0,7,0,14,15,false
shortest_queue,60,0.08700616101958478,1,6,0,14,15,false
shortest_queue,60,0.08700616101958478,2,6,0,13,15,false
shortest_queue,60,0.09960926439965767,0,7,0,14,15,false
shortest_queue,60,0.09960926439965767,1,6,0,14,15,false
shortest_queue,60,0.09960926439965767,2,5,0,14,15,false
shortest_queue,60,0.10045341705300734,0,6,0,15,15,false
shortest_queue,60,0.10045341705300734,1,6,0,14,15,false
shortest_queue,60,0.10045341705300734,2,5,0,14,15,false
shortest_queue,60,0.10086656805282423,0,5,0,16,15,false
shortest_queue,60,0.10086656805282423,1,6,0,14,15,false
shortest_queue,60,0.10086656805282423,2,5,0,14,15,false
shortest_queue,60,0.10184927558719656,0,5,0,16,15,false
shortest_queue,60,0.10184927558719656,1,5,0,15,15,false
shortest_queue,60,0.10184927558719656,2,5,0,14,15,false
shortest_queue,60,0.10240849707584102,0,5,0,16,15,false
shortest_queue,60,0.10240849707584102,1,5,0,15,15,false
shortest_queue,60,0.10240849707584102,2,4,0,15,15,false
shortest_queue,60,0.10294845845044383,0,5,0,16,15,false
shortest_queue,60,0.10294845845044383,1,4,0,16,15,false
shortest_queue,60,0.10294845845044383,2,4,0,15,15,false
shortest_queue,60,0.10459232553440012,0,5,0,16,15,false
shortest_queue,60,0.10459232553440012,1,4,0,16,15,false
shortest_queue,60,0.10459232553440012,2,3,0,16,15,false
shortest_queue,60,0.10504998205606697,0,4,0,17,15,false
shortest_queue,60,0.10504998205606697,1,4,0,16,15,false
shortest_queue,60,0.10504998205606697,2,3,0,16,15,false
shortest_queue,60,0.10545702547268379,0,4,0,17,15,false
shortest_queue,60,0.10545702547268379,1,3,0,17,15,false
shortest_queue,60,0.10545702547268379,2,3,0,16,15,false
shortest_queue,60,0.10603328283809721,0,4,0,17,15,false
shortest_queue,60,0.10603328283809721,1,3,0,17,15,false
shortest_queue,60,0.10603328283809721,2,2,0,17,15,false
shortest_queue,60,0.10643387896634854,0,3,0,18,15,false
shortest_queue,60,0.10643387896634854,1,3,0,17,15,false
shortest_queue,60,0.10643387896634854,2,2,0,17,15,false
shortest_queue,60,0.10708585041124555,0,3,0,18,15,false
shortest_queue,60,0.10708585041124555,1,2,0,18,15,false
shortest_queue,60,0.10708585041124555,2,2,0,17,15,false
shortest_queue,60,0.10872185895697922,0,2,0,19,15,false
shortest_queue,60,0.10872185895697922,1,2,0,18,15,false
shortest_queue,60,0.10872185895697922,2,2,0,17,15,false
shortest_queue,60,0.10953448176825256,0,2,0,19,15,false
shortest_queue,60,0.10953448176825256,1,2,0,18,15,false
shortest_queue,60,0.10953448176825256,2,1,0,18,15,false
shortest_queue,60,0.11262202826533109,0,2,0,19,15,false
shortest_queue,60,0.11262202826533109,1,1,0,19,15,false
shortest_queue,60,0.11262202826533109,2,1,0,18,15,false
shortest_queue,60,0.11302348033399037,0,2,0,19,15,false
shortest_queue,60,0.11302348033399037,1,1,0,19,15,false
shortest_queue,60,0.11302348033399037,2,0,0,19,15,false
shortest_queue,60,0.11368891434063064,0,1,0,20,15,false
shortest_queue,60,0.11368891434063064,1,1,0,19,15,false
shortest_queue,60,0.11368891434063064,2,0,0,19,15,false
shortest_queue,60,0.11482955490172235,0,1,0,20,15,false
shortest_queue,60,0.11482955490172235,1,0,0,20,15,false
shortest_queue,60,0.11482955490172235,2,0,0,19,15,false
shortest_queue,60,0.11683588118132618,0,0,0,21,15,false
shortest_queue,60,0.11683588118132618,1,0,0,20,15,false
shortest_queue,60,0.11683588118132618,2,0,0,19,15,false
shortest_queue,60,200,0,0,0,21,15,false
shortest_queue,60,200,1,0,0,20,15,false
shortest_queue,60,200,2,0,0,19,15,false
shortest_queue,90,0,0,0,0,0,15,false
shortest_queue,90,0,1,0,0,0,15,false
shortest_queue,90,0,2,0,0,0,15,false
shortest_queue,90,0.0004720400863396188,0,1,0,0,15,false
shortest_queue,90,0.0004720400863396188,1,0,0,0,15,false
shortest_queue,90,0.0004720400863396188,2,0,0,0,15,false
shortest_queue,90,0.0009489610360988819,0,1,0,0,15,false
shortest_queue,90,0.0009489610360988819,1,1,0,0,15,false
shortest_queue,90,0.0009489610360988819,2,0,0,0,15,false
shortest_queue,90,0.002058446412919172,0,1,0,0,15,false
shortest_queue,90,0.002058446412919172,1,1,0,0,15,false
shortest_queue,90,0.002058446412919172,2,1,0,0,15,false
shortest_queue,90,0.002461833162249221,0,2,0,0,15,false
shortest_queue,90,0.002461833162249221,1,1,0,0,15,false
shortest_queue,90,0.002461833162249221,2,1,0,0,15,false
shortest_queue,90,0.0031421582253755645,0,2,0,0,15,false
shortest_queue,90,0.0031421582253755645,1,2,0,0,15,false
shortest_queue,90,0.0031421582253755645,2,1,0,0,15,false
shortest_queue,90,0.003618254853230527,0,2,0,0,15,false
shortest_queue,90,0.003618254853230527,1,2,0,0,15,false
shortest_queue,90,0.003618254853230527,2,2,0,0,15,false
shortest_queue,90,0.004138518768691407,0,3,0,0,15,false
shortest_queue,90,0.004138518768691407,1,2,0,0,15,false
shortest_queue,90,0.004138518768691407,2,2,0,0,15,false
shortest_queue,90,0.004828354704266692,0,3,0,0,15,false
shortest_queue,90,0.004828354704266692,1,3,0,0,15,false
shortest_queue,90,0.004828354704266692,2,2,0,0,15,false
shortest_queue,90,0.005330477690046183,0,3,0,0,15,false
shortest_queue,90,0.005330477690046183,1,3,0,0,15,false
shortest_queue,90,0.005330477690046183,2,3,0,0,15,false
shortest_queue,90,0.006166934581921543,0,4,0,0,15,false
shortest_queue,90,0.006166934581921543,1,3,0,0,15,false
shortest_queue,90,0.006166934581921543,2,3,0,0,15,false
shortest_queue,90,0.007389053698219523,0,4,0,0,15,false
shortest_queue,90,0.007389053698219523,1,4,0,0,15,false
shortest_queue,90,0.007389053698219523,2,3,0,0,15,false
shortest_queue,90,0.00782803699678924,0,4,0,0,15,false
shortest_queue,90,0.00782803699678924,1,4,0,0,15,false
shortest_queue,90,0.00782803699678924,2,4,0,0,15,false
shortest_queue,90,0.009842412597612225,0,5,0,0,15,false
shortest_queue,90,0.009842412597612225,1,4,0,0,15,false
shortest_queue,90,0.009842412597612225,2,4,0,0,15,false
shortest_queue,90,0.010250543058593312,0,5,0,0,15,false
shortest_queue,90,0.010250543058593312,1,5,0,0,15,false
shortest_queue,90,0.010250543058593312,2,4,0,0,15,false
shortest_queue,90,0.01881325496210705,0,5,0,0,15,false
shortest_queue,90,0.01881325496210705,1,5,0,0,15,false
shortest_queue,90,0.01881325496210705,2,5,0,0,15,false
shortest_queue,90,0.019250784355976037,0,6,0,0,15,false
shortest_queue,90,0.019250784355976037,1,5,0,0,15,false
shortest_queue,90,0.019250784355976037,2,5,0,0,15,false
shortest_queue,90,0.01977208319402006,0,6,0,0,15,false
shortest_queue,90,0.01977208319402006,1,6,0,0,15,false
shortest_queue,90,0.01977208319402006,2,5,0,0,15,false
shortest_queue,90,0.02033145692015823,0,6,0,0,15,false
shortest_queue,90,0.02033145692015823,1,6,0,0,15,false
shortest_queue,90,0.02033145692015823,2,6,0,0,15,false
shortest_queue,90,0.021071690371393437,0,7,0,0,15,false
shortest_queue,90,0.021071690371393437,1,6,0,0,15,false
shortest_queue,90,0.021071690371393437,2,6,0,0,15,false
shortest_queue,90,0.02175673903196321,0,7,0,0,15,false
shortest_queue,90,0.02175673903196321,1,7,0,0,15,false
shortest_queue,90,0.02175673903196321,2,6,0,0,15,false
shortest_queue,90,0.02627292834540239,0,7,0,0,15,false
shortest_queue,90,0.02627292834540239,1,7,0,0,15,false
shortest_queue,90,0.02627292834540239,2,7,0,0,15,false
shortest_queue,90,0.02702915574297771,0,8,0,0,15,false
shortest_queue,90,0.02702915574297771,1,7,0,0,15,false
shortest_queue,90,0.02702915574297771,2,7,0,0,15,false
shortest_queue,90,0.02750072347989605,0,8,0,0,15,false
shortest_queue,90,0.02750072347989605,1,8,0,0,15,false
shortest_queue,90,0.02750072347989605,2,7,0,0,15,false
shortest_queue,90,0.02815205012578113,0,8,0,0,15,false
shortest_queue,90,0.02815205012578113,1,8,0,0,15,false
shortest_queue,90,0.02815205012578113,2,8,0,0,15,false
shortest_queue,90,0.02862121386642398,0,9,0,0,15,false
shortest_queue,90,0.02862121386642398,1,8,0,0,15,false
shortest_queue,90,0.02862121386642398,2,8,0,0,15,false
shortest_queue,90,0.029155524224648736,0,9,0,0,15,false
shortest_queue,90,0.029155524224648736,1,9,0,0,15,false
shortest_queue,90,0.029155524224648736,2,8,0,0,15,false
shortest_queue,90,0.02970207632208409,0,9,0,0,15,false
shortest_queue,90,0.02970207632208409,1,9,0,0,15,false
shortest_queue,90,0.02970207632208409,2,9,0,0,15,false
shortest_queue,90,0.03609443560488969,0,10,0,0,15,false
shortest_queue,90,0.03609443560488969,1,9,0,0,15,false
shortest_queue,90,0.03609443560488969,2,9,0,0,15,false
shortest_queue,90,0.03665128511473371,0,10,0,0,15,false
shortest_queue,90,0.03665128511473371,1,10,0,0,15,false
shortest_queue,90,0.03665128511473371,2,9,0,0,15,false
shortest_queue,90,0.03725695974190424,0,10,0,0,15,false
shortest_queue,90,0.03725695974190424,1,10,0,0,15,false
shortest_queue,90,0.03725695974190424,2,10,0,0,15,false
shortest_queue,90,0.03775691710548414,0,11,0,0,15,false
shortest_queue,90,0.03775691710548414,1,10,0,0,15,false
shortest_queue,90,0.03775691710548414,2,10,0,0,15,false
shortest_queue,90,0.039852147616336465,0,11,0,0,15,false
shortest_queue,90,0.039852147616336465,1,11,0,0,15,false
shortest_queue,90,0.039852147616336465,2,10,0,0,15,false
shortest_queue,90,0.040258526641990776,0,11,0,0,15,false
shortest_queue,90,0.040258526641990776,1,11,0,0,15,false
shortest_queue,90,0.040258526641990776,2,11,0,0,15,false
shortest_queue,90,0.040987164505972014,0,12,0,0,15,false
shortest_queue,90,0.040987164505972014,1,11,0,0,15,false
shortest_queue,90,0.040987164505972014,2,11,0,0,15,false
shortest_queue,90,0.04167042473113335,0,12,0,0,15,false
shortest_queue,90,0.04167042473113335,1,12,0,0,15,false
shortest_queue,90,0.04167042473113335,2,11,0,0,15,false
shortest_queue,90,0.04210859736796124,0,12,0,0,15,false
shortest_queue,90,0.04210859736796124,1,12,0,0,15,false
shortest_queue,90,0.04210859736796124,2,12,0,0,15,false
shortest_queue,90,0.04475810784248901,0,13,0,0,15,false
shortest_queue,90,0.04475810784248901,1,12,0,0,15,false
shortest_queue,90,0.04475810784248901,2,12,0,0,15,false
shortest_queue,90,0.045539049448726665,0,13,0,0,15,false
shortest_queue,90,0.045539049448726665,1,13,0,0,15,false
shortest_queue,90,0.045539049448726665,2,12,0,0,15,false
shortest_queue,90,0.046324006242297974,0,13,0,0,15,false
shortest_queue,90,0.046324006242297974,1,13,0,0,15,false
shortest_queue,90,0.046324006242297974,2,13,0,0,15,false
shortest_queue,90,0.046812229164769646,0,14,0,0,15,false
shortest_queue,90,0.046812229164769646,1,13,0,0,15,false
shortest_queue,90,0.046812229164769646,2,13,0,0,15,false
shortest_queue,90,0.04753014510077719,0,14,0,0,15,false
shortest_queue,90,0.04753014510077719,1,14,0,0,15,false
shortest_queue,90,0.04753014510077719,2,13,0,0,15,false
shortest_queue,90,0.05047204008633962,0,13,0,1,15,false
shortest_queue,90,0.05047204008633962,1,14,0,0,15,false
shortest_queue,90,0.05047204008633962,2,13,0,0,15,false
shortest_queue,90,0.05094896103609888,0,13,0,1,15,false
shortest_queue,90,0.05094896103609888,1,13,0,1,15,false
shortest_queue,90,0.05094896103609888,2,13,0,0,15,false
shortest_queue,90,0.051623604775569806,0,14,0,1,15,false
shortest_queue,90,0.051623604775569806,1,13,0,1,15,false
shortest_queue,90,0.051623604775569806,2,13,0,0,15,false
shortest_queue,90,0.05205844641291917,0,14,0,1,15,false
shortest_queue,90,0.05205844641291917,1,13,0,1,15,false
shortest_queue,90,0.05205844641291917,2,12,0,1,15,false
shortest_queue,90,0.05246183316224923,0,13,0,2,15,false
shortest_queue,90,0.05246183316224923,1,13,0,1,15,false
shortest_queue,90,0.05246183316224923,2,12,0,1,15,false
shortest_queue,90,0.05314215822537557,0,13,0,2,15,false
shortest_queue,90,0.05314215822537557,1,12,0,2,15,false
shortest_queue,90,0.05314215822537557,2,12,0,1,15,false
shortest_queue,90,0.05361825485323053,0,13,0,2,15,false
shortest_queue,90,0.05361825485323053,1,12,0,2,15,false
shortest_queue,90,0.05361825485323053,2,11,0,2,15,false
shortest_queue,90,0.05413851876869141,0,12,0,3,15,false
shortest_queue,90,0.05413851876869141,1,12,0,2,15,false
shortest_queue,90,0.05413851876869141,2,11,0,2,15,false
shortest_queue,90,0.054828354704266696,0,12,0,3,15,false
shortest_queue,90,0.054828354704266696,1,11,0,3,15,false
shortest_queue,90,0.054828354704266696,2,11,0,2,15,false
shortest_queue,90,0.05533047769004618,0,12,0,3,15,false
shortest_queue,90,0.05533047769004618,1,11,0,3,15,false
shortest_queue,90,0.05533047769004618,2,10,0,3,15,false
shortest_queue,90,0.05616693458192155,0,11,0,4,15,false
shortest_queue,90,0.05616693458192155,1,11,0,3,15,false
shortest_queue,90,0.05616693458192155,2,10,0,3,15,false
shortest_queue,90,0.057389053698219526,0,11,0,4,15,false
shortest_queue,90,0.057389053698219526,1,10,0,4,15,false
shortest_queue,90,0.057389053698219526,2,10,0,3,15,false
shortest_queue,90,0.05782803699678924,0,11,0,4,15,false
shortest_queue,90,0.05782803699678924,1,10,0,4,15,false
shortest_queue,90,0.05782803699678924,2,9,0,4,15,false
shortest_queue,90,0.05984241259761223,0,10,0,5,15,false
shortest_queue,90,0.05984241259761223,1,10,0,4,15,false
shortest_queue,90,0.05984241259761223,2,9,0,4,15,false
shortest_queue,90,0.060250543058593314,0,10,0,5,15,false
shortest_queue,90,0.060250543058593314,1,9,0,5,15,false
shortest_queue,90,0.060250543058593314,2,9,0,4,15,false
shortest_queue,90,0.06881325496210705,0,10,0,5,15,false
shortest_queue,90,0.06881325496210705,1,9,0,5,15,false
shortest_queue,90,0.06881325496210705,2,8,0,5,15,false
shortest_queue,90,0.06925078435597604,0,9,0,6,15,false
shortest_queue,90,0.06925078435597604,1,9,0,5,15,false
shortest_queue,90,0.06925078435597604,2,8,0,5,15,false
shortest_queue,90,0.06977208319402006,0,9,0,6,15,false
shortest_queue,90,0.06977208319402006,1,8,0,6,15,false
shortest_queue,90,0.06977208319402006,2,8,0,5,15,false
shortest_queue,90,0.07033145692015823,0,9,0,6,15,false
shortest_queue,90,0.07033145692015823,1,8,0,6,15,false
shortest_queue,90,0.07033145692015823,2,7,0,6,15,false
shortest_queue,90,0.07107169037139344,0,8,0,7,15,false
shortest_queue,90,0.07107169037139344,1,8,0,6,15,false
shortest_queue,90,0.07107169037139344,2,7,0,6,15,false
shortest_queue,90,0.07175673903196321,0,8,0,7,15,false
shortest_queue,90,0.07175673903196321,1,7,0,7,15,false
shortest_queue,90,0.07175673903196321,2,7,0,6,15,false
shortest_queue,90,0.07627292834540239,0,8,0,7,15,false
shortest_queue,90,0.07627292834540239,1,7,0,7,15,false
shortest_queue,90,0.07627292834540239,2,6,0,7,15,false
shortest_queue,90,0.07702915574297771,0,7,0,8,15,false
shortest_queue,90,0.07702915574297771,1,7,0,7,15,false
shortest_queue,90,0.07702915574297771,2,6,0,7,15,false
shortest_queue,90,0.07750072347989606,0,7,0,8,15,false
shortest_queue,90,0.07750072347989606,1,6,0,8,15,false
shortest_queue,90,0.07750072347989606,2,6,0,7,15,false
shortest_queue,90,0.07815205012578114,0,7,0,8,15,false
shortest_queue,90,0.07815205012578114,1,6,0,8,15,false
shortest_queue,90,0.07815205012578114,2,5,0,8,15,false
shortest_queue,90,0.07862121386642398,0,6,0,9,15,false
shortest_queue,90,0.07862121386642398,1,6,0,8,15,false
shortest_queue,90,0.07862121386642398,2,5,0,8,15,false
shortest_queue,90,0.07915552422464874,0,6,0,9,15,false
shortest_queue,90,0.07915552422464874,1,5,0,9,15,false
shortest_queue,90,0.07915552422464874,2,5,0,8,15,false
shortest_queue,90,0.07970207632208409,0,6,0,9,15,false
shortest_queue,90,0.07970207632208409,1,5,0,9,15,false
shortest_queue,90,0.07970207632208409,2,4,0,9,15,false
shortest_queue,90,0.08236241747383458,0,6,0,9,15,false
shortest_queue,90,0.08236241747383458,1,5,0,9,15,false
shortest_queue,90,0.08236241747383458,2,5,0,9,15,false
shortest_queue,90,0.0831038794774183,0,6,0,9,15,false
shortest_queue,90,0.0831038794774183,1,6,0,9,15,false
shortest_queue,90,0.0831038794774183,2,5,0,9,15,false
shortest_queue,90,0.08371493324989604,0,6,0,9,15,false
shortest_queue,90,0.08371493324989604,1,6,0,9,15,false
shortest_queue,90,0.08371493324989604,2,6,0,9,15,false
shortest_queue,90,0.0842004363399385,0,7,0,9,15,false
shortest_queue,90,0.0842004363399385,1,6,0,9,15,false
shortest_queue,90,0.0842004363399385,2,6,0,9,15,false
shortest_queue,90,0.08488636695598221,0,7,0,9,15,false
shortest_queue,90,0.08488636695598221,1,7,0,9,15,false
shortest_queue,90,0.08488636695598221,2,6,0,9,15,false
shortest_queue,90,0.08536293756115683,0,7,0,9,15,false
shortest_queue,90,0.08536293756115683,1,7,0,9,15,false
shortest_queue,90,0.08536293756115683,2,7,0,9,15,false
shortest_queue,90,0.08609443560488969,0,6,0,10,15,false
shortest_queue,90,0.08609443560488969,1,7,0,9,15,false
shortest_queue,90,0.08609443560488969,2,7,0,9,15,false
shortest_queue,90,0.08665128511473372,0,6,0,10,15,false
shortest_queue,90,0.08665128511473372,1,6,0,10,15,false
shortest_queue,90,0.08665128511473372,2,7,0,9,15,false
shortest_queue,90,0.08713329968186864,0,7,0,10,15,false
shortest_queue,90,0.08713329968186864,1,6,0,10,15,false
shortest_queue,90,0.08713329968186864,2,7,0,9,15,false
shortest_queue,90,0.08725695974190424,0,7,0,10,15,false
shortest_queue,90,0.08725695974190424,1,6,0,10,15,false
shortest_queue,90,0.08725695974190424,2,6,0,10,15,false
shortest_queue,90,0.08775691710548414,0,6,0,11,15,false
shortest_queue,90,0.08775691710548414,1,6,0,10,15,false
shortest_queue,90,0.08775691710548414,2,6,0,10,15,false
shortest_queue,90,0.08808306826329959,0,7,0,11,15,false
shortest_queue,90,0.08808306826329959,1,6,0,10,15,false
shortest_queue,90,0.08808306826329959,2,6,0,10,15,false
shortest_queue,90,0.08855074277320008,0,7,0,11,15,false
shortest_queue,90,0.08855074277320008,1,7,0,10,15,false
shortest_queue,90,0.08855074277320008,2,6,0,10,15,false
shortest_queue,90,0.0891439746185532,0,7,0,11,15,false
shortest_queue,90,0.0891439746185532,1,7,0,10,15,false
shortest_queue,90,0.0891439746185532,2,7,0,10,15,false
shortest_queue,90,0.08955050111275918,0,8,0,11,15,false
shortest_queue,90,0.08955050111275918,1,7,0,10,15,false
shortest_queue,90,0.08955050111275918,2,7,0,10,15,false
shortest_queue,90,0.08985214761633648,0,8,0,11,15,false
shortest_queue,90,0.08985214761633648,1,6,0,11,15,false
shortest_queue,90,0.08985214761633648,2,7,0,10,15,false
shortest_queue,90,0.09025852664199077,0,8,0,11,15,false
shortest_queue,90,0.09025852664199077,1,6,0,11,15,false
shortest_queue,90,0.09025852664199077,2,6,0,11,15,false
shortest_queue,90,0.09098716450597202,0,7,0,12,15,false
shortest_queue,90,0.09098716450597202,1,6,0,11,15,false
shortest_queue,90,0.09098716450597202,2,6,0,11,15,false
shortest_queue,90,0.09167042473113335,0,7,0,12,15,false
shortest_queue,90,0.09167042473113335,1,5,0,12,15,false
shortest_queue,90,0.09167042473113335,2,6,0,11,15,false
shortest_queue,90,0.09210859736796125,0,7,0,12,15,false
shortest_queue,90,0.09210859736796125,1,5,0,12,15,false
shortest_queue,90,0.09210859736796125,2,5,0,12,15,false
shortest_queue,90,0.094758107842489,0,6,0,13,15,false
shortest_queue,90,0.094758107842489,1,5,0,12,15,false
shortest_queue,90,0.094758107842489,2,5,0,12,15,false
shortest_queue,90,0.09553904944872667,0,6,0,13,15,false
shortest_queue,90,0.09553904944872667,1,4,0,13,15,false
shortest_queue,90,0.09553904944872667,2,5,0,12,15,false
shortest_queue,90,0.09632400624229798,0,6,0,13,15,false
shortest_queue,90,0.09632400624229798,1,4,0,13,15,false
shortest_queue,90,0.09632400624229798,2,4,0,13,15,false
shortest_queue,90,0.09681222916476964,0,5,0,14,15,false
shortest_queue,90,0.09681222916476964,1,4,0,13,15,false
shortest_queue,90,0.09681222916476964,2,4,0,13,15,false
shortest_queue,90,0.09742004116107439,0,5,0,14,15,false
shortest_queue,90,0.09742004116107439,1,5,0,13,15,false
shortest_queue,90,0.09742004116107439,2,4,0,13,15,false
shortest_queue,90,0.09753014510077719,0,5,0,14,15,false
shortest_queue,90,0.09753014510077719,1,4,0,14,15,false
shortest_queue,90,0.09753014510077719,2,4,0,13,15,false
shortest_queue,90,0.09790688930628971,0,5,0,14,15,false
shortest_queue,90,0.09790688930628971,1,5,0,14,15,false
shortest_queue,90,0.09790688930628971,2,4,0,13,15,false
shortest_queue,90,0.09980846648142742,0,5,0,14,15,false
shortest_queue,90,0.09980846648142742,1,5,0,14,15,false
shortest_queue,90,0.09980846648142742,2,5,0,13,15,false
shortest_queue,90,0.100320424725145,0,6,0,14,15,false
shortest_queue,90,0.100320424725145,1,5,0,14,15,false
shortest_queue,90,0.100320424725145,2,5,0,13,15,false
shortest_queue,90,0.10088189606635722,0,6,0,14,15,false
shortest_queue,90,0.10088189606635722,1,6,0,14,15,false
shortest_queue,90,0.10088189606635722,2,5,0,13,15,false
shortest_queue,90,0.10160629255238987,0,6,0,14,15,false
shortest_queue,90,0.10160629255238987,1,6,0,14,15,false
shortest_queue,90,0.10160629255238987,2,6,0,13,15,false
shortest_queue,90,0.10162360477556981,0,5,0,15,15,false
shortest_queue,90,0.10162360477556981,1,6,0,14,15,false
shortest_queue,90,0.10162360477556981,2,6,0,13,15,false
shortest_queue,90,0.10547770102712489,0,6,0,15,15,false
shortest_queue,90,0.10547770102712489,1,6,0,14,15,false
shortest_queue,90,0.10547770102712489,2,6,0,13,15,false
shortest_queue,90,0.10674978762630802,0,7,0,15,15,false
shortest_queue,90,0.10674978762630802,1,6,0,14,15,false
shortest_queue,90,0.10674978762630802,2,6,0,13,15,false
shortest_queue,90,0.10724574383561536,0,7,0,15,15,false
shortest_queue,90,0.10724574383561536,1,7,0,14,15,false
shortest_queue,90,0.10724574383561536,2,6,0,13,15,false
shortest_queue,90,0.10807498690626416,0,7,0,15,15,false
shortest_queue,90,0.10807498690626416,1,7,0,14,15,false
shortest_queue,90,0.10807498690626416,2,7,0,13,15,false
shortest_queue,90,0.10848190324213305,0,8,0,15,15,false
shortest_queue,90,0.10848190324213305,1,7,0,14,15,false
shortest_queue,90,0.10848190324213305,2,7,0,13,15,false
shortest_queue,90,0.1097829312489965,0,8,0,15,15,false
shortest_queue,90,0.1097829312489965,1,8,0,14,15,false
shortest_queue,90,0.1097829312489965,2,7,0,13,15,false
shortest_queue,90,0.11079176230370928,0,8,0,15,15,false
shortest_queue,90,0.11079176230370928,1,8,0,14,15,false
shortest_queue,90,0.11079176230370928,2,8,0,13,15,false
shortest_queue,90,0.1122521153487674,0,9,0,15,15,false
shortest_queue,90,0.1122521153487674,1,8,0,14,15,false
shortest_queue,90,0.1122521153487674,2,8,0,13,15,false
shortest_queue,90,0.11332959659633177,0,9,0,15,15,false
shortest_queue,90,0.11332959659633177,1,9,0,14,15,false
shortest_queue,90,0.11332959659633177,2,8,0,13,15,false
shortest_queue,90,0.1144065588841019,0,9,0,15,15,false
shortest_queue,90,0.1144065588841019,1,9,0,14,15,false
shortest_queue,90,0.1144065588841019,2,9,0,13,15,false
shortest_queue,90,0.1151602833045611,0,10,0,15,15,false
shortest_queue,90,0.1151602833045611,1,9,0,14,15,false
shortest_queue,90,0.1151602833045611,2,9,0,13,15,false
shortest_queue,90,0.11588836179096806,0,10,0,15,15,false
shortest_queue,90,0.11588836179096806,1,10,0,14,15,false
shortest_queue,90,0.11588836179096806,2,9,0,13,15,false
shortest_queue,90,0.1176330669047695,0,10,0,15,15,false
shortest_queue,90,0.1176330669047695,1,10,0,14,15,false
shortest_queue,90,0.1176330669047695,2,10,0,13,15,false
shortest_queue,90,0.11836592521525058,0,11,0,15,15,false
shortest_queue,90,0.11836592521525058,1,10,0,14,15,false
shortest_queue,90,0.11836592521525058,2,10,0,13,15,false
shortest_queue,90,0.11898793231197911,0,11,0,15,15,false
shortest_queue,90,0.11898793231197911,1,11,0,14,15,false
shortest_queue,90,0.11898793231197911,2,10,0,13,15,false
shortest_queue,90,0.11947751517193296,0,11,0,15,15,false
shortest_queue,90,0.11947751517193296,1,11,0,14,15,false
shortest_queue,90,0.11947751517193296,2,11,0,13,15,false
shortest_queue,90,0.119947321437296,0,12,0,15,15,false
shortest_queue,90,0.119947321437296,1,11,0,14,15,false
shortest_queue,90,0.119947321437296,2,11,0,13,15,false
shortest_queue,90,0.12120408977410417,0,12,0,15,15,false
shortest_queue,90,0.12120408977410417,1,12,0,14,15,false
shortest_queue,90,0.12120408977410417,2,11,0,13,15,false
shortest_queue,90,0.12318498309929045,0,12,0,15,15,false
shortest_queue,90,0.12318498309929045,1,12,0,14,15,false
shortest_queue,90,0.12318498309929045,2,12,0,13,15,false
shortest_queue,90,0.12431663513190072,0,13,0,15,15,false
shortest_queue,90,0.12431663513190072,1,12,0,14,15,false
shortest_queue,90,0.12431663513190072,2,12,0,13,15,false
shortest_queue,90,0.1253463323883462,0,13,0,15,15,false
shortest_queue,90,0.1253463323883462,1,13,0,14,15,false
shortest_queue,90,0.1253463323883462,2,12,0,13,15,false
shortest_queue,90,0.12617283506242966,0,13,0,15,15,false
shortest_queue,90,0.12617283506242966,1,13,0,14,15,false
shortest_queue,90,0.12617283506242966,2,13,0,13,15,false
shortest_queue,90,0.12697331899917966,0,14,0,15,15,false
shortest_queue,90,0.12697331899917966,1,13,0,14,15,false
shortest_queue,90,0.12697331899917966,2,13,0,13,15,false
shortest_queue,90,0.12748777972110564,0,14,0,15,15,false
shortest_queue,90,0.12748777972110564,1,14,0,14,15,false
shortest_queue,90,0.12748777972110564,2,13,0,13,15,false
shortest_queue,90,0.12832317703189508,0,14,0,15,15,false
shortest_queue,90,0.12832317703189508,1,14,0,14,15,false
shortest_queue,90,0.12832317703189508,2,14,0,13,15,false
shortest_queue,90,0.1323624174738346,0,14,0,15,15,false
shortest_queue,90,0.1323624174738346,1,14,0,14,15,false
shortest_queue,90,0.1323624174738346,2,13,0,14,15,false
shortest_queue,90,0.1331038794774183,0,14,0,15,15,false
shortest_queue,90,0.1331038794774183,1,13,0,15,15,false
shortest_queue,90,0.1331038794774183,2,13,0,14,15,false
shortest_queue,90,0.13371493324989603,0,14,0,15,15,false
shortest_queue,90,0.13371493324989603,1,13,0,15,15,false
shortest_queue,90,0.13371493324989603,2,12,0,15,15,false
shortest_queue,90,0.1342004363399385,0,13,0,16,15,false
shortest_queue,90,0.1342004363399385,1,13,0,15,15,false
shortest_queue,90,0.1342004363399385,2,12,0,15,15,false
shortest_queue,90,0.13488636695598222,0,13,0,16,15,false
shortest_queue,90,0.13488636695598222,1,12,0,16,15,false
shortest_queue,90,0.13488636695598222,2,12,0,15,15,false
shortest_queue,90,0.13536293756115683,0,13,0,16,15,false
shortest_queue,90,0.13536293756115683,1,12,0,16,15,false
shortest_queue,90,0.13536293756115683,2,11,0,16,15,false
shortest_queue,90,0.13713329968186866,0,12,0,17,15,false
shortest_queue,90,0.13713329968186866,1,12,0,16,15,false
shortest_queue,90,0.13713329968186866,2,11,0,16,15,false
shortest_queue,90,0.13808306826329958,0,11,0,18,15,false
shortest_queue,90,0.13808306826329958,1,12,0,16,15,false
shortest_queue,90,0.13808306826329958,2,11,0,16,15,false
shortest_queue,90,0.13855074277320006,0,11,0,18,15,false
shortest_queue,90,0.13855074277320006,1,11,0,17,15,false
shortest_queue,90,0.13855074277320006,2,11,0,16,15,false
shortest_queue,90,0.1391439746185532,0,11,0,18,15,false
shortest_queue,90,0.1391439746185532,1,11,0,17,15,false
shortest_queue,90,0.1391439746185532,2,10,0,17,15,false
shortest_queue,90,0.13955050111275918,0,10,0,19,15,false
shortest_queue,90,0.13955050111275918,1,11,0,17,15,false
shortest_queue,90,0.13955050111275918,2,10,0,17,15,false
shortest_queue,90,0.14662199834337486,0,11,0,19,15,false
shortest_queue,90,0.14662199834337486,1,11,0,17,15,false
shortest_queue,90,0.14662199834337486,2,10,0,17,15,false
shortest_queue,90,0.14742004116107438,0,11,0,19,15,false
shortest_queue,90,0.14742004116107438,1,10,0,18,15,false
shortest_queue,90,0.14742004116107438,2,10,0,17,15,false
shortest_queue,90,0.1479068893062897,0,11,0,19,15,false
shortest_queue,90,0.1479068893062897,1,9,0,19,15,false
shortest_queue,90,0.1479068893062897,2,10,0,17,15,false
shortest_queue,90,0.14980846648142743,0,11,0,19,15,false
shortest_queue,90,0.14980846648142743,1,9,0,19,15,false
shortest_queue,90,0.14980846648142743,2,9,0,18,15,false
shortest_queue,90,0.150320424725145,0,10,0,20,15,false
shortest_queue,90,0.150320424725145,1,9,0,19,15,false
shortest_queue,90,0.150320424725145,2,9,0,18,15,false
shortest_queue,90,0.1508818960663572,0,10,0,20,15,false
shortest_queue,90,0.1508818960663572,1,8,0,20,15,false
shortest_queue,90,0.1508818960663572,2,9,0,18,15,false
shortest_queue,90,0.15095740858938705,0,10,0,20,15,false
shortest_queue,90,0.15095740858938705,1,9,0,20,15,false
shortest_queue,90,0.15095740858938705,2,9,0,18,15,false
shortest_queue,90,0.1516062925523899,0,10,0,20,15,false
shortest_queue,90,0.1516062925523899,1,9,0,20,15,false
shortest_queue,90,0.1516062925523899,2,8,0,19,15,false
shortest_queue,90,0.15506280166972064,0,10,0,20,15,false
shortest_queue,90,0.15506280166972064,1,9,0,20,15,false
shortest_queue,90,0.15506280166972064,2,9,0,19,15,false
shortest_queue,90,0.15547770102712488,0,9,0,21,15,false
shortest_queue,90,0.15547770102712488,1,9,0,20,15,false
shortest_queue,90,0.15547770102712488,2,9,0,19,15,false
shortest_queue,90,0.15565360130296033,0,10,0,21,15,false
shortest_queue,90,0.15565360130296033,1,9,0,20,15,false
shortest_queue,90,0.15565360130296033,2,9,0,19,15,false
shortest_queue,90,0.15674978762630803,0,9,0,22,15,false
shortest_queue,90,0.15674978762630803,1,9,0,20,15,false
shortest_queue,90,0.15674978762630803,2,9,0,19,15,false
shortest_queue,90,0.15724574383561535,0,9,0,22,15,false
shortest_queue,90,0.15724574383561535,1,8,0,21,15,false
shortest_queue,90,0.15724574383561535,2,9,0,19,15,false
shortest_queue,90,0.15807498690626415,0,9,0,22,15,false
shortest_queue,90,0.15807498690626415,1,8,0,21,15,false
shortest_queue,90,0.15807498690626415,2,8,0,20,15,false
shortest_queue,90,0.15848190324213307,0,8,0,23,15,false
shortest_queue,90,0.15848190324213307,1,8,0,21,15,false
shortest_queue,90,0.15848190324213307,2,8,0,20,15,false
shortest_queue,90,0.1597829312489965,0,8,0,23,15,false
shortest_queue,90,0.1597829312489965,1,7,0,22,15,false
shortest_queue,90,0.1597829312489965,2,8,0,20,15,false
shortest_queue,90,0.16074126424023416,0,8,0,23,15,false
shortest_queue,90,0.16074126424023416,1,8,0,22,15,false
shortest_queue,90,0.16074126424023416,2,8,0,20,15,false
shortest_queue,90,0.16079176230370928,0,8,0,23,15,false
shortest_queue,90,0.16079176230370928,1,8,0,22,15,false
shortest_queue,90,0.16079176230370928,2,7,0,21,15,false
shortest_queue,90,0.16114348041645923,0,8,0,23,15,false
shortest_queue,90,0.16114348041645923,1,8,0,22,15,false
shortest_queue,90,0.16114348041645923,2,8,0,21,15,false
shortest_queue,90,0.1622521153487674,0,7,0,24,15,false
shortest_queue,90,0.1622521153487674,1,8,0,22,15,false
shortest_queue,90,0.1622521153487674,2,8,0,21,15,false
shortest_queue,90,0.16332959659633178,0,7,0,24,15,false
shortest_queue,90,0.16332959659633178,1,7,0,23,15,false
shortest_queue,90,0.16332959659633178,2,8,0,21,15,false
shortest_queue,90,0.16440655888410188,0,7,0,24,15,false
shortest_queue,90,0.16440655888410188,1,7,0,23,15,false
shortest_queue,90,0.16440655888410188,2,7,0,22,15,false
shortest_queue,90,0.16516028330456112,0,6,0,25,15,false
shortest_queue,90,0.16516028330456112,1,7,0,23,15,false
shortest_queue,90,0.16516028330456112,2,7,0,22,15,false
shortest_queue,90,0.16588836179096805,0,6,0,25,15,false
shortest_queue,90,0.16588836179096805,1,6,0,24,15,false
shortest_queue,90,0.16588836179096805,2,7,0,22,15,false
shortest_queue,90,0.1676330669047695,0,6,0,25,15,false
shortest_queue,90,0.1676330669047695,1,6,0,24,15,false
shortest_queue,90,0.1676330669047695,2,6,0,23,15,false
shortest_queue,90,0.16836592521525057,0,5,0,26,15,false
shortest_queue,90,0.16836592521525057,1,6,0,24,15,false
shortest_queue,90,0.16836592521525057,2,6,0,23,15,false
shortest_queue,90,0.16898793231197912,0,5,0,26,15,false
shortest_queue,90,0.16898793231197912,1,5,0,25,15,false
shortest_queue,90,0.16898793231197912,2,6,0,23,15,false
shortest_queue,90,0.16947751517193296,0,5,0,26,15,false
shortest_queue,90,0.16947751517193296,1,5,0,25,15,false
shortest_queue,90,0.16947751517193296,2,5,0,24,15,false
shortest_queue,90,0.16994732143729602,0,4,0,27,15,false
shortest_queue,90,0.16994732143729602,1,5,0,25,15,false
shortest_queue,90,0.16994732143729602,2,5,0,24,15,false
shortest_queue,90,0.17120408977410417,0,4,0,27,15,false
shortest_queue,90,0.17120408977410417,1,4,0,26,15,false
shortest_queue,90,0.17120408977410417,2,5,0,24,15,false
shortest_queue,90,0.17318498309929045,0,4,0,27,15,false
shortest_queue,90,0.17318498309929045,1,4,0,26,15,false
shortest_queue,90,0.17318498309929045,2,4,0,25,15,false
shortest_queue,90,0.1743166351319007,0,3,0,28,15,false
shortest_queue,90,0.1743166351319007,1,4,0,26,15,false
shortest_queue,90,0.1743166351319007,2,4,0,25,15,false
shortest_queue,90,0.17534633238834618,0,3,0,28,15,false
shortest_queue,90,0.17534633238834618,1,3,0,27,15,false
shortest_queue,90,0.17534633238834618,2,4,0,25,15,false
shortest_queue,90,0.17617283506242964,0,3,0,28,15,false
shortest_queue,90,0.17617283506242964,1,3,0,27,15,false
shortest_queue,90,0.17617283506242964,2,3,0,26,15,false
shortest_queue,90,0.17697331899917967,0,2,0,29,15,false
shortest_queue,90,0.17697331899917967,1,3,0,27,15,false
shortest_queue,90,0.17697331899917967,2,3,0,26,15,false
shortest_queue,90,0.17748777972110563,0,2,0,29,15,false
shortest_queue,90,0.17748777972110563,1,2,0,28,15,false
shortest_queue,90,0.17748777972110563,2,3,0,26,15,false
shortest_queue,90,0.1783231770318951,0,2,0,29,15,false
shortest_queue,90,0.1783231770318951,1,2,0,28,15,false
shortest_queue,90,0.1783231770318951,2,2,0,27,15,false
shortest_queue,90,0.19662199834337485,0,1,0,30,15,false
shortest_queue,90,0.19662199834337485,1,2,0,28,15,false
shortest_queue,90,0.19662199834337485,2,2,0,27,15,false
shortest_queue,90,0.20095740858938704,0,1,0,30,15,false
shortest_queue,90,0.20095740858938704,1,1,0,29,15,false
shortest_queue,90,0.20095740858938704,2,2,0,27,15,false
shortest_queue,90,0.20506280166972063,0,1,0,30,15,false
shortest_queue,90,0.20506280166972063,1,1,0,29,15,false
shortest_queue,90,0.20506280166972063,2,1,0,28,15,false
shortest_queue,90,0.20565360130296034,0,0,0,31,15,false
shortest_queue,90,0.20565360130296034,1,1,0,29,15,false
shortest_queue,90,0.20565360130296034,2,1,0,28,15,false
shortest_queue,90,0.21074126424023415,0,0,0,31,15,false
shortest_queue,90,0.21074126424023415,1,0,0,30,15,false
shortest_queue,90,0.21074126424023415,2,1,0,28,15,false
shortest_queue,90,0.21114348041645925,0,0,0,31,15,false
shortest_queue,90,0.21114348041645925,1,0,0,30,15,false
shortest_queue,90,0.21114348041645925,2,0,0,29,15,false
shortest_queue,90,200,0,0,0,31,15,false
shortest_queue,90,200,1,0,0,30,15,false
shortest_queue,90,200,2,0,0,29,15,false
shortest_queue,120,0,0,0,0,0,15,false
shortest_queue,120,0,1,0,0,0,15,false
shortest_queue,120,0,2,0,0,0,15,false
shortest_queue,120,0.00047560221570713156,0,1,0,0,15,false
shortest_queue,120,0.00047560221570713156,1,0,0,0,15,false
shortest_queue,120,0.00047560221570713156,2,0,0,0,15,false
shortest_queue,120,0.0008902427749516396,0,1,0,0,15,false
shortest_queue,120,0.0008902427749516396,1,1,0,0,15,false
shortest_queue,120,0.0008902427749516396,2,0,0,0,15,false
shortest_queue,120,0.0013722074854747184,0,1,0,0,15,false
shortest_queue,120,0.0013722074854747184,1,1,0,0,15,false
shortest_queue,120,0.0013722074854747184,2,1,0,0,15,false
shortest_queue,120,0.0017782751330687216,0,2,0,0,15,false
shortest_queue,120,0.0017782751330687216,1,1,0,0,15,false
shortest_queue,120,0.0017782751330687216,2,1,0,0,15,false
shortest_queue,120,0.003214286128703037,0,2,0,0,15,false
shortest_queue,120,0.003214286128703037,1,2,0,0,15,false
shortest_queue,120,0.003214286128703037,2,1,0,0,15,false
shortest_queue,120,0.005260618493134087,0,2,0,0,15,false
shortest_queue,120,0.005260618493134087,1,2,0,0,15,false
shortest_queue,120,0.005260618493134087,2,2,0,0,15,false
shortest_queue,120,0.010651850288263225,0,3,0,0,15,false
shortest_queue,120,0.010651850288263225,1,2,0,0,15,false
shortest_queue,120,0.010651850288263225,2,2,0,0,15,false
shortest_queue,120,0.01155386339501664,0,3,0,0,15,false
shortest_queue,120,0.01155386339501664,1,3,0,0,15,false
shortest_queue,120,0.01155386339501664,2,2,0,0,15,false
shortest_queue,120,0.01199460060990481,0,3,0,0,15,false
shortest_queue,120,0.01199460060990481,1,3,0,0,15,false
shortest_queue,120,0.01199460060990481,2,3,0,0,15,false
shortest_queue,120,0.012749264169679694,0,4,0,0,15,false
shortest_queue,120,0.012749264169679694,1,3,0,0,15,false
shortest_queue,120,0.012749264169679694,2,3,0,0,15,false
shortest_queue,120,0.013394580853196766,0,4,0,0,15,false
shortest_queue,120,0.013394580853196766,1,4,0,0,15,false
shortest_queue,120,0.013394580853196766,2,3,0,0,15,false
shortest_queue,120,0.01431948133422595,0,4,0,0,15,false
shortest_queue,120,0.01431948133422595,1,4,0,0,15,false
shortest_queue,120,0.01431948133422595,2,4,0,0,15,false
shortest_queue,120,0.014786596736160703,0,5,0,0,15,false
shortest_queue,120,0.014786596736160703,1,4,0,0,15,false
shortest_queue,120,0.014786596736160703,2,4,0,0,15,false
shortest_queue,120,0.01525819780879265,0,5,0,0,15,false
shortest_queue,120,0.01525819780879265,1,5,0,0,15,false
shortest_queue,120,0.01525819780879265,2,4,0,0,15,false
shortest_queue,120,0.015736757832716684,0,5,0,0,15,false
shortest_queue,120,0.015736757832716684,1,5,0,0,15,false
shortest_queue,120,0.015736757832716684,2,5,0,0,15,false
shortest_queue,120,0.018201794392802277,0,6,0,0,15,false
shortest_queue,120,0.018201794392802277,1,5,0,0,15,false
shortest_queue,120,0.018201794392802277,2,5,0,0,15,false
shortest_queue,120,0.018832388565872497,0,6,0,0,15,false
shortest_queue,120,0.018832388565872497,1,6,0,0,15,false
shortest_queue,120,0.018832388565872497,2,5,0,0,15,false
shortest_queue,120,0.021310737174254895,0,6,0,0,15,false
shortest_queue,120,0.021310737174254895,1,6,0,0,15,false
shortest_queue,120,0.021310737174254895,2,6,0,0,15,false
shortest_queue,120,0.021826769192502406,0,7,0,0,15,false
shortest_queue,120,0.021826769192502406,1,6,0,0,15,false
shortest_queue,120,0.021826769192502406,2,6,0,0,15,false
shortest_queue,120,0.02297929492186218,0,7,0,0,15,false
shortest_queue,120,0.02297929492186218,1,7,0,0,15,false
shortest_queue,120,0.02297929492186218,2,6,0,0,15,false
shortest_queue,120,0.023416254191839687,0,7,0,0,15,false
shortest_queue,120,0.023416254191839687,1,7,0,0,15,false
shortest_queue,120,0.023416254191839687,2,7,0,0,15,false
shortest_queue,120,0.02444234738395824,0,8,0,0,15,false
shortest_queue,120,0.02444234738395824,1,7,0,0,15,false
shortest_queue,120,0.02444234738395824,2,7,0,0,15,false
shortest_queue,120,0.025232240282239044,0,8,0,0,15,false
shortest_queue,120,0.025232240282239044,1,8,0,0,15,false
shortest_queue,120,0.025232240282239044,2,7,0,0,15,false
shortest_queue,120,0.02818950751284326,0,8,0,0,15,false
shortest_queue,120,0.02818950751284326,1,8,0,0,15,false
shortest_queue,120,0.02818950751284326,2,8,0,0,15,false
shortest_queue,120,0.028781443727169634,0,9,0,0,15,false
shortest_queue,120,0.028781443727169634,1,8,0,0,15,false
shortest_queue,120,0.028781443727169634,2,8,0,0,15,false
shortest_queue,120,0.030947751623535316,0,9,0,0,15,false
shortest_queue,120,0.030947751623535316,1,9,0,0,15,false
shortest_queue,120,0.030947751623535316,2,8,0,0,15,false
shortest_queue,120,0.03174922174626459,0,9,0,0,15,false
shortest_queue,120,0.03174922174626459,1,9,0,0,15,false
shortest_queue,120,0.03174922174626459,2,9,0,0,15,false
shortest_queue,120,0.03221762698880368,0,10,0,0,15,false
shortest_queue,120,0.03221762698880368,1,9,0,0,15,false
shortest_queue,120,0.03221762698880368,2,9,0,0,15,false
shortest_queue,120,0.032836425858379065,0,10,0,0,15,false
shortest_queue,120,0.032836425858379065,1,10,0,0,15,false
shortest_queue,120,0.032836425858379065,2,9,0,0,15,false
shortest_queue,120,0.03326024506189888,0,10,0,0,15,false
shortest_queue,120,0.03326024506189888,1,10,0,0,15,false
shortest_queue,120,0.03326024506189888,2,10,0,0,15,false
shortest_queue,120,0.034540544190313355,0,11,0,0,15,false
shortest_queue,120,0.034540544190313355,1,10,0,0,15,false
shortest_queue,120,0.034540544190313355,2,10,0,0,15,false
shortest_queue,120,0.03513681438693138,0,11,0,0,15,false
shortest_queue,120,0.03513681438693138,1,11,0,0,15,false
shortest_queue,120,0.03513681438693138,2,10,0,0,15,false
shortest_queue,120,0.035641835318051936,0,11,0,0,15,false
shortest_queue,120,0.035641835318051936,1,11,0,0,15,false
shortest_queue,120,0.035641835318051936,2,11,0,0,15,false
shortest_queue,120,0.03662978830951366,0,12,0,0,15,false
shortest_queue,120,0.03662978830951366,1,11,0,0,15,false
shortest_queue,120,0.03662978830951366,2,11,0,0,15,false
shortest_queue,120,0.03760079910383589,0,12,0,0,15,false
shortest_queue,120,0.03760079910383589,1,12,0,0,15,false
shortest_queue,120,0.03760079910383589,2,11,0,0,15,false
shortest_queue,120,0.03853183822154585,0,12,0,0,15,false
shortest_queue,120,0.03853183822154585,1,12,0,0,15,false
shortest_queue,120,0.03853183822154585,2,12,0,0,15,false
shortest_queue,120,0.039864328821396906,0,13,0,0,15,false
shortest_queue,120,0.039864328821396906,1,12,0,0,15,false
shortest_queue,120,0.039864328821396906,2,12,0,0,15,false
shortest_queue,120,0.040449490583286424,0,13,0,0,15,false
shortest_queue,120,0.040449490583286424,1,13,0,0,15,false
shortest_queue,120,0.040449490583286424,2,12,0,0,15,false
shortest_queue,120,0.041013210010879986,0,13,0,0,15,false
shortest_queue,120,0.041013210010879986,1,13,0,0,15,false
shortest_queue,120,0.041013210010879986,2,13,0,0,15,false
shortest_queue,120,0.041556294717882046,0,14,0,0,15,false
shortest_queue,120,0.041556294717882046,1,13,0,0,15,false
shortest_queue,120,0.041556294717882046,2,13,0,0,15,false
shortest_queue,120,0.04260791229707535,0,14,0,0,15,false
shortest_queue,120,0.04260791229707535,1,14,0,0,15,false
shortest_queue,120,0.04260791229707535,2,13,0,0,15,false
shortest_queue,120,0.04329335430153252,0,14,0,0,15,false
shortest_queue,120,0.04329335430153252,1,14,0,0,15,false
shortest_queue,120,0.04329335430153252,2,14,0,0,15,false
shortest_queue,120,0.044133159931770014,0,15,0,0,15,false
shortest_queue,120,0.044133159931770014,1,14,0,0,15,false
shortest_queue,120,0.044133159931770014,2,14,0,0,15,false
shortest_queue,120,0.04468520310943064,0,15,0,0,15,false
shortest_queue,120,0.04468520310943064,1,15,0,0,15,false
shortest_queue,120,0.04468520310943064,2,14,0,0,15,false
shortest_queue,120,0.04537031555832504,0,15,0,0,15,false
shortest_queue,120,0.04537031555832504,1,15,0,0,15,false
shortest_queue,120,0.04537031555832504,2,15,0,0,15,false
shortest_queue,120,0.045777526872492855,0,15,1,0,15,false
shortest_queue,120,0.045777526872492855,1,15,0,0,15,false
shortest_queue,120,0.045777526872492855,2,15,0,0,15,false
shortest_queue,120,0.046250614263669644,0,15,1,0,15,false
shortest_queue,120,0.046250614263669644,1,15,1,0,15,false
shortest_queue,120,0.046250614263669644,2,15,0,0,15,false
shortest_queue,120,0.04725380676489505,0,15,1,0,15,false
shortest_queue,120,0.04725380676489505,1,15,1,0,15,false
shortest_queue,120,0.04725380676489505,2,15,1,0,15,false
shortest_queue,120,0.04793619946445053,0,15,2,0,15,false
shortest_queue,120,0.04793619946445053,1,15,1,0,15,false
shortest_queue,120,0.04793619946445053,2,15,1,0,15,false
shortest_queue,120,0.04849007582124022,0,15,2,0,15,false
shortest_queue,120,0.04849007582124022,1,15,2,0,15,false
shortest_queue,120,0.04849007582124022,2,15,1,0,15,false
shortest_queue,120,0.050475602215707134,0,15,1,1,15,false
shortest_queue,120,0.050475602215707134,1,15,2,0,15,false
shortest_queue,120,0.050475602215707134,2,15,1,0,15,false
shortest_queue,120,0.05089024277495164,0,15,1,1,15,false
shortest_queue,120,0.05089024277495164,1,15,1,1,15,false
shortest_queue,120,0.05089024277495164,2,15,1,0,15,false
shortest_queue,120,0.05094320770347008,0,15,2,1,15,false
shortest_queue,120,0.05094320770347008,1,15,1,1,15,false
shortest_queue,120,0.05094320770347008,2,15,1,0,15,false
shortest_queue,120,0.05137220748547472,0,15,2,1,15,false
shortest_queue,120,0.05137220748547472,1,15,1,1,15,false
shortest_queue,120,0.05137220748547472,2,15,0,1,15,false
shortest_queue,120,0.05177827513306872,0,15,1,2,15,false
shortest_queue,120,0.05177827513306872,1,15,1,1,15,false
shortest_queue,120,0.05177827513306872,2,15,0,1,15,false
shortest_queue,120,0.05182321212133679,0,15,1,2,15,false
shortest_queue,120,0.05182321212133679,1,15,1,1,15,false
shortest_queue,120,0.05182321212133679,2,15,1,1,15,false
shortest_queue,120,0.05237604674988619,0,15,2,2,15,false
shortest_queue,120,0.05237604674988619,1,15,1,1,15,false
shortest_queue,120,0.05237604674988619,2,15,1,1,15,false
shortest_queue,120,0.052903365088782676,0,15,2,2,15,false
shortest_queue,120,0.052903365088782676,1,15,2,1,15,false
shortest_queue,120,0.052903365088782676,2,15,1,1,15,false
shortest_queue,120,0.05321428612870304,0,15,2,2,15,false
shortest_queue,120,0.05321428612870304,1,15,1,2,15,false
shortest_queue,120,0.05321428612870304,2,15,1,1,15,false
shortest_queue,120,0.05331170011012059,0,15,2,2,15,false
shortest_queue,120,0.05331170011012059,1,15,2,2,15,false
shortest_queue,120,0.05331170011012059,2,15,1,1,15,false
shortest_queue,120,0.053807780203692195,0,15,2,2,15,false
shortest_queue,120,0.053807780203692195,1,15,2,2,15,false
shortest_queue,120,0.053807780203692195,2,15,2,1,15,false
shortest_queue,120,0.05450050879276619,0,15,3,2,15,false
shortest_queue,120,0.05450050879276619,1,15,2,2,15,false
shortest_queue,120,0.05450050879276619,2,15,2,1,15,false
shortest_queue,120,0.055137775446666995,0,15,3,2,15,false
shortest_queue,120,0.055137775446666995,1,15,3,2,15,false
shortest_queue,120,0.055137775446666995,2,15,2,1,15,false
shortest_queue,120,0.05526061849313409,0,15,3,2,15,false
shortest_queue,120,0.05526061849313409,1,15,3,2,15,false
shortest_queue,120,0.05526061849313409,2,15,1,2,15,false
shortest_queue,120,0.055853725034559314,0,15,3,2,15,false
shortest_queue,120,0.055853725034559314,1,15,3,2,15,false
shortest_queue,120,0.055853725034559314,2,15,2,2,15,false
shortest_queue,120,0.05723807364168335,0,15,3,2,15,false
shortest_queue,120,0.05723807364168335,1,15,3,2,15,false
shortest_queue,120,0.05723807364168335,2,15,3,2,15,false
shortest_queue,120,0.057741844980607394,0,15,4,2,15,false
shortest_queue,120,0.057741844980607394,1,15,3,2,15,false
shortest_queue,120,0.057741844980607394,2,15,3,2,15,false
shortest_queue,120,0.05818217358087175,0,15,4,2,15,false
shortest_queue,120,0.05818217358087175,1,15,4,2,15,false
shortest_queue,120,0.05818217358087175,2,15,3,2,15,false
shortest_queue,120,0.05878613882616086,0,15,4,2,15,false
shortest_queue,120,0.05878613882616086,1,15,4,2,15,false
shortest_queue,120,0.05878613882616086,2,15,4,2,15,false
shortest_queue,120,0.059873495173939126,0,15,5,2,15,false
shortest_queue,120,0.059873495173939126,1,15,4,2,15,false
shortest_queue,120,0.059873495173939126,2,15,4,2,15,false
shortest_queue,120,0.060323222912319514,0,15,5,2,15,false
shortest_queue,120,0.060323222912319514,1,15,5,2,15,false
shortest_queue,120,0.060323222912319514,2,15,4,2,15,false
shortest_queue,120,0.060651850288263226,0,15,4,3,15,false
shortest_queue,120,0.060651850288263226,1,15,5,2,15,false
shortest_queue,120,0.060651850288263226,2,15,4,2,15,false
shortest_queue,120,0.061553863395016645,0,15,4,3,15,false
shortest_queue,120,0.061553863395016645,1,15,4,3,15,false
shortest_queue,120,0.061553863395016645,2,15,4,2,15,false
shortest_queue,120,0.061909133410924626,0,15,5,3,15,false
shortest_queue,120,0.061909133410924626,1,15,4,3,15,false
shortest_queue,120,0.061909133410924626,2,15,4,2,15,false
shortest_queue,120,0.06199460060990481,0,15,5,3,15,false
shortest_queue,120,0.06199460060990481,1,15,4,3,15,false
shortest_queue,120,0.06199460060990481,2,15,3,3,15,false
shortest_queue,120,0.062358918166867644,0,15,5,3,15,false
shortest_queue,120,0.062358918166867644,1,15,4,3,15,false
shortest_queue,120,0.062358918166867644,2,15,4,3,15,false
shortest_queue,120,0.0627492641696797,0,15,4,4,15,false
shortest_queue,120,0.0627492641696797,1,15,4,3,15,false
shortest_queue,120,0.0627492641696797,2,15,4,3,15,false
shortest_queue,120,0.06311085003903763,0,15,5,4,15,false
shortest_queue,120,0.06311085003903763,1,15,4,3,15,false
shortest_queue,120,0.06311085003903763,2,15,4,3,15,false
shortest_queue,120,0.06339458085319677,0,15,5,4,15,false
shortest_queue,120,0.06339458085319677,1,15,3,4,15,false
shortest_queue,120,0.06339458085319677,2,15,4,3,15,false
shortest_queue,120,0.06362917762523174,0,15,5,4,15,false
shortest_queue,120,0.06362917762523174,1,15,4,4,15,false
shortest_queue,120,0.06362917762523174,2,15,4,3,15,false
shortest_queue,120,0.06411013084570018,0,15,5,4,15,false
shortest_queue,120,0.06411013084570018,1,15,5,4,15,false
shortest_queue,120,0.06411013084570018,2,15,4,3,15,false
shortest_queue,120,0.06431948133422595,0,15,5,4,15,false
shortest_queue,120,0.06431948133422595,1,15,5,4,15,false
shortest_queue,120,0.06431948133422595,2,15,3,4,15,false
shortest_queue,120,0.0647865967361607,0,15,4,5,15,false
shortest_queue,120,0.0647865967361607,1,15,5,4,15,false
shortest_queue,120,0.0647865967361607,2,15,3,4,15,false
shortest_queue,120,0.06498729265634762,0,15,4,5,15,false
shortest_queue,120,0.06498729265634762,1,15,5,4,15,false
shortest_queue,120,0.06498729265634762,2,15,4,4,15,false
shortest_queue,120,0.06525819780879265,0,15,4,5,15,false
shortest_queue,120,0.06525819780879265,1,15,4,5,15,false
shortest_queue,120,0.06525819780879265,2,15,4,4,15,false
shortest_queue,120,0.06554010167316834,0,15,5,5,15,false
shortest_queue,120,0.06554010167316834,1,15,4,5,15,false
shortest_queue,120,0.06554010167316834,2,15,4,4,15,false
shortest_queue,120,0.06573675783271668,0,15,5,5,15,false
shortest_queue,120,0.06573675783271668,1,15,4,5,15,false
shortest_queue,120,0.06573675783271668,2,15,3,5,15,false
shortest_queue,120,0.06602304079701234,0,15,5,5,15,false
shortest_queue,120,0.06602304079701234,1,15,4,5,15,false
shortest_queue,120,0.06602304079701234,2,15,4,5,15,false
shortest_queue,120,0.06657965880459253,0,15,5,5,15,false
shortest_queue,120,0.06657965880459253,1,15,5,5,15,false
shortest_queue,120,0.06657965880459253,2,15,4,5,15,false
shortest_queue,120,0.06726940393752101,0,15,5,5,15,false
shortest_queue,120,0.06726940393752101,1,15,5,5,15,false
shortest_queue,120,0.06726940393752101,2,15,5,5,15,false
shortest_queue,120,0.06820179439280227,0,15,4,6,15,false
shortest_queue,120,0.06820179439280227,1,15,5,5,15,false
shortest_queue,120,0.06820179439280227,2,15,5,5,15,false
shortest_queue,120,0.06822637613526433,0,15,5,6,15,false
shortest_queue,120,0.06822637613526433,1,15,5,5,15,false
shortest_queue,120,0.06822637613526433,2,15,5,5,15,false
shortest_queue,120,0.0688323885658725,0,15,5,6,15,false
shortest_queue,120,0.0688323885658725,1,15,4,6,15,false
shortest_queue,120,0.0688323885658725,2,15,5,5,15,false
shortest_queue,120,0.06889609127499059,0,15,5,6,15,false
shortest_queue,120,0.06889609127499059,1,15,5,6,15,false
shortest_queue,120,0.06889609127499059,2,15,5,5,15,false
shortest_queue,120,0.070355376299605,0,15,6,6,15,false
shortest_queue,120,0.070355376299605,1,15,5,6,15,false
shortest_queue,120,0.070355376299605,2,15,5,5,15,false
shortest_queue,120,0.07094136033109713,0,15,6,6,15,false
shortest_queue,120,0.07094136033109713,1,15,6,6,15,false
shortest_queue,120,0.07094136033109713,2,15,5,5,15,false
shortest_queue,120,0.0713107371742549,0,15,6,6,15,false
shortest_queue,120,0.0713107371742549,1,15,6,6,15,false
shortest_queue,120,0.0713107371742549,2,15,4,6,15,false
shortest_queue,120,0.07145849819864279,0,15,6,6,15,false
shortest_queue,120,0.07145849819864279,1,15,6,6,15,false
shortest_queue,120,0.07145849819864279,2,15,5,6,15,false
shortest_queue,120,0.07182676919250242,0,15,5,7,15,false
shortest_queue,120,0.07182676919250242,1,15,6,6,15,false
shortest_queue,120,0.07182676919250242,2,15,5,6,15,false
shortest_queue,120,0.07197245359602389,0,15,6,7,15,false
shortest_queue,120,0.07197245359602389,1,15,6,6,15,false
shortest_queue,120,0.07197245359602389,2,15,5,6,15,false
shortest_queue,120,0.07297929492186218,0,15,6,7,15,false
shortest_queue,120,0.07297929492186218,1,15,5,7,15,false
shortest_queue,120,0.07297929492186218,2,15,5,6,15,false
shortest_queue,120,0.0734162541918397,0,15,6,7,15,false
shortest_queue,120,0.0734162541918397,1,15,5,7,15,false
shortest_queue,120,0.0734162541918397,2,15,4,7,15,false
shortest_queue,120,0.07444234738395825,0,15,5,8,15,false
shortest_queue,120,0.07444234738395825,1,15,5,7,15,false
shortest_queue,120,0.07444234738395825,2,15,4,7,15,false
shortest_queue,120,0.07507370230644443,0,15,5,8,15,false
shortest_queue,120,0.07507370230644443,1,15,5,7,15,false
shortest_queue,120,0.07507370230644443,2,15,5,7,15,false
shortest_queue,120,0.07523224028223904,0,15,5,8,15,false
shortest_queue,120,0.07523224028223904,1,15,4,8,15,false
shortest_queue,120,0.07523224028223904,2,15,5,7,15,false
shortest_queue,120,0.07547742555088753,0,15,5,8,15,false
shortest_queue,120,0.07547742555088753,1,15,5,8,15,false
shortest_queue,120,0.07547742555088753,2,15,5,7,15,false
shortest_queue,120,0.07609649816266857,0,15,6,8,15,false
shortest_queue,120,0.07609649816266857,1,15,5,8,15,false
shortest_queue,120,0.07609649816266857,2,15,5,7,15,false
shortest_queue,120,0.07818950751284326,0,15,6,8,15,false
shortest_queue,120,0.07818950751284326,1,15,5,8,15,false
shortest_queue,120,0.07818950751284326,2,15,4,8,15,false
shortest_queue,120,0.07878144372716964,0,15,5,9,15,false
shortest_queue,120,0.07878144372716964,1,15,5,8,15,false
shortest_queue,120,0.07878144372716964,2,15,4,8,15,false
shortest_queue,120,0.08094775162353532,0,15,5,9,15,false
shortest_queue,120,0.08094775162353532,1,15,4,9,15,false
shortest_queue,120,0.08094775162353532,2,15,4,8,15,false
shortest_queue,120,0.08174922174626459,0,15,5,9,15,false
shortest_queue,120,0.08174922174626459,1,15,4,9,15,false
shortest_queue,120,0.08174922174626459,2,15,3,9,15,false
shortest_queue,120,0.08221762698880368,0,15,4,10,15,false
shortest_queue,120,0.08221762698880368,1,15,4,9,15,false
shortest_queue,120,0.08221762698880368,2,15,3,9,15,false
shortest_queue,120,0.08283642585837907,0,15,4,10,15,false
shortest_queue,120,0.08283642585837907,1,15,3,10,15,false
shortest_queue,120,0.08283642585837907,2,15,3,9,15,false
shortest_queue,120,0.08326024506189889,0,15,4,10,15,false
shortest_queue,120,0.08326024506189889,1,15,3,10,15,false
shortest_queue,120,0.08326024506189889,2,15,2,10,15,false
shortest_queue,120,0.08454054419031336,0,15,3,11,15,false
shortest_queue,120,0.08454054419031336,1,15,3,10,15,false
shortest_queue,120,0.08454054419031336,2,15,2,10,15,false
shortest_queue,120,0.08513681438693138,0,15,3,11,15,false
shortest_queue,120,0.08513681438693138,1,15,2,11,15,false
shortest_queue,120,0.08513681438693138,2,15,2,10,15,false
shortest_queue,120,0.08564183531805195,0,15,3,11,15,false
shortest_queue,120,0.08564183531805195,1,15,2,11,15,false
shortest_queue,120,0.08564183531805195,2,15,1,11,15,false
shortest_queue,120,0.08637485037404338,0,15,3,11,15,false
shortest_queue,120,0.08637485037404338,1,15,2,11,15,false
shortest_queue,120,0.08637485037404338,2,15,2,11,15,false
shortest_queue,120,0.08662978830951366,0,15,2,12,15,false
shortest_queue,120,0.08662978830951366,1,15,2,11,15,false
shortest_queue,120,0.08662978830951366,2,15,2,11,15,false
shortest_queue,120,0.08732372910698645,0,15,3,12,15,false
shortest_queue,120,0.08732372910698645,1,15,2,11,15,false
shortest_queue,120,0.08732372910698645,2,15,2,11,15,false
shortest_queue,120,0.08760079910383589,0,15,3,12,15,false
shortest_queue,120,0.08760079910383589,1,15,1,12,15,false
shortest_queue,120,0.08760079910383589,2,15,2,11,15,false
shortest_queue,120,0.08853183822154585,0,15,3,12,15,false
shortest_queue,120,0.08853183822154585,1,15,1,12,15,false
shortest_queue,120,0.08853183822154585,2,15,1,12,15,false
shortest_queue,120,0.08862266493570733,0,15,3,12,15,false
shortest_queue,120,0.08862266493570733,1,15,2,12,15,false
shortest_queue,120,0.08862266493570733,2,15,1,12,15,false
shortest_queue,120,0.08913921796567303,0,15,3,12,15,false
shortest_queue,120,0.08913921796567303,1,15,2,12,15,false
shortest_queue,120,0.08913921796567303,2,15,2,12,15,false
shortest_queue,120,0.08986432882139692,0,15,2,13,15,false
shortest_queue,120,0.08986432882139692,1,15,2,12,15,false
shortest_queue,120,0.08986432882139692,2,15,2,12,15,false
shortest_queue,120,0.09043937324137225,0,15,3,13,15,false
shortest_queue,120,0.09043937324137225,1,15,2,12,15,false
shortest_queue,120,0.09043937324137225,2,15,2,12,15,false
shortest_queue,120,0.09044949058328643,0,15,3,13,15,false
shortest_queue,120,0.09044949058328643,1,15,1,13,15,false
shortest_queue,120,0.09044949058328643,2,15,2,12,15,false
shortest_queue,120,0.09097096557742064,0,15,3,13,15,false
shortest_queue,120,0.09097096557742064,1,15,2,13,15,false
shortest_queue,120,0.09097096557742064,2,15,2,12,15,false
shortest_queue,120,0.09101321001087999,0,15,3,13,15,false
shortest_queue,120,0.09101321001087999,1,15,2,13,15,false
shortest_queue,120,0.09101321001087999,2,15,1,13,15,false
shortest_queue,120,0.09150229948040252,0,15,3,13,15,false
shortest_queue,120,0.09150229948040252,1,15,2,13,15,false
shortest_queue,120,0.09150229948040252,2,15,2,13,15,false
shortest_queue,120,0.09155629471788204,0,15,2,14,15,false
shortest_queue,120,0.09155629471788204,1,15,2,13,15,false
shortest_queue,120,0.09155629471788204,2,15,2,13,15,false
shortest_queue,120,0.09260791229707535,0,15,2,14,15,false
shortest_queue,120,0.09260791229707535,1,15,1,14,15,false
shortest_queue,120,0.09260791229707535,2,15,2,13,15,false
shortest_queue,120,0.09329335430153252,0,15,2,14,15,false
shortest_queue,120,0.09329335430153252,1,15,1,14,15,false
shortest_queue,120,0.09329335430153252,2,15,1,14,15,false
shortest_queue,120,0.09349883388372372,0,15,2,14,15,false
shortest_queue,120,0.09349883388372372,1,15,2,14,15,false
shortest_queue,120,0.09349883388372372,2,15,1,14,15,false
shortest_queue,120,0.09394608792258285,0,15,2,14,15,false
shortest_queue,120,0.09394608792258285,1,15,2,14,15,false
shortest_queue,120,0.09394608792258285,2,15,2,14,15,false
shortest_queue,120,0.09413315993177002,0,15,1,15,15,false
shortest_queue,120,0.09413315993177002,1,15,2,14,15,false
shortest_queue,120,0.09413315993177002,2,15,2,14,15,false
shortest_queue,120,0.09446614807596758,0,15,2,15,15,false
shortest_queue,120,0.09446614807596758,1,15,2,14,15,false
shortest_queue,120,0.09446614807596758,2,15,2,14,15,false
shortest_queue,120,0.09468520310943064,0,15,2,15,15,false
shortest_queue,120,0.09468520310943064,1,15,1,15,15,false
shortest_queue,120,0.09468520310943064,2,15,2,14,15,false
shortest_queue,120,0.09537031555832504,0,15,2,15,15,false
shortest_queue,120,0.09537031555832504,1,15,1,15,15,false
shortest_queue,120,0.09537031555832504,2,15,1,15,15,false
shortest_queue,120,0.10047560221570714,0,15,1,16,15,false
shortest_queue,120,0.10047560221570714,1,15,1,15,15,false
shortest_queue,120,0.10047560221570714,2,15,1,15,15,false
shortest_queue,120,0.10089024277495165,0,15,1,16,15,false
shortest_queue,120,0.10089024277495165,1,15,0,16,15,false
shortest_queue,120,0.10089024277495165,2,15,1,15,15,false
shortest_queue,120,0.10137220748547472,0,15,1,16,15,false
shortest_queue,120,0.10137220748547472,1,15,0,16,15,false
shortest_queue,120,0.10137220748547472,2,15,0,16,15,false
shortest_queue,120,0.10177827513306872,0,15,0,17,15,false
shortest_queue,120,0.10177827513306872,1,15,0,16,15,false
shortest_queue,120,0.10177827513306872,2,15,0,16,15,false
shortest_queue,120,0.10321428612870304,0,15,0,17,15,false
shortest_queue,120,0.10321428612870304,1,14,0,17,15,false
shortest_queue,120,0.10321428612870304,2,15,0,16,15,false
shortest_queue,120,0.10526061849313409,0,15,0,17,15,false
shortest_queue,120,0.10526061849313409,1,14,0,17,15,false
shortest_queue,120,0.10526061849313409,2,14,0,17,15,false
shortest_queue,120,0.105763115385583,0,15,0,17,15,false
shortest_queue,120,0.105763115385583,1,15,0,17,15,false
shortest_queue,120,0.105763115385583,2,14,0,17,15,false
shortest_queue,120,0.10624639754007474,0,15,0,17,15,false
shortest_queue,120,0.10624639754007474,1,15,0,17,15,false
shortest_queue,120,0.10624639754007474,2,15,0,17,15,false
shortest_queue,120,0.10664769853196561,0,15,1,17,15,false
shortest_queue,120,0.10664769853196561,1,15,0,17,15,false
shortest_queue,120,0.10664769853196561,2,15,0,17,15,false
shortest_queue,120,0.11000378087662906,0,15,1,17,15,false
shortest_queue,120,0.11000378087662906,1,15,1,17,15,false
shortest_queue,120,0.11000378087662906,2,15,0,17,15,false
shortest_queue,120,0.11045690261230888,0,15,1,17,15,false
shortest_queue,120,0.11045690261230888,1,15,1,17,15,false
shortest_queue,120,0.11045690261230888,2,15,1,17,15,false
shortest_queue,120,0.11065185028826323,0,15,0,18,15,false
shortest_queue,120,0.11065185028826323,1,15,1,17,15,false
shortest_queue,120,0.11065185028826323,2,15,1,17,15,false
shortest_queue,120,0.11155386339501665,0,15,0,18,15,false
shortest_queue,120,0.11155386339501665,1,15,0,18,15,false
shortest_queue,120,0.11155386339501665,2,15,1,17,15,false
shortest_queue,120,0.11199460060990482,0,15,0,18,15,false
shortest_queue,120,0.11199460060990482,1,15,0,18,15,false
shortest_queue,120,0.11199460060990482,2,15,0,18,15,false
shortest_queue,120,0.1127492641696797,0,14,0,19,15,false
shortest_queue,120,0.1127492641696797,1,15,0,18,15,false
shortest_queue,120,0.1127492641696797,2,15,0,18,15,false
shortest_queue,120,0.11292019665445283,0,15,0,19,15,false
shortest_queue,120,0.11292019665445283,1,15,0,18,15,false
shortest_queue,120,0.11292019665445283,2,15,0,18,15,false
shortest_queue,120,0.11339458085319677,0,15,0,19,15,false
shortest_queue,120,0.11339458085319677,1,14,0,19,15,false
shortest_queue,120,0.11339458085319677,2,15,0,18,15,false
shortest_queue,120,0.11431948133422595,0,15,0,19,15,false
shortest_queue,120,0.11431948133422595,1,14,0,19,15,false
shortest_queue,120,0.11431948133422595,2,14,0,19,15,false
shortest_queue,120,0.1147865967361607,0,14,0,20,15,false
shortest_queue,120,0.1147865967361607,1,14,0,19,15,false
shortest_queue,120,0.1147865967361607,2,14,0,19,15,false
shortest_queue,120,0.11525819780879265,0,14,0,20,15,false
shortest_queue,120,0.11525819780879265,1,13,0,20,15,false
shortest_queue,120,0.11525819780879265,2,14,0,19,15,false
shortest_queue,120,0.11573675783271668,0,14,0,20,15,false
shortest_queue,120,0.11573675783271668,1,13,0,20,15,false
shortest_queue,120,0.11573675783271668,2,13,0,20,15,false
shortest_queue,120,0.11820179439280228,0,13,0,21,15,false
shortest_queue,120,0.11820179439280228,1,13,0,20,15,false
shortest_queue,120,0.11820179439280228,2,13,0,20,15,false
shortest_queue,120,0.11838675543673033,0,14,0,21,15,false
shortest_queue,120,0.11838675543673033,1,13,0,20,15,false
shortest_queue,120,0.11838675543673033,2,13,0,20,15,false
shortest_queue,120,0.1188323885658725,0,14,0,21,15,false
shortest_queue,120,0.1188323885658725,1,12,0,21,15,false
shortest_queue,120,0.1188323885658725,2,13,0,20,15,false
shortest_queue,120,0.11910871680568669,0,14,0,21,15,false
shortest_queue,120,0.11910871680568669,1,13,0,21,15,false
shortest_queue,120,0.11910871680568669,2,13,0,20,15,false
shortest_queue,120,0.11968490136945226,0,14,0,21,15,false
shortest_queue,120,0.11968490136945226,1,14,0,21,15,false
shortest_queue,120,0.11968490136945226,2,13,0,20,15,false
shortest_queue,120,0.12092864114272762,0,14,0,21,15,false
shortest_queue,120,0.12092864114272762,1,14,0,21,15,false
shortest_queue,120,0.12092864114272762,2,14,0,20,15,false
shortest_queue,120,0.1213107371742549,0,14,0,21,15,false
shortest_queue,120,0.1213107371742549,1,14,0,21,15,false
shortest_queue,120,0.1213107371742549,2,13,0,21,15,false
shortest_queue,120,0.12182676919250242,0,13,0,22,15,false
shortest_queue,120,0.12182676919250242,1,14,0,21,15,false
shortest_queue,120,0.12182676919250242,2,13,0,21,15,false
shortest_queue,120,0.12297929492186219,0,13,0,22,15,false
shortest_queue,120,0.12297929492186219,1,13,0,22,15,false
shortest_queue,120,0.12297929492186219,2,13,0,21,15,false
shortest_queue,120,0.1234162541918397,0,13,0,22,15,false
shortest_queue,120,0.1234162541918397,1,13,0,22,15,false
shortest_queue,120,0.1234162541918397,2,12,0,22,15,false
shortest_queue,120,0.12424896751278554,0,13,0,22,15,false
shortest_queue,120,0.12424896751278554,1,13,0,22,15,false
shortest_queue,120,0.12424896751278554,2,13,0,22,15,false
shortest_queue,120,0.12444234738395825,0,12,0,23,15,false
shortest_queue,120,0.12444234738395825,1,13,0,22,15,false
shortest_queue,120,0.12444234738395825,2,13,0,22,15,false
shortest_queue,120,0.12470651196118596,0,13,0,23,15,false
shortest_queue,120,0.12470651196118596,1,13,0,22,15,false
shortest_queue,120,0.12470651196118596,2,13,0,22,15,false
shortest_queue,120,0.12523224028223906,0,13,0,23,15,false
shortest_queue,120,0.12523224028223906,1,12,0,23,15,false
shortest_queue,120,0.12523224028223906,2,13,0,22,15,false
shortest_queue,120,0.1252646151798518,0,13,0,23,15,false
shortest_queue,120,0.1252646151798518,1,13,0,23,15,false
shortest_queue,120,0.1252646151798518,2,13,0,22,15,false
shortest_queue,120,0.12570241438892735,0,14,0,23,15,false
shortest_queue,120,0.12570241438892735,1,13,0,23,15,false
shortest_queue,120,0.12570241438892735,2,13,0,22,15,false
shortest_queue,120,0.12818950751284325,0,14,0,23,15,false
shortest_queue,120,0.12818950751284325,1,13,0,23,15,false
shortest_queue,120,0.12818950751284325,2,12,0,23,15,false
shortest_queue,120,0.12878144372716965,0,13,0,24,15,false
shortest_queue,120,0.12878144372716965,1,13,0,23,15,false
shortest_queue,120,0.12878144372716965,2,12,0,23,15,false
shortest_queue,120,0.12894085327481442,0,13,0,24,15,false
shortest_queue,120,0.12894085327481442,1,13,0,23,15,false
shortest_queue,120,0.12894085327481442,2,13,0,23,15,false
shortest_queue,120,0.1294609373269934,0,14,0,24,15,false
shortest_queue,120,0.1294609373269934,1,13,0,23,15,false
shortest_queue,120,0.1294609373269934,2,13,0,23,15,false
shortest_queue,120,0.13004135914744488,0,14,0,24,15,false
shortest_queue,120,0.13004135914744488,1,14,0,23,15,false
shortest_queue,120,0.13004135914744488,2,13,0,23,15,false
shortest_queue,120,0.13094775162353534,0,14,0,24,15,false
shortest_queue,120,0.13094775162353534,1,13,0,24,15,false
shortest_queue,120,0.13094775162353534,2,13,0,23,15,false
shortest_queue,120,0.13174922174626458,0,14,0,24,15,false
shortest_queue,120,0.13174922174626458,1,13,0,24,15,false
shortest_queue,120,0.13174922174626458,2,12,0,24,15,false
shortest_queue,120,0.13221762698880368,0,13,0,25,15,false
shortest_queue,120,0.13221762698880368,1,13,0,24,15,false
shortest_queue,120,0.13221762698880368,2,12,0,24,15,false
shortest_queue,120,0.13244016344686127,0,13,0,25,15,false
shortest_queue,120,0.13244016344686127,1,13,0,24,15,false
shortest_queue,120,0.13244016344686127,2,13,0,24,15,false
shortest_queue,120,0.13283642585837907,0,13,0,25,15,false
shortest_queue,120,0.13283642585837907,1,12,0,25,15,false
shortest_queue,120,0.13283642585837907,2,13,0,24,15,false
shortest_queue,120,0.1330174591641171,0,13,0,25,15,false
shortest_queue,120,0.1330174591641171,1,13,0,25,15,false
shortest_queue,120,0.1330174591641171,2,13,0,24,15,false
shortest_queue,120,0.13326024506189887,0,13,0,25,15,false
shortest_queue,120,0.13326024506189887,1,13,0,25,15,false
shortest_queue,120,0.13326024506189887,2,12,0,25,15,false
shortest_queue,120,0.13380083515614485,0,13,0,25,15,false
shortest_queue,120,0.13380083515614485,1,13,0,25,15,false
shortest_queue,120,0.13380083515614485,2,13,0,25,15,false
shortest_queue,120,0.13448973211511323,0,14,0,25,15,false
shortest_queue,120,0.13448973211511323,1,13,0,25,15,false
shortest_queue,120,0.13448973211511323,2,13,0,25,15,false
shortest_queue,120,0.13454054419031336,0,13,0,26,15,false
shortest_queue,120,0.13454054419031336,1,13,0,25,15,false
shortest_queue,120,0.13454054419031336,2,13,0,25,15,false
shortest_queue,120,0.13513681438693137,0,13,0,26,15,false
shortest_queue,120,0.13513681438693137,1,12,0,26,15,false
shortest_queue,120,0.13513681438693137,2,13,0,25,15,false
shortest_queue,120,0.13564183531805196,0,13,0,26,15,false
shortest_queue,120,0.13564183531805196,1,12,0,26,15,false
shortest_queue,120,0.13564183531805196,2,12,0,26,15,false
shortest_queue,120,0.13662978830951367,0,12,0,27,15,false
shortest_queue,120,0.13662978830951367,1,12,0,26,15,false
shortest_queue,120,0.13662978830951367,2,12,0,26,15,false
shortest_queue,120,0.13760079910383588,0,12,0,27,15,false
shortest_queue,120,0.13760079910383588,1,11,0,27,15,false
shortest_queue,120,0.13760079910383588,2,12,0,26,15,false
shortest_queue,120,0.13853183822154586,0,12,0,27,15,false
shortest_queue,120,0.13853183822154586,1,11,0,27,15,false
shortest_queue,120,0.13853183822154586,2,11,0,27,15,false
shortest_queue,120,0.13911854286666442,0,12,0,27,15,false
shortest_queue,120,0.13911854286666442,1,12,0,27,15,false
shortest_queue,120,0.13911854286666442,2,11,0,27,15,false
shortest_queue,120,0.13954486071031647,0,12,0,27,15,false
shortest_queue,120,0.13954486071031647,1,12,0,27,15,false
shortest_queue,120,0.13954486071031647,2,12,0,27,15,false
shortest_queue,120,0.13986432882139693,0,11,0,28,15,false
shortest_queue,120,0.13986432882139693,1,12,0,27,15,false
shortest_queue,120,0.13986432882139693,2,12,0,27,15,false
shortest_queue,120,0.14044949058328643,0,11,0,28,15,false
shortest_queue,120,0.14044949058328643,1,11,0,28,15,false
shortest_queue,120,0.14044949058328643,2,12,0,27,15,false
shortest_queue,120,0.14061886943545096,0,12,0,28,15,false
shortest_queue,120,0.14061886943545096,1,11,0,28,15,false
shortest_queue,120,0.14061886943545096,2,12,0,27,15,false
shortest_queue,120,0.14101321001088,0,12,0,28,15,false
shortest_queue,120,0.14101321001088,1,11,0,28,15,false
shortest_queue,120,0.14101321001088,2,11,0,28,15,false
shortest_queue,120,0.1411413094703914,0,12,0,28,15,false
shortest_queue,120,0.1411413094703914,1,12,0,28,15,false
shortest_queue,120,0.1411413094703914,2,11,0,28,15,false
shortest_queue,120,0.14155629471788206,0,11,0,29,15,false
shortest_queue,120,0.14155629471788206,1,12,0,28,15,false
shortest_queue,120,0.14155629471788206,2,11,0,28,15,false
shortest_queue,120,0.14260791229707537,0,11,0,29,15,false
shortest_queue,120,0.14260791229707537,1,11,0,29,15,false
shortest_queue,120,0.14260791229707537,2,11,0,28,15,false
shortest_queue,120,0.1432933543015325,0,11,0,29,15,false
shortest_queue,120,0.1432933543015325,1,11,0,29,15,false
shortest_queue,120,0.1432933543015325,2,10,0,29,15,false
shortest_queue,120,0.14341043888971647,0,11,0,29,15,false
shortest_queue,120,0.14341043888971647,1,11,0,29,15,false
shortest_queue,120,0.14341043888971647,2,11,0,29,15,false
shortest_queue,120,0.14413315993177,0,10,0,30,15,false
shortest_queue,120,0.14413315993177,1,11,0,29,15,false
shortest_queue,120,0.14413315993177,2,11,0,29,15,false
shortest_queue,120,0.14468520310943064,0,10,0,30,15,false
shortest_queue,120,0.14468520310943064,1,10,0,30,15,false
shortest_queue,120,0.14468520310943064,2,11,0,29,15,false
shortest_queue,120,0.14537031555832503,0,10,0,30,15,false
shortest_queue,120,0.14537031555832503,1,10,0,30,15,false
shortest_queue,120,0.14537031555832503,2,10,0,30,15,false
shortest_queue,120,0.15047560221570716,0,9,0,31,15,false
shortest_queue,120,0.15047560221570716,1,10,0,30,15,false
shortest_queue,120,0.15047560221570716,2,10,0,30,15,false
shortest_queue,120,0.15089024277495167,0,9,0,31,15,false
shortest_queue,120,0.15089024277495167,1,9,0,31,15,false
shortest_queue,120,0.15089024277495167,2,10,0,30,15,false
shortest_queue,120,0.15137220748547472,0,9,0,31,15,false
shortest_queue,120,0.15137220748547472,1,9,0,31,15,false
shortest_queue,120,0.15137220748547472,2,9,0,31,15,false
shortest_queue,120,0.15177827513306874,0,8,0,32,15,false
shortest_queue,120,0.15177827513306874,1,9,0,31,15,false
shortest_queue,120,0.15177827513306874,2,9,0,31,15,false
shortest_queue,120,0.15576311538558302,0,8,0,32,15,false
shortest_queue,120,0.15576311538558302,1,8,0,32,15,false
shortest_queue,120,0.15576311538558302,2,9,0,31,15,false
shortest_queue,120,0.15624639754007474,0,8,0,32,15,false
shortest_queue,120,0.15624639754007474,1,8,0,32,15,false
shortest_queue,120,0.15624639754007474,2,8,0,32,15,false
shortest_queue,120,0.16065185028826323,0,7,0,33,15,false
shortest_queue,120,0.16065185028826323,1,8,0,32,15,false
shortest_queue,120,0.16065185028826323,2,8,0,32,15,false
shortest_queue,120,0.16155386339501665,0,7,0,33,15,false
shortest_queue,120,0.16155386339501665,1,7,0,33,15,false
shortest_queue,120,0.16155386339501665,2,8,0,32,15,false
shortest_queue,120,0.16199460060990484,0,7,0,33,15,false
shortest_queue,120,0.16199460060990484,1,7,0,33,15,false
shortest_queue,120,0.16199460060990484,2,7,0,33,15,false
shortest_queue,120,0.16292019665445284,0,6,0,34,15,false
shortest_queue,120,0.16292019665445284,1,7,0,33,15,false
shortest_queue,120,0.16292019665445284,2,7,0,33,15,false
shortest_queue,120,0.16838675543673032,0,5,0,35,15,false
shortest_queue,120,0.16838675543673032,1,7,0,33,15,false
shortest_queue,120,0.16838675543673032,2,7,0,33,15,false
shortest_queue,120,0.16910871680568668,0,5,0,35,15,false
shortest_queue,120,0.16910871680568668,1,6,0,34,15,false
shortest_queue,120,0.16910871680568668,2,7,0,33,15,false
shortest_queue,120,0.16968490136945225,0,5,0,35,15,false
shortest_queue,120,0.16968490136945225,1,5,0,35,15,false
shortest_queue,120,0.16968490136945225,2,7,0,33,15,false
shortest_queue,120,0.17092864114272763,0,5,0,35,15,false
shortest_queue,120,0.17092864114272763,1,5,0,35,15,false
shortest_queue,120,0.17092864114272763,2,6,0,34,15,false
shortest_queue,120,0.17424896751278554,0,5,0,35,15,false
shortest_queue,120,0.17424896751278554,1,5,0,35,15,false
shortest_queue,120,0.17424896751278554,2,5,0,35,15,false
shortest_queue,120,0.17470651196118597,0,4,0,36,15,false
shortest_queue,120,0.17470651196118597,1,5,0,35,15,false
shortest_queue,120,0.17470651196118597,2,5,0,35,15,false
shortest_queue,120,0.1752646151798518,0,4,0,36,15,false
shortest_queue,120,0.1752646151798518,1,4,0,36,15,false
shortest_queue,120,0.1752646151798518,2,5,0,35,15,false
shortest_queue,120,0.17570241438892736,0,3,0,37,15,false
shortest_queue,120,0.17570241438892736,1,4,0,36,15,false
shortest_queue,120,0.17570241438892736,2,5,0,35,15,false
shortest_queue,120,0.1789408532748144,0,3,0,37,15,false
shortest_queue,120,0.1789408532748144,1,4,0,36,15,false
shortest_queue,120,0.1789408532748144,2,4,0,36,15,false
shortest_queue,120,0.17946093732699342,0,2,0,38,15,false
shortest_queue,120,0.17946093732699342,1,4,0,36,15,false
shortest_queue,120,0.17946093732699342,2,4,0,36,15,false
shortest_queue,120,0.1800413591474449,0,2,0,38,15,false
shortest_queue,120,0.1800413591474449,1,3,0,37,15,false
shortest_queue,120,0.1800413591474449,2,4,0,36,15,false
shortest_queue,120,0.18244016344686126,0,2,0,38,15,false
shortest_queue,120,0.18244016344686126,1,3,0,37,15,false
shortest_queue,120,0.18244016344686126,2,3,0,37,15,false
shortest_queue,120,0.1830174591641171,0,2,0,38,15,false
shortest_queue,120,0.1830174591641171,1,2,0,38,15,false
shortest_queue,120,0.1830174591641171,2,3,0,37,15,false
shortest_queue,120,0.18380083515614487,0,2,0,38,15,false
shortest_queue,120,0.18380083515614487,1,2,0,38,15,false
shortest_queue,120,0.18380083515614487,2,2,0,38,15,false
shortest_queue,120,0.18448973211511321,0,1,0,39,15,false
shortest_queue,120,0.18448973211511321,1,2,0,38,15,false
shortest_queue,120,0.18448973211511321,2,2,0,38,15,false
shortest_queue,120,0.1891185428666644,0,1,0,39,15,false
shortest_queue,120,0.1891185428666644,1,1,0,39,15,false
shortest_queue,120,0.1891185428666644,2,2,0,38,15,false
shortest_queue,120,0.18954486071031645,0,1,0,39,15,false
shortest_queue,120,0.18954486071031645,1,1,0,39,15,false
shortest_queue,120,0.18954486071031645,2,1,0,39,15,false
shortest_queue,120,0.19061886943545098,0,0,0,40,15,false
shortest_queue,120,0.19061886943545098,1,1,0,39,15,false
shortest_queue,120,0.19061886943545098,2,1,0,39,15,false
shortest_queue,120,0.19114130947039143,0,0,0,40,15,false
shortest_queue,120,0.19114130947039143,1,0,0,40,15,false
shortest_queue,120,0.19114130947039143,2,1,0,39,15,false
shortest_queue,120,0.19341043888971649,0,0,0,40,15,false
shortest_queue,120,0.19341043888971649,1,0,0,40,15,false
shortest_queue,120,0.19341043888971649,2,0,0,40,15,false
shortest_queue,120,200,0,0,0,40,15,false
shortest_queue,120,200,1,0,0,40,15,false
shortest_queue,120,200,2,0,0,40,15,false
